{
	"__comment": "Designed by MagicWorksMC with Cubik Studio - https://cubik.studio",
	"textures": {
		"particle": "item/othertextures/armghost5dem",
		"texture": "item/othertextures/armghost5dem"
	},
	"elements": [ 	 
		{
			"__comment": "Box1",
			"from": [ -2, 0, -2 ],
			"to": [ -1, 6, -1 ],
			"faces": {
				"down": { "uv": [ 14, 1, 15, 2 ], "texture": "#texture" },
				"up": { "uv": [ 14, 14, 15, 15 ], "texture": "#texture" },
				"north": { "uv": [ 1, 10, 2, 16 ], "texture": "#texture" },
				"south": { "uv": [ 14, 10, 15, 16 ], "texture": "#texture" },
				"west": { "uv": [ 14, 10, 15, 16 ], "texture": "#texture" },
				"east": { "uv": [ 1, 10, 2, 16 ], "texture": "#texture" }
			}
		}
	],
	"display": {
		"thirdperson_righthand": {
			"rotation":  [ 90, 90, 0 ],
			"translation":  [ 37.95, 36, 15.999 ],
			"scale":  [ 4, 2, 4 ]
		},
		"thirdperson_lefthand": {
			"rotation":  [ 90, 90, 0 ],
			"translation":  [ 37.95, -40, 15.999 ],
			"scale":  [ 4, 2, 4 ]
		}
	}
}