{
	"__comment": "Designed by CapenGoggles with Cubik Studio - https://cubik.studio",
	"textures": {
		"particle": "item/othertextures/clock5d_m",
		"extras": "item/signtextures/servelevsignextras",
		"texture": "item/othertextures/clock5d_m"
	},
	"elements": [ 	 
		{
			"__comment": "Voxels",
			"from": [ 6.5, 1.5, 13.25 ],
			"to": [ 18.5, 2.5, 14.75 ],
			"faces": {
				"down": { "uv": [ 0, 15.25, 6, 16 ], "texture": "#texture", "cullface": "east" },
				"up": { "uv": [ 6, 16, 12, 15.25 ], "texture": "#texture", "cullface": "east" },
				"north": { "uv": [ 6, 14.75, 0, 15.25 ], "texture": "#texture", "cullface": "east" },
				"south": { "uv": [ 6, 14.75, 12, 15.25 ], "texture": "#texture", "cullface": "east" },
				"west": { "uv": [ 15.25, 10.75, 16, 11.25 ], "texture": "#texture", "cullface": "east" },
				"east": { "uv": [ 4.75, 6.25, 4, 6.75 ], "texture": "#texture", "cullface": "east" }
			}
		},
		{
			"__comment": "Voxels",
			"from": [ 6.5, 2.5, 13.25 ],
			"to": [ 7, 2.75, 14.75 ],
			"faces": {
				"down": { "uv": [ 5.25, 3.75, 5.5, 4.5 ], "texture": "#texture" },
				"up": { "uv": [ 4.75, 5.25, 5, 4.5 ], "texture": "#texture" },
				"north": { "uv": [ 13.75, 5.875, 13.5, 6 ], "texture": "#texture" },
				"south": { "uv": [ 13.75, 5.875, 14, 6 ], "texture": "#texture" },
				"west": { "uv": [ 15.25, 9.25, 16, 9.375 ], "texture": "#texture" },
				"east": { "uv": [ 16, 8.625, 15.25, 8.75 ], "texture": "#texture" }
			}
		},
		{
			"__comment": "Voxels",
			"from": [ 6.75, 1.5, 12.25 ],
			"to": [ 18.25, 2.5, 13.25 ],
			"faces": {
				"down": { "uv": [ 0, 13.75, 5.75, 14.25 ], "texture": "#texture", "cullface": "east" },
				"up": { "uv": [ 5.75, 14.25, 11.5, 13.75 ], "texture": "#texture", "cullface": "east" },
				"north": { "uv": [ 5.75, 13.25, 0, 13.75 ], "texture": "#texture", "cullface": "east" },
				"south": { "uv": [ 5.75, 13.25, 11.5, 13.75 ], "texture": "#texture", "cullface": "east" },
				"west": { "uv": [ 4.25, 8.25, 4.75, 8.75 ], "texture": "#texture", "cullface": "east" },
				"east": { "uv": [ 4.75, 7.75, 4.25, 8.25 ], "texture": "#texture", "cullface": "east" }
			}
		},
		{
			"__comment": "Voxels",
			"from": [ 6.75, 1.5, 14.75 ],
			"to": [ 18.25, 2.5, 15.75 ],
			"faces": {
				"down": { "uv": [ 0, 12.75, 5.75, 13.25 ], "texture": "#texture", "cullface": "east" },
				"up": { "uv": [ 5.75, 13.25, 11.5, 12.75 ], "texture": "#texture", "cullface": "east" },
				"north": { "uv": [ 5.75, 14.25, 0, 14.75 ], "texture": "#texture", "cullface": "east" },
				"south": { "uv": [ 5.75, 14.25, 11.5, 14.75 ], "texture": "#texture", "cullface": "east" },
				"west": { "uv": [ 4.25, 7.25, 4.75, 7.75 ], "texture": "#texture", "cullface": "east" },
				"east": { "uv": [ 4.75, 6.75, 4.25, 7.25 ], "texture": "#texture", "cullface": "east" }
			}
		},
		{
			"__comment": "Voxels",
			"from": [ 6.75, 2.5, 12.25 ],
			"to": [ 7.25, 2.75, 13.25 ],
			"faces": {
				"down": { "uv": [ 4, 0, 4.25, 0.5 ], "texture": "#texture" },
				"up": { "uv": [ 4.5, 2.25, 4.75, 1.75 ], "texture": "#texture" },
				"north": { "uv": [ 14.75, 5.875, 14.5, 6 ], "texture": "#texture" },
				"south": { "uv": [ 6.25, 6.375, 6.5, 6.5 ], "texture": "#texture" },
				"west": { "uv": [ 6, 1.5, 6.5, 1.625 ], "texture": "#texture" },
				"east": { "uv": [ 6.5, 1.375, 6, 1.5 ], "texture": "#texture" }
			}
		},
		{
			"__comment": "Voxels",
			"from": [ 6.75, 2.5, 14.75 ],
			"to": [ 7.25, 2.75, 15.75 ],
			"faces": {
				"down": { "uv": [ 4.25, 1.75, 4.5, 2.25 ], "texture": "#texture" },
				"up": { "uv": [ 15.75, 11.75, 16, 11.25 ], "texture": "#texture" },
				"north": { "uv": [ 6.5, 5.75, 6.25, 5.875 ], "texture": "#texture" },
				"south": { "uv": [ 6.25, 3.625, 6.5, 3.75 ], "texture": "#texture" },
				"west": { "uv": [ 6, 1.25, 6.5, 1.375 ], "texture": "#texture" },
				"east": { "uv": [ 6.5, 1.125, 6, 1.25 ], "texture": "#texture" }
			}
		},
		{
			"__comment": "Voxels",
			"from": [ 7, 1.5, 11.5 ],
			"to": [ 18, 2.5, 12.25 ],
			"faces": {
				"down": { "uv": [ 10.25, 10, 15.75, 10.375 ], "texture": "#texture", "cullface": "east" },
				"up": { "uv": [ 4.75, 10.375, 10.25, 10 ], "texture": "#texture", "cullface": "east" },
				"north": { "uv": [ 5.5, 12.25, 0, 12.75 ], "texture": "#texture", "cullface": "east" },
				"south": { "uv": [ 5.5, 12.25, 11, 12.75 ], "texture": "#texture", "cullface": "east" },
				"west": { "uv": [ 4.25, 2.75, 4.625, 3.25 ], "texture": "#texture", "cullface": "east" },
				"east": { "uv": [ 4.625, 3.25, 4.25, 3.75 ], "texture": "#texture", "cullface": "east" }
			}
		},
		{
			"__comment": "Voxels",
			"from": [ 7, 1.5, 15.75 ],
			"to": [ 18, 2.5, 16.5 ],
			"faces": {
				"down": { "uv": [ 4.75, 10.375, 10.25, 10.75 ], "texture": "#texture", "cullface": "east" },
				"up": { "uv": [ 10.25, 10.75, 15.75, 10.375 ], "texture": "#texture", "cullface": "east" },
				"north": { "uv": [ 11, 11.75, 5.5, 12.25 ], "texture": "#texture", "cullface": "east" },
				"south": { "uv": [ 0, 11.75, 5.5, 12.25 ], "texture": "#texture", "cullface": "east" },
				"west": { "uv": [ 4.375, 5.75, 4.75, 6.25 ], "texture": "#texture", "cullface": "east" },
				"east": { "uv": [ 4.375, 5.75, 4, 6.25 ], "texture": "#texture", "cullface": "east" }
			}
		},
		{
			"__comment": "Voxels",
			"from": [ 7, 2.5, 11.5 ],
			"to": [ 7.5, 2.75, 12.25 ],
			"faces": {
				"down": { "uv": [ 8.75, 0, 9, 0.375 ], "texture": "#texture" },
				"up": { "uv": [ 9, 0.375, 9.25, 0 ], "texture": "#texture" },
				"north": { "uv": [ 6.5, 3.5, 6.25, 3.625 ], "texture": "#texture" },
				"south": { "uv": [ 9, 5.5, 9.25, 5.625 ], "texture": "#texture" },
				"west": { "uv": [ 6.125, 3.375, 6.5, 3.5 ], "texture": "#texture" },
				"east": { "uv": [ 6.5, 3.25, 6.125, 3.375 ], "texture": "#texture" }
			}
		},
		{
			"__comment": "Voxels",
			"from": [ 7, 2.5, 15.75 ],
			"to": [ 7.5, 2.75, 16.5 ],
			"faces": {
				"down": { "uv": [ 15.75, 10, 16, 10.375 ], "texture": "#texture", "cullface": "south" },
				"up": { "uv": [ 8.5, 0.75, 8.75, 0.375 ], "texture": "#texture", "cullface": "south" },
				"north": { "uv": [ 9.25, 5.375, 9, 5.5 ], "texture": "#texture", "cullface": "south" },
				"south": { "uv": [ 9, 5.25, 9.25, 5.375 ], "texture": "#texture", "cullface": "south" },
				"west": { "uv": [ 12.75, 6.125, 13.125, 6.25 ], "texture": "#texture", "cullface": "south" },
				"east": { "uv": [ 12.75, 6.125, 12.375, 6.25 ], "texture": "#texture", "cullface": "south" }
			}
		},
		{
			"__comment": "Voxels",
			"from": [ 7.25, 1.5, 11 ],
			"to": [ 17.75, 2.5, 11.5 ],
			"faces": {
				"down": { "uv": [ 7.75, 9.75, 13, 10 ], "texture": "#texture", "cullface": "east" },
				"up": { "uv": [ 7.75, 9.75, 13, 9.5 ], "texture": "#texture", "cullface": "east" },
				"north": { "uv": [ 10.5, 11.25, 5.25, 11.75 ], "texture": "#texture", "cullface": "east" },
				"south": { "uv": [ 10.5, 11.25, 15.75, 11.75 ], "texture": "#texture", "cullface": "east" },
				"west": { "uv": [ 6.5, 0, 6.75, 0.5 ], "texture": "#texture", "cullface": "east" },
				"east": { "uv": [ 6.5, 0, 6.25, 0.5 ], "texture": "#texture", "cullface": "east" }
			}
		},
		{
			"__comment": "Voxels",
			"from": [ 7.25, 1.5, 16.5 ],
			"to": [ 17.75, 2.5, 17 ],
			"faces": {
				"down": { "uv": [ 10, 9.25, 15.25, 9.5 ], "texture": "#texture", "cullface": "south" },
				"up": { "uv": [ 4.75, 9.5, 10, 9.25 ], "texture": "#texture", "cullface": "south" },
				"north": { "uv": [ 5.25, 11.25, 0, 11.75 ], "texture": "#texture", "cullface": "south" },
				"south": { "uv": [ 0, 10.75, 5.25, 11.25 ], "texture": "#texture", "cullface": "south" },
				"west": { "uv": [ 4.25, 0, 4.5, 0.5 ], "texture": "#texture", "cullface": "south" },
				"east": { "uv": [ 4.75, 0, 4.5, 0.5 ], "texture": "#texture", "cullface": "south" }
			}
		},
		{
			"__comment": "Voxels",
			"from": [ 7.25, 2.5, 11 ],
			"to": [ 7.75, 2.75, 11.5 ],
			"faces": {
				"down": { "uv": [ 9.375, 6.25, 9.625, 6.5 ], "texture": "#texture" },
				"up": { "uv": [ 9.375, 6.25, 9.625, 6 ], "texture": "#texture" },
				"north": { "uv": [ 9.25, 5.125, 9, 5.25 ], "texture": "#texture" },
				"south": { "uv": [ 9, 5, 9.25, 5.125 ], "texture": "#texture" },
				"west": { "uv": [ 9, 4.875, 9.25, 5 ], "texture": "#texture" },
				"east": { "uv": [ 9.25, 4.75, 9, 4.875 ], "texture": "#texture" }
			}
		},
		{
			"__comment": "Voxels",
			"from": [ 7.25, 2.5, 16.5 ],
			"to": [ 7.75, 2.75, 17 ],
			"faces": {
				"down": { "uv": [ 9.375, 5.75, 9.625, 6 ], "texture": "#texture", "cullface": "south" },
				"up": { "uv": [ 9.375, 5.75, 9.625, 5.5 ], "texture": "#texture", "cullface": "south" },
				"north": { "uv": [ 9.25, 4.625, 9, 4.75 ], "texture": "#texture", "cullface": "south" },
				"south": { "uv": [ 9, 4.5, 9.25, 4.625 ], "texture": "#texture", "cullface": "south" },
				"west": { "uv": [ 9, 4.375, 9.25, 4.5 ], "texture": "#texture", "cullface": "south" },
				"east": { "uv": [ 9.25, 4.25, 9, 4.375 ], "texture": "#texture", "cullface": "south" }
			}
		},
		{
			"__comment": "Voxels",
			"from": [ 7.5, 1.5, 10.75 ],
			"to": [ 17.5, 2.5, 11 ],
			"faces": {
				"down": { "uv": [ 6.5, 8.125, 11.5, 8.25 ], "texture": "#texture", "cullface": "east" },
				"up": { "uv": [ 6.5, 8.125, 11.5, 8 ], "texture": "#texture", "cullface": "east" },
				"north": { "uv": [ 15.25, 10.75, 10.25, 11.25 ], "texture": "#texture", "cullface": "east" },
				"south": { "uv": [ 5.25, 10.75, 10.25, 11.25 ], "texture": "#texture", "cullface": "east" },
				"west": { "uv": [ 9.25, 0, 9.375, 0.5 ], "texture": "#texture", "cullface": "east" },
				"east": { "uv": [ 9.5, 5, 9.375, 5.5 ], "texture": "#texture", "cullface": "east" }
			}
		},
		{
			"__comment": "Voxels",
			"from": [ 7.5, 1.5, 17 ],
			"to": [ 17.5, 2.5, 17.25 ],
			"faces": {
				"down": { "uv": [ 6.5, 7.75, 11.5, 7.875 ], "texture": "#texture", "cullface": "south" },
				"up": { "uv": [ 6.5, 8, 11.5, 7.875 ], "texture": "#texture", "cullface": "south" },
				"north": { "uv": [ 16, 12.25, 11, 12.75 ], "texture": "#texture", "cullface": "south" },
				"south": { "uv": [ 11, 11.75, 16, 12.25 ], "texture": "#texture", "cullface": "south" },
				"west": { "uv": [ 9.5, 5, 9.625, 5.5 ], "texture": "#texture", "cullface": "south" },
				"east": { "uv": [ 9.5, 4.5, 9.375, 5 ], "texture": "#texture", "cullface": "south" }
			}
		},
		{
			"__comment": "Voxels",
			"from": [ 7.5, 2.5, 10.75 ],
			"to": [ 8, 2.75, 11 ],
			"faces": {
				"down": { "uv": [ 9, 4.125, 9.25, 4.25 ], "texture": "#texture" },
				"up": { "uv": [ 15.75, 6.5, 16, 6.375 ], "texture": "#texture" },
				"north": { "uv": [ 16, 6.25, 15.75, 6.375 ], "texture": "#texture" },
				"south": { "uv": [ 15, 6.125, 15.25, 6.25 ], "texture": "#texture" },
				"west": { "uv": [ 15.375, 5.75, 15.5, 5.875 ], "texture": "#texture" },
				"east": { "uv": [ 15.375, 5.75, 15.25, 5.875 ], "texture": "#texture" }
			}
		},
		{
			"__comment": "Voxels",
			"from": [ 7.5, 2.5, 17 ],
			"to": [ 8, 2.75, 17.25 ],
			"faces": {
				"down": { "uv": [ 15.25, 6.125, 15.5, 6.25 ], "texture": "#texture", "cullface": "south" },
				"up": { "uv": [ 15.5, 6.25, 15.75, 6.125 ], "texture": "#texture", "cullface": "south" },
				"north": { "uv": [ 16, 6.125, 15.75, 6.25 ], "texture": "#texture", "cullface": "south" },
				"south": { "uv": [ 9.75, 6, 10, 6.125 ], "texture": "#texture", "cullface": "south" },
				"west": { "uv": [ 14.875, 5.75, 15, 5.875 ], "texture": "#texture", "cullface": "south" },
				"east": { "uv": [ 14.875, 5.75, 14.75, 5.875 ], "texture": "#texture", "cullface": "south" }
			}
		},
		{
			"__comment": "Voxels",
			"from": [ 7.75, 1.5, 10.25 ],
			"to": [ 17.25, 2.5, 10.75 ],
			"faces": {
				"down": { "uv": [ 9.5, 8.25, 14.25, 8.5 ], "texture": "#texture", "cullface": "east" },
				"up": { "uv": [ 4.75, 8.75, 9.5, 8.5 ], "texture": "#texture", "cullface": "east" },
				"north": { "uv": [ 4.75, 10.25, 0, 10.75 ], "texture": "#texture", "cullface": "east" },
				"south": { "uv": [ 0, 9.75, 4.75, 10.25 ], "texture": "#texture", "cullface": "east" },
				"west": { "uv": [ 15.5, 9.5, 15.75, 10 ], "texture": "#texture", "cullface": "east" },
				"east": { "uv": [ 16, 9.5, 15.75, 10 ], "texture": "#texture", "cullface": "east" }
			}
		},
		{
			"__comment": "Voxels",
			"from": [ 7.75, 1.5, 17.25 ],
			"to": [ 17.25, 2.5, 17.75 ],
			"faces": {
				"down": { "uv": [ 9.5, 8.5, 14.25, 8.75 ], "texture": "#texture", "cullface": "south" },
				"up": { "uv": [ 4.75, 8.5, 9.5, 8.25 ], "texture": "#texture", "cullface": "south" },
				"north": { "uv": [ 4.75, 8.75, 0, 9.25 ], "texture": "#texture", "cullface": "south" },
				"south": { "uv": [ 0, 9.25, 4.75, 9.75 ], "texture": "#texture", "cullface": "south" },
				"west": { "uv": [ 6.25, 6.5, 6.5, 7 ], "texture": "#texture", "cullface": "south" },
				"east": { "uv": [ 6.5, 5.875, 6.25, 6.375 ], "texture": "#texture", "cullface": "south" }
			}
		},
		{
			"__comment": "Voxels",
			"from": [ 7.75, 2.5, 10.25 ],
			"to": [ 8.25, 2.75, 10.75 ],
			"faces": {
				"down": { "uv": [ 9.375, 2.75, 9.625, 3 ], "texture": "#texture" },
				"up": { "uv": [ 9.375, 2.75, 9.625, 2.5 ], "texture": "#texture" },
				"north": { "uv": [ 10.25, 6, 10, 6.125 ], "texture": "#texture" },
				"south": { "uv": [ 10.25, 6, 10.5, 6.125 ], "texture": "#texture" },
				"west": { "uv": [ 10.5, 6, 10.75, 6.125 ], "texture": "#texture" },
				"east": { "uv": [ 11, 6, 10.75, 6.125 ], "texture": "#texture" }
			}
		},
		{
			"__comment": "Voxels",
			"from": [ 7.75, 2.5, 17.25 ],
			"to": [ 8.25, 2.75, 17.75 ],
			"faces": {
				"down": { "uv": [ 9.375, 1.75, 9.625, 2 ], "texture": "#texture", "cullface": "south" },
				"up": { "uv": [ 9.375, 1.75, 9.625, 1.5 ], "texture": "#texture", "cullface": "south" },
				"north": { "uv": [ 11.25, 6, 11, 6.125 ], "texture": "#texture", "cullface": "south" },
				"south": { "uv": [ 11.25, 6, 11.5, 6.125 ], "texture": "#texture", "cullface": "south" },
				"west": { "uv": [ 11.5, 6, 11.75, 6.125 ], "texture": "#texture", "cullface": "south" },
				"east": { "uv": [ 12, 6, 11.75, 6.125 ], "texture": "#texture", "cullface": "south" }
			}
		},
		{
			"__comment": "Voxels",
			"from": [ 8, 1.5, 10 ],
			"to": [ 17, 2.5, 10.25 ],
			"faces": {
				"down": { "uv": [ 11.5, 7.875, 16, 8 ], "texture": "#texture", "cullface": "east" },
				"up": { "uv": [ 11.5, 8.25, 16, 8.125 ], "texture": "#texture", "cullface": "east" },
				"north": { "uv": [ 16, 14.25, 11.5, 14.75 ], "texture": "#texture", "cullface": "east" },
				"south": { "uv": [ 11.5, 13.75, 16, 14.25 ], "texture": "#texture", "cullface": "east" },
				"west": { "uv": [ 9.25, 1, 9.375, 1.5 ], "texture": "#texture", "cullface": "east" },
				"east": { "uv": [ 4.75, 2.75, 4.625, 3.25 ], "texture": "#texture", "cullface": "east" }
			}
		},
		{
			"__comment": "Voxels",
			"from": [ 8, 1.5, 17.75 ],
			"to": [ 17, 2.5, 18 ],
			"faces": {
				"down": { "uv": [ 11.5, 8, 16, 8.125 ], "texture": "#texture", "cullface": "south" },
				"up": { "uv": [ 11.5, 7.875, 16, 7.75 ], "texture": "#texture", "cullface": "south" },
				"north": { "uv": [ 16, 12.75, 11.5, 13.25 ], "texture": "#texture", "cullface": "south" },
				"south": { "uv": [ 11.5, 13.25, 16, 13.75 ], "texture": "#texture", "cullface": "south" },
				"west": { "uv": [ 9.375, 3, 9.5, 3.5 ], "texture": "#texture", "cullface": "south" },
				"east": { "uv": [ 9.625, 3, 9.5, 3.5 ], "texture": "#texture", "cullface": "south" }
			}
		},
		{
			"__comment": "Voxels",
			"from": [ 8, 2.5, 10 ],
			"to": [ 8.5, 2.75, 10.25 ],
			"faces": {
				"down": { "uv": [ 12.25, 5.875, 12.5, 6 ], "texture": "#texture" },
				"up": { "uv": [ 12, 6, 12.25, 5.875 ], "texture": "#texture" },
				"north": { "uv": [ 10, 4.5, 9.75, 4.625 ], "texture": "#texture" },
				"south": { "uv": [ 9.75, 4.625, 10, 4.75 ], "texture": "#texture" },
				"west": { "uv": [ 12.75, 5.75, 12.875, 5.875 ], "texture": "#texture" },
				"east": { "uv": [ 12.5, 5.75, 12.375, 5.875 ], "texture": "#texture" }
			}
		},
		{
			"__comment": "Voxels",
			"from": [ 8, 2.5, 17.75 ],
			"to": [ 8.5, 2.75, 18 ],
			"faces": {
				"down": { "uv": [ 14.5, 6, 14.75, 6.125 ], "texture": "#texture", "cullface": "south" },
				"up": { "uv": [ 9.75, 5.125, 10, 5 ], "texture": "#texture", "cullface": "south" },
				"north": { "uv": [ 10, 5.125, 9.75, 5.25 ], "texture": "#texture", "cullface": "south" },
				"south": { "uv": [ 9.75, 5.25, 10, 5.375 ], "texture": "#texture", "cullface": "south" },
				"west": { "uv": [ 10, 0.5, 10.125, 0.625 ], "texture": "#texture", "cullface": "south" },
				"east": { "uv": [ 10.125, 0.625, 10, 0.75 ], "texture": "#texture", "cullface": "south" }
			}
		},
		{
			"__comment": "Voxels",
			"from": [ 8.25, 1.5, 9.75 ],
			"to": [ 16.75, 2.5, 10 ],
			"faces": {
				"down": { "uv": [ 10.75, 7.625, 15, 7.75 ], "texture": "#texture", "cullface": "east" },
				"up": { "uv": [ 10.75, 7.625, 15, 7.5 ], "texture": "#texture", "cullface": "east" },
				"north": { "uv": [ 4.25, 7.25, 0, 7.75 ], "texture": "#texture", "cullface": "east" },
				"south": { "uv": [ 0, 7.75, 4.25, 8.25 ], "texture": "#texture", "cullface": "east" },
				"west": { "uv": [ 4.625, 3.25, 4.75, 3.75 ], "texture": "#texture", "cullface": "east" },
				"east": { "uv": [ 7.625, 0, 7.5, 0.5 ], "texture": "#texture", "cullface": "east" }
			}
		},
		{
			"__comment": "Voxels",
			"from": [ 8.25, 1.5, 18 ],
			"to": [ 16.75, 2.5, 18.25 ],
			"faces": {
				"down": { "uv": [ 6.5, 7.5, 10.75, 7.625 ], "texture": "#texture", "cullface": "south" },
				"up": { "uv": [ 6.5, 7.75, 10.75, 7.625 ], "texture": "#texture", "cullface": "south" },
				"north": { "uv": [ 4.25, 8.25, 0, 8.75 ], "texture": "#texture", "cullface": "south" },
				"south": { "uv": [ 0, 6.75, 4.25, 7.25 ], "texture": "#texture", "cullface": "south" },
				"west": { "uv": [ 9.25, 0.5, 9.375, 1 ], "texture": "#texture", "cullface": "south" },
				"east": { "uv": [ 9.625, 4.5, 9.5, 5 ], "texture": "#texture", "cullface": "south" }
			}
		},
		{
			"__comment": "Voxels",
			"from": [ 8.25, 2.5, 9.75 ],
			"to": [ 8.75, 2.75, 10 ],
			"faces": {
				"down": { "uv": [ 9.75, 5.625, 10, 5.75 ], "texture": "#texture" },
				"up": { "uv": [ 9.75, 5.875, 10, 5.75 ], "texture": "#texture" },
				"north": { "uv": [ 10, 5.875, 9.75, 6 ], "texture": "#texture" },
				"south": { "uv": [ 15.75, 6, 16, 6.125 ], "texture": "#texture" },
				"west": { "uv": [ 10, 3.25, 10.125, 3.375 ], "texture": "#texture" },
				"east": { "uv": [ 10.125, 3.375, 10, 3.5 ], "texture": "#texture" }
			}
		},
		{
			"__comment": "Voxels",
			"from": [ 8.25, 2.5, 18 ],
			"to": [ 8.75, 2.75, 18.25 ],
			"faces": {
				"down": { "uv": [ 15.5, 6, 15.75, 6.125 ], "texture": "#texture", "cullface": "south" },
				"up": { "uv": [ 15.25, 6.125, 15.5, 6 ], "texture": "#texture", "cullface": "south" },
				"north": { "uv": [ 15.25, 6, 15, 6.125 ], "texture": "#texture", "cullface": "south" },
				"south": { "uv": [ 14.75, 6, 15, 6.125 ], "texture": "#texture", "cullface": "south" },
				"west": { "uv": [ 10, 5, 10.125, 5.125 ], "texture": "#texture", "cullface": "south" },
				"east": { "uv": [ 13.625, 5.75, 13.5, 5.875 ], "texture": "#texture", "cullface": "south" }
			}
		},
		{
			"__comment": "Voxels",
			"from": [ 8.5, 1.5, 9.5 ],
			"to": [ 16.5, 2.5, 9.75 ],
			"faces": {
				"down": { "uv": [ 6.5, 7.375, 10.5, 7.5 ], "texture": "#texture", "cullface": "east" },
				"up": { "uv": [ 12, 15.5, 16, 15.375 ], "texture": "#texture", "cullface": "east" },
				"north": { "uv": [ 16, 15.5, 12, 16 ], "texture": "#texture", "cullface": "east" },
				"south": { "uv": [ 12, 14.75, 16, 15.25 ], "texture": "#texture", "cullface": "east" },
				"west": { "uv": [ 9.375, 3.5, 9.5, 4 ], "texture": "#texture", "cullface": "east" },
				"east": { "uv": [ 9.625, 3.5, 9.5, 4 ], "texture": "#texture", "cullface": "east" }
			}
		},
		{
			"__comment": "Voxels",
			"from": [ 8.5, 1.5, 18.25 ],
			"to": [ 16.5, 2.5, 18.5 ],
			"faces": {
				"down": { "uv": [ 10.5, 7.375, 14.5, 7.5 ], "texture": "#texture", "cullface": "south" },
				"up": { "uv": [ 12, 15.375, 16, 15.25 ], "texture": "#texture", "cullface": "south" },
				"north": { "uv": [ 4, 5.75, 0, 6.25 ], "texture": "#texture", "cullface": "south" },
				"south": { "uv": [ 0, 6.25, 4, 6.75 ], "texture": "#texture", "cullface": "south" },
				"west": { "uv": [ 9.375, 2, 9.5, 2.5 ], "texture": "#texture", "cullface": "south" },
				"east": { "uv": [ 9.625, 2, 9.5, 2.5 ], "texture": "#texture", "cullface": "south" }
			}
		},
		{
			"__comment": "Voxels",
			"from": [ 8.5, 2.5, 9.5 ],
			"to": [ 9.25, 2.75, 9.75 ],
			"faces": {
				"down": { "uv": [ 14.625, 6.25, 15, 6.375 ], "texture": "#texture" },
				"up": { "uv": [ 15.375, 6.5, 15.75, 6.375 ], "texture": "#texture" },
				"north": { "uv": [ 15.75, 6.25, 15.375, 6.375 ], "texture": "#texture" },
				"south": { "uv": [ 14.625, 6.375, 15, 6.5 ], "texture": "#texture" },
				"west": { "uv": [ 10, 4, 10.125, 4.125 ], "texture": "#texture" },
				"east": { "uv": [ 10.125, 4.125, 10, 4.25 ], "texture": "#texture" }
			}
		},
		{
			"__comment": "Voxels",
			"from": [ 8.5, 2.5, 18.25 ],
			"to": [ 9.25, 2.75, 18.5 ],
			"faces": {
				"down": { "uv": [ 13.125, 6.125, 13.5, 6.25 ], "texture": "#texture", "cullface": "south" },
				"up": { "uv": [ 11.625, 6.5, 12, 6.375 ], "texture": "#texture", "cullface": "south" },
				"north": { "uv": [ 11.625, 6.25, 11.25, 6.375 ], "texture": "#texture", "cullface": "south" },
				"south": { "uv": [ 11.25, 6.375, 11.625, 6.5 ], "texture": "#texture", "cullface": "south" },
				"west": { "uv": [ 10, 0.375, 10.125, 0.5 ], "texture": "#texture", "cullface": "south" },
				"east": { "uv": [ 10.125, 0.25, 10, 0.375 ], "texture": "#texture", "cullface": "south" }
			}
		},
		{
			"__comment": "Voxels",
			"from": [ 8.75, 1.5, 9.25 ],
			"to": [ 16.25, 2.5, 9.5 ],
			"faces": {
				"down": { "uv": [ 12.25, 8.875, 16, 9 ], "texture": "#texture", "cullface": "east" },
				"up": { "uv": [ 12.25, 9.125, 16, 9 ], "texture": "#texture", "cullface": "east" },
				"north": { "uv": [ 3.75, 3.75, 0, 4.25 ], "texture": "#texture", "cullface": "east" },
				"south": { "uv": [ 0, 5.25, 3.75, 5.75 ], "texture": "#texture", "cullface": "east" },
				"west": { "uv": [ 9.625, 4.5, 9.75, 5 ], "texture": "#texture", "cullface": "east" },
				"east": { "uv": [ 9.75, 0.5, 9.625, 1 ], "texture": "#texture", "cullface": "east" }
			}
		},
		{
			"__comment": "Voxels",
			"from": [ 8.75, 1.5, 18.5 ],
			"to": [ 16.25, 2.5, 18.75 ],
			"faces": {
				"down": { "uv": [ 12.25, 8.75, 16, 8.875 ], "texture": "#texture", "cullface": "south" },
				"up": { "uv": [ 12.25, 9.25, 16, 9.125 ], "texture": "#texture", "cullface": "south" },
				"north": { "uv": [ 3.75, 4.75, 0, 5.25 ], "texture": "#texture", "cullface": "south" },
				"south": { "uv": [ 0, 4.25, 3.75, 4.75 ], "texture": "#texture", "cullface": "south" },
				"west": { "uv": [ 9.5, 4, 9.625, 4.5 ], "texture": "#texture", "cullface": "south" },
				"east": { "uv": [ 9.5, 4, 9.375, 4.5 ], "texture": "#texture", "cullface": "south" }
			}
		},
		{
			"__comment": "Voxels",
			"from": [ 8.75, 2.5, 9.25 ],
			"to": [ 9.5, 2.75, 9.5 ],
			"faces": {
				"down": { "uv": [ 13.125, 6.25, 13.5, 6.375 ], "texture": "#texture" },
				"up": { "uv": [ 11.625, 6.25, 12, 6.125 ], "texture": "#texture" },
				"north": { "uv": [ 12.375, 6.125, 12, 6.25 ], "texture": "#texture" },
				"south": { "uv": [ 6.125, 3.125, 6.5, 3.25 ], "texture": "#texture" },
				"west": { "uv": [ 11.375, 5.75, 11.5, 5.875 ], "texture": "#texture" },
				"east": { "uv": [ 11.625, 5.75, 11.5, 5.875 ], "texture": "#texture" }
			}
		},
		{
			"__comment": "Voxels",
			"from": [ 8.75, 2.5, 13.5 ],
			"to": [ 10.75, 2.75, 14.5 ],
			"faces": {
				"down": { "uv": [ 3.75, 3.75, 4.75, 4.25 ], "texture": "#texture" },
				"up": { "uv": [ 3.75, 4.75, 4.75, 4.25 ], "texture": "#texture" },
				"north": { "uv": [ 16, 7.625, 15, 7.75 ], "texture": "#texture" },
				"south": { "uv": [ 15, 7.5, 16, 7.625 ], "texture": "#texture" },
				"west": { "uv": [ 14.25, 6.5, 14.75, 6.625 ], "texture": "#texture" },
				"east": { "uv": [ 14.25, 6.5, 13.75, 6.625 ], "texture": "#texture" }
			}
		},
		{
			"__comment": "Voxels",
			"from": [ 8.75, 2.5, 18.5 ],
			"to": [ 9.5, 2.75, 18.75 ],
			"faces": {
				"down": { "uv": [ 10.125, 6.125, 10.5, 6.25 ], "texture": "#texture", "cullface": "south" },
				"up": { "uv": [ 9.75, 6.25, 10.125, 6.125 ], "texture": "#texture", "cullface": "south" },
				"north": { "uv": [ 14.25, 6.25, 13.875, 6.375 ], "texture": "#texture", "cullface": "south" },
				"south": { "uv": [ 13.875, 6.375, 14.25, 6.5 ], "texture": "#texture", "cullface": "south" },
				"west": { "uv": [ 9.125, 2.625, 9.25, 2.75 ], "texture": "#texture", "cullface": "south" },
				"east": { "uv": [ 9.25, 2.5, 9.125, 2.625 ], "texture": "#texture", "cullface": "south" }
			}
		},
		{
			"__comment": "Voxels",
			"from": [ 9, 2.5, 12.5 ],
			"to": [ 11.5, 2.75, 12.75 ],
			"faces": {
				"down": { "uv": [ 4.75, 0.375, 6, 0.5 ], "texture": "#texture" },
				"up": { "uv": [ 4.75, 1.125, 6, 1 ], "texture": "#texture" },
				"north": { "uv": [ 6, 1.625, 4.75, 1.75 ], "texture": "#texture" },
				"south": { "uv": [ 4.75, 1.375, 6, 1.5 ], "texture": "#texture" },
				"west": { "uv": [ 9.125, 2.375, 9.25, 2.5 ], "texture": "#texture" },
				"east": { "uv": [ 9.25, 1, 9.125, 1.125 ], "texture": "#texture" }
			}
		},
		{
			"__comment": "Voxels",
			"from": [ 9, 2.5, 12.75 ],
			"to": [ 11.25, 2.75, 13 ],
			"faces": {
				"down": { "uv": [ 6.5, 1.25, 7.625, 1.375 ], "texture": "#texture" },
				"up": { "uv": [ 6.5, 1.25, 7.625, 1.125 ], "texture": "#texture" },
				"north": { "uv": [ 7.625, 1, 6.5, 1.125 ], "texture": "#texture" },
				"south": { "uv": [ 6.5, 1.5, 7.625, 1.625 ], "texture": "#texture" },
				"west": { "uv": [ 9.125, 0.875, 9.25, 1 ], "texture": "#texture" },
				"east": { "uv": [ 9.25, 0.75, 9.125, 0.875 ], "texture": "#texture" }
			}
		},
		{
			"__comment": "Voxels",
			"from": [ 9, 2.5, 13 ],
			"to": [ 11, 2.75, 13.5 ],
			"faces": {
				"down": { "uv": [ 3.25, 1.75, 4.25, 2 ], "texture": "#texture" },
				"up": { "uv": [ 3, 0.5, 4, 0.25 ], "texture": "#texture" },
				"north": { "uv": [ 6.5, 4.125, 5.5, 4.25 ], "texture": "#texture" },
				"south": { "uv": [ 5.5, 4, 6.5, 4.125 ], "texture": "#texture" },
				"west": { "uv": [ 12.75, 6, 13, 6.125 ], "texture": "#texture" },
				"east": { "uv": [ 12.75, 6, 12.5, 6.125 ], "texture": "#texture" }
			}
		},
		{
			"__comment": "Voxels",
			"from": [ 9, 2.5, 14.5 ],
			"to": [ 11, 2.75, 15.5 ],
			"faces": {
				"down": { "uv": [ 3.25, 3.25, 4.25, 3.75 ], "texture": "#texture" },
				"up": { "uv": [ 3.25, 3.25, 4.25, 2.75 ], "texture": "#texture" },
				"north": { "uv": [ 6.5, 3.875, 5.5, 4 ], "texture": "#texture" },
				"south": { "uv": [ 5.5, 4.25, 6.5, 4.375 ], "texture": "#texture" },
				"west": { "uv": [ 8.75, 3.125, 9.25, 3.25 ], "texture": "#texture" },
				"east": { "uv": [ 9.25, 3.25, 8.75, 3.375 ], "texture": "#texture" }
			}
		},
		{
			"__comment": "Voxels",
			"from": [ 9.25, 1.5, 9 ],
			"to": [ 15.75, 2.5, 9.25 ],
			"faces": {
				"down": { "uv": [ 6.5, 6.875, 9.75, 7 ], "texture": "#texture" },
				"up": { "uv": [ 6.5, 7.375, 9.75, 7.25 ], "texture": "#texture" },
				"north": { "uv": [ 3.25, 2.25, 0, 2.75 ], "texture": "#texture" },
				"south": { "uv": [ 0, 1.75, 3.25, 2.25 ], "texture": "#texture" },
				"west": { "uv": [ 9.625, 1, 9.75, 1.5 ], "texture": "#texture" },
				"east": { "uv": [ 9.75, 1.5, 9.625, 2 ], "texture": "#texture" }
			}
		},
		{
			"__comment": "Voxels",
			"from": [ 9.25, 1.5, 18.75 ],
			"to": [ 15.75, 2.5, 19 ],
			"faces": {
				"down": { "uv": [ 9.75, 7.25, 13, 7.375 ], "texture": "#texture", "cullface": "south" },
				"up": { "uv": [ 6.5, 7.25, 9.75, 7.125 ], "texture": "#texture", "cullface": "south" },
				"north": { "uv": [ 3.25, 2.75, 0, 3.25 ], "texture": "#texture", "cullface": "south" },
				"south": { "uv": [ 0, 3.25, 3.25, 3.75 ], "texture": "#texture", "cullface": "south" },
				"west": { "uv": [ 9.625, 2, 9.75, 2.5 ], "texture": "#texture", "cullface": "south" },
				"east": { "uv": [ 9.75, 2.5, 9.625, 3 ], "texture": "#texture", "cullface": "south" }
			}
		},
		{
			"__comment": "Voxels",
			"from": [ 9.25, 2.5, 9 ],
			"to": [ 10, 2.75, 9.25 ],
			"faces": {
				"down": { "uv": [ 6.125, 1.875, 6.5, 2 ], "texture": "#texture" },
				"up": { "uv": [ 6.125, 2.375, 6.5, 2.25 ], "texture": "#texture" },
				"north": { "uv": [ 6.5, 2.375, 6.125, 2.5 ], "texture": "#texture" },
				"south": { "uv": [ 6.125, 2.5, 6.5, 2.625 ], "texture": "#texture" },
				"west": { "uv": [ 14.875, 5.875, 15, 6 ], "texture": "#texture" },
				"east": { "uv": [ 15.625, 5.875, 15.5, 6 ], "texture": "#texture" }
			}
		},
		{
			"__comment": "Voxels",
			"from": [ 9.25, 2.5, 12 ],
			"to": [ 15.75, 2.75, 12.25 ],
			"faces": {
				"down": { "uv": [ 9.75, 6.875, 13, 7 ], "texture": "#texture" },
				"up": { "uv": [ 9.75, 7.125, 13, 7 ], "texture": "#texture" },
				"north": { "uv": [ 13, 7.125, 9.75, 7.25 ], "texture": "#texture" },
				"south": { "uv": [ 6.5, 7, 9.75, 7.125 ], "texture": "#texture" },
				"west": { "uv": [ 15.625, 5.875, 15.75, 6 ], "texture": "#texture" },
				"east": { "uv": [ 10.125, 5.75, 10, 5.875 ], "texture": "#texture" }
			}
		},
		{
			"__comment": "Voxels",
			"from": [ 9.25, 2.5, 12.25 ],
			"to": [ 12, 2.75, 12.5 ],
			"faces": {
				"down": { "uv": [ 4.75, 2.875, 6.125, 3 ], "texture": "#texture" },
				"up": { "uv": [ 4.75, 2.875, 6.125, 2.75 ], "texture": "#texture" },
				"north": { "uv": [ 6.125, 3.125, 4.75, 3.25 ], "texture": "#texture" },
				"south": { "uv": [ 4.75, 2.625, 6.125, 2.75 ], "texture": "#texture" },
				"west": { "uv": [ 10, 5.625, 10.125, 5.75 ], "texture": "#texture" },
				"east": { "uv": [ 10.125, 4.5, 10, 4.625 ], "texture": "#texture" }
			}
		},
		{
			"__comment": "Voxels",
			"from": [ 9.25, 2.5, 15.5 ],
			"to": [ 12, 2.75, 16 ],
			"faces": {
				"down": { "uv": [ 3.25, 2.5, 4.625, 2.75 ], "texture": "#texture" },
				"up": { "uv": [ 3.25, 2.5, 4.625, 2.25 ], "texture": "#texture" },
				"north": { "uv": [ 6.125, 3, 4.75, 3.125 ], "texture": "#texture" },
				"south": { "uv": [ 4.75, 1.75, 6.125, 1.875 ], "texture": "#texture", "cullface": "south" },
				"west": { "uv": [ 12.25, 6, 12.5, 6.125 ], "texture": "#texture" },
				"east": { "uv": [ 12.25, 6, 12, 6.125 ], "texture": "#texture" }
			}
		},
		{
			"__comment": "Voxels",
			"from": [ 9.25, 2.5, 18.75 ],
			"to": [ 10, 2.75, 19 ],
			"faces": {
				"down": { "uv": [ 14.75, 6.5, 15.125, 6.625 ], "texture": "#texture", "cullface": "south" },
				"up": { "uv": [ 11.625, 6.375, 12, 6.25 ], "texture": "#texture", "cullface": "south" },
				"north": { "uv": [ 16, 7.375, 15.625, 7.5 ], "texture": "#texture", "cullface": "south" },
				"south": { "uv": [ 6.125, 1.75, 6.5, 1.875 ], "texture": "#texture", "cullface": "south" },
				"west": { "uv": [ 10, 1.25, 10.125, 1.375 ], "texture": "#texture", "cullface": "south" },
				"east": { "uv": [ 11.25, 5.75, 11.125, 5.875 ], "texture": "#texture", "cullface": "south" }
			}
		},
		{
			"__comment": "Voxels",
			"from": [ 9.5, 1.5, 8.75 ],
			"to": [ 15.5, 2.5, 9 ],
			"faces": {
				"down": { "uv": [ 13, 7, 16, 7.125 ], "texture": "#texture" },
				"up": { "uv": [ 13, 7, 16, 6.875 ], "texture": "#texture" },
				"north": { "uv": [ 3, 0.25, 0, 0.75 ], "texture": "#texture" },
				"south": { "uv": [ 0, 0.75, 3, 1.25 ], "texture": "#texture" },
				"west": { "uv": [ 9.625, 3, 9.75, 3.5 ], "texture": "#texture" },
				"east": { "uv": [ 9.75, 3.5, 9.625, 4 ], "texture": "#texture" }
			}
		},
		{
			"__comment": "Voxels",
			"from": [ 9.5, 1.5, 19 ],
			"to": [ 15.5, 2.5, 19.25 ],
			"faces": {
				"down": { "uv": [ 6.5, 6.75, 9.5, 6.875 ], "texture": "#texture", "cullface": "south" },
				"up": { "uv": [ 9.5, 6.875, 12.5, 6.75 ], "texture": "#texture", "cullface": "south" },
				"north": { "uv": [ 7.75, 9.5, 4.75, 10 ], "texture": "#texture", "cullface": "south" },
				"south": { "uv": [ 0, 1.25, 3, 1.75 ], "texture": "#texture", "cullface": "south" },
				"west": { "uv": [ 9.625, 4, 9.75, 4.5 ], "texture": "#texture", "cullface": "south" },
				"east": { "uv": [ 9.75, 5, 9.625, 5.5 ], "texture": "#texture", "cullface": "south" }
			}
		},
		{
			"__comment": "Voxels",
			"from": [ 9.5, 2.5, 8.75 ],
			"to": [ 10.75, 2.75, 9 ],
			"faces": {
				"down": { "uv": [ 8.625, 1.25, 9.25, 1.375 ], "texture": "#texture" },
				"up": { "uv": [ 8.625, 1.5, 9.25, 1.375 ], "texture": "#texture" },
				"north": { "uv": [ 9.25, 1.5, 8.625, 1.625 ], "texture": "#texture" },
				"south": { "uv": [ 11.875, 6.5, 12.5, 6.625 ], "texture": "#texture" },
				"west": { "uv": [ 13.25, 5.75, 13.375, 5.875 ], "texture": "#texture" },
				"east": { "uv": [ 13.5, 5.75, 13.375, 5.875 ], "texture": "#texture" }
			}
		},
		{
			"__comment": "Voxels",
			"from": [ 9.5, 2.5, 11.75 ],
			"to": [ 15.5, 2.75, 12 ],
			"faces": {
				"down": { "uv": [ 12.5, 6.75, 15.5, 6.875 ], "texture": "#texture" },
				"up": { "uv": [ 6.5, 6.75, 9.5, 6.625 ], "texture": "#texture" },
				"north": { "uv": [ 12.5, 6.625, 9.5, 6.75 ], "texture": "#texture" },
				"south": { "uv": [ 12.5, 6.625, 15.5, 6.75 ], "texture": "#texture" },
				"west": { "uv": [ 13.75, 5.75, 13.875, 5.875 ], "texture": "#texture" },
				"east": { "uv": [ 14, 5.75, 13.875, 5.875 ], "texture": "#texture" }
			}
		},
		{
			"__comment": "Voxels",
			"from": [ 9.5, 2.5, 16 ],
			"to": [ 15.5, 2.75, 16.25 ],
			"faces": {
				"down": { "uv": [ 0, 0.125, 3, 0.25 ], "texture": "#texture", "cullface": "south" },
				"up": { "uv": [ 0, 0.125, 3, 0 ], "texture": "#texture", "cullface": "south" },
				"north": { "uv": [ 16, 7.25, 13, 7.375 ], "texture": "#texture", "cullface": "south" },
				"south": { "uv": [ 13, 7.125, 16, 7.25 ], "texture": "#texture", "cullface": "south" },
				"west": { "uv": [ 14.5, 5.75, 14.625, 5.875 ], "texture": "#texture", "cullface": "south" },
				"east": { "uv": [ 14.75, 5.75, 14.625, 5.875 ], "texture": "#texture", "cullface": "south" }
			}
		},
		{
			"__comment": "Voxels",
			"from": [ 9.5, 2.5, 19 ],
			"to": [ 10.75, 2.75, 19.25 ],
			"faces": {
				"down": { "uv": [ 8.5, 2.375, 9.125, 2.5 ], "texture": "#texture", "cullface": "south" },
				"up": { "uv": [ 8.5, 2.375, 9.125, 2.25 ], "texture": "#texture", "cullface": "south" },
				"north": { "uv": [ 9.25, 1.125, 8.625, 1.25 ], "texture": "#texture", "cullface": "south" },
				"south": { "uv": [ 8.5, 1, 9.125, 1.125 ], "texture": "#texture", "cullface": "south" },
				"west": { "uv": [ 12.625, 5.75, 12.75, 5.875 ], "texture": "#texture", "cullface": "south" },
				"east": { "uv": [ 10.125, 0.75, 10, 0.875 ], "texture": "#texture", "cullface": "south" }
			}
		},
		{
			"__comment": "Voxels",
			"from": [ 9.75, 2.5, 11.5 ],
			"to": [ 15.25, 2.75, 11.75 ],
			"faces": {
				"down": { "uv": [ 6.5, 6, 9.25, 6.125 ], "texture": "#texture" },
				"up": { "uv": [ 6.5, 6.25, 9.25, 6.125 ], "texture": "#texture" },
				"north": { "uv": [ 9.25, 6.25, 6.5, 6.375 ], "texture": "#texture" },
				"south": { "uv": [ 6.5, 6.375, 9.25, 6.5 ], "texture": "#texture" },
				"west": { "uv": [ 11.625, 5.75, 11.75, 5.875 ], "texture": "#texture" },
				"east": { "uv": [ 12.125, 5.75, 12, 5.875 ], "texture": "#texture" }
			}
		},
		{
			"__comment": "Voxels",
			"from": [ 9.75, 2.5, 16.25 ],
			"to": [ 15.25, 2.75, 16.5 ],
			"faces": {
				"down": { "uv": [ 6.5, 5.75, 9.25, 5.875 ], "texture": "#texture", "cullface": "south" },
				"up": { "uv": [ 6.5, 6, 9.25, 5.875 ], "texture": "#texture", "cullface": "south" },
				"north": { "uv": [ 9.25, 5.625, 6.5, 5.75 ], "texture": "#texture", "cullface": "south" },
				"south": { "uv": [ 6.5, 6.5, 9.25, 6.625 ], "texture": "#texture", "cullface": "south" },
				"west": { "uv": [ 10, 0.875, 10.125, 1 ], "texture": "#texture", "cullface": "south" },
				"east": { "uv": [ 12.625, 5.75, 12.5, 5.875 ], "texture": "#texture", "cullface": "south" }
			}
		},
		{
			"__comment": "Voxels",
			"from": [ 10, 1.5, 8.5 ],
			"to": [ 15, 2.5, 8.75 ],
			"faces": {
				"down": { "uv": [ 6.5, 5, 9, 5.125 ], "texture": "#texture" },
				"up": { "uv": [ 6.5, 5, 9, 4.875 ], "texture": "#texture" },
				"north": { "uv": [ 15.5, 9.5, 13, 10 ], "texture": "#texture" },
				"south": { "uv": [ 4.75, 8.75, 7.25, 9.25 ], "texture": "#texture" },
				"west": { "uv": [ 9.375, 0.25, 9.5, 0.75 ], "texture": "#texture" },
				"east": { "uv": [ 9.625, 0.25, 9.5, 0.75 ], "texture": "#texture" }
			}
		},
		{
			"__comment": "Voxels",
			"from": [ 10, 1.5, 19.25 ],
			"to": [ 15, 2.5, 19.5 ],
			"faces": {
				"down": { "uv": [ 6.5, 4.75, 9, 4.875 ], "texture": "#texture", "cullface": "south" },
				"up": { "uv": [ 6.5, 5.25, 9, 5.125 ], "texture": "#texture", "cullface": "south" },
				"north": { "uv": [ 12.25, 8.75, 9.75, 9.25 ], "texture": "#texture", "cullface": "south" },
				"south": { "uv": [ 7.25, 8.75, 9.75, 9.25 ], "texture": "#texture", "cullface": "south" },
				"west": { "uv": [ 9.625, 6, 9.75, 6.5 ], "texture": "#texture", "cullface": "south" },
				"east": { "uv": [ 9.75, 5.5, 9.625, 6 ], "texture": "#texture", "cullface": "south" }
			}
		},
		{
			"__comment": "Voxels",
			"from": [ 10, 2.5, 8.5 ],
			"to": [ 11.75, 2.75, 8.75 ],
			"faces": {
				"down": { "uv": [ 10.125, 6.5, 11, 6.625 ], "texture": "#texture" },
				"up": { "uv": [ 7.625, 0.75, 8.5, 0.625 ], "texture": "#texture" },
				"north": { "uv": [ 8.5, 0.25, 7.625, 0.375 ], "texture": "#texture" },
				"south": { "uv": [ 7.625, 0, 8.5, 0.125 ], "texture": "#texture" },
				"west": { "uv": [ 13.125, 5.75, 13.25, 5.875 ], "texture": "#texture" },
				"east": { "uv": [ 13.125, 5.75, 13, 5.875 ], "texture": "#texture" }
			}
		},
		{
			"__comment": "Voxels",
			"from": [ 10, 2.5, 11.25 ],
			"to": [ 15, 2.75, 11.5 ],
			"faces": {
				"down": { "uv": [ 6.5, 4.375, 9, 4.5 ], "texture": "#texture" },
				"up": { "uv": [ 6.5, 4.625, 9, 4.5 ], "texture": "#texture" },
				"north": { "uv": [ 9, 4.625, 6.5, 4.75 ], "texture": "#texture" },
				"south": { "uv": [ 6.5, 5.5, 9, 5.625 ], "texture": "#texture" },
				"west": { "uv": [ 11.875, 5.75, 12, 5.875 ], "texture": "#texture" },
				"east": { "uv": [ 11.875, 5.75, 11.75, 5.875 ], "texture": "#texture" }
			}
		},
		{
			"__comment": "Voxels",
			"from": [ 10, 2.5, 16.5 ],
			"to": [ 15, 2.75, 16.75 ],
			"faces": {
				"down": { "uv": [ 6.5, 4.25, 9, 4.375 ], "texture": "#texture", "cullface": "south" },
				"up": { "uv": [ 6.5, 4.25, 9, 4.125 ], "texture": "#texture", "cullface": "south" },
				"north": { "uv": [ 9, 5.25, 6.5, 5.375 ], "texture": "#texture", "cullface": "south" },
				"south": { "uv": [ 6.5, 5.375, 9, 5.5 ], "texture": "#texture", "cullface": "south" },
				"west": { "uv": [ 11, 5.75, 11.125, 5.875 ], "texture": "#texture", "cullface": "south" },
				"east": { "uv": [ 10.125, 1.125, 10, 1.25 ], "texture": "#texture", "cullface": "south" }
			}
		},
		{
			"__comment": "Voxels",
			"from": [ 10, 2.5, 19.25 ],
			"to": [ 11.75, 2.75, 19.5 ],
			"faces": {
				"down": { "uv": [ 7.625, 1, 8.5, 1.125 ], "texture": "#texture", "cullface": "south" },
				"up": { "uv": [ 7.625, 0.5, 8.5, 0.375 ], "texture": "#texture", "cullface": "south" },
				"north": { "uv": [ 11.875, 6.5, 11, 6.625 ], "texture": "#texture", "cullface": "south" },
				"south": { "uv": [ 7.625, 0.75, 8.5, 0.875 ], "texture": "#texture", "cullface": "south" },
				"west": { "uv": [ 10, 1.875, 10.125, 2 ], "texture": "#texture", "cullface": "south" },
				"east": { "uv": [ 10.125, 2, 10, 2.125 ], "texture": "#texture", "cullface": "south" }
			}
		},
		{
			"__comment": "Voxels",
			"from": [ 10.25, 2.5, 11 ],
			"to": [ 14.75, 2.75, 11.25 ],
			"faces": {
				"down": { "uv": [ 6.5, 3.25, 8.75, 3.375 ], "texture": "#texture" },
				"up": { "uv": [ 6.5, 3.5, 8.75, 3.375 ], "texture": "#texture" },
				"north": { "uv": [ 8.75, 3.5, 6.5, 3.625 ], "texture": "#texture" },
				"south": { "uv": [ 6.5, 3.625, 8.75, 3.75 ], "texture": "#texture" },
				"west": { "uv": [ 10, 5.375, 10.125, 5.5 ], "texture": "#texture" },
				"east": { "uv": [ 10.125, 5.5, 10, 5.625 ], "texture": "#texture" }
			}
		},
		{
			"__comment": "Voxels",
			"from": [ 10.25, 2.5, 16.75 ],
			"to": [ 14.75, 2.75, 17 ],
			"faces": {
				"down": { "uv": [ 6.5, 3.125, 8.75, 3.25 ], "texture": "#texture", "cullface": "south" },
				"up": { "uv": [ 6.5, 4, 8.75, 3.875 ], "texture": "#texture", "cullface": "south" },
				"north": { "uv": [ 8.75, 4, 6.5, 4.125 ], "texture": "#texture", "cullface": "south" },
				"south": { "uv": [ 6.5, 3.75, 8.75, 3.875 ], "texture": "#texture", "cullface": "south" },
				"west": { "uv": [ 15.375, 5.875, 15.5, 6 ], "texture": "#texture", "cullface": "south" },
				"east": { "uv": [ 15.375, 5.875, 15.25, 6 ], "texture": "#texture", "cullface": "south" }
			}
		},
		{
			"__comment": "Voxels",
			"from": [ 10.5, 2.5, 10.75 ],
			"to": [ 14.5, 2.75, 11 ],
			"faces": {
				"down": { "uv": [ 6.5, 2.125, 8.5, 2.25 ], "texture": "#texture" },
				"up": { "uv": [ 6.5, 2.375, 8.5, 2.25 ], "texture": "#texture" },
				"north": { "uv": [ 8.5, 2.375, 6.5, 2.5 ], "texture": "#texture" },
				"south": { "uv": [ 6.5, 2.5, 8.5, 2.625 ], "texture": "#texture" },
				"west": { "uv": [ 14.75, 5.875, 14.875, 6 ], "texture": "#texture" },
				"east": { "uv": [ 9.75, 0, 9.625, 0.125 ], "texture": "#texture" }
			}
		},
		{
			"__comment": "Voxels",
			"from": [ 10.5, 2.5, 17 ],
			"to": [ 14.5, 2.75, 17.25 ],
			"faces": {
				"down": { "uv": [ 6.5, 2.625, 8.5, 2.75 ], "texture": "#texture", "cullface": "south" },
				"up": { "uv": [ 6.5, 2.875, 8.5, 2.75 ], "texture": "#texture", "cullface": "south" },
				"north": { "uv": [ 8.5, 2.875, 6.5, 3 ], "texture": "#texture", "cullface": "south" },
				"south": { "uv": [ 6.5, 3, 8.5, 3.125 ], "texture": "#texture", "cullface": "south" },
				"west": { "uv": [ 9.625, 0.125, 9.75, 0.25 ], "texture": "#texture", "cullface": "south" },
				"east": { "uv": [ 16, 6.5, 15.875, 6.625 ], "texture": "#texture", "cullface": "south" }
			}
		},
		{
			"__comment": "Voxels",
			"from": [ 10.75, 1.5, 8.25 ],
			"to": [ 14.25, 2.75, 8.5 ],
			"faces": {
				"down": { "uv": [ 4.75, 5.25, 6.5, 5.375 ], "texture": "#texture" },
				"up": { "uv": [ 4.75, 5.625, 6.5, 5.5 ], "texture": "#texture" },
				"north": { "uv": [ 4.75, 1.125, 3, 1.75 ], "texture": "#texture" },
				"south": { "uv": [ 3, 0.5, 4.75, 1.125 ], "texture": "#texture" },
				"west": { "uv": [ 9.25, 5.875, 9.375, 6.5 ], "texture": "#texture" },
				"east": { "uv": [ 9.375, 3.375, 9.25, 4 ], "texture": "#texture" }
			}
		},
		{
			"__comment": "Voxels",
			"from": [ 10.75, 1.5, 19.5 ],
			"to": [ 14.25, 2.75, 19.75 ],
			"faces": {
				"down": { "uv": [ 4.75, 5.625, 6.5, 5.75 ], "texture": "#texture", "cullface": "south" },
				"up": { "uv": [ 4.75, 5.5, 6.5, 5.375 ], "texture": "#texture", "cullface": "south" },
				"north": { "uv": [ 6.5, 7, 4.75, 7.625 ], "texture": "#texture", "cullface": "south" },
				"south": { "uv": [ 4.75, 7.625, 6.5, 8.25 ], "texture": "#texture", "cullface": "south" },
				"west": { "uv": [ 9.25, 4.625, 9.375, 5.25 ], "texture": "#texture", "cullface": "south" },
				"east": { "uv": [ 9.375, 1.5, 9.25, 2.125 ], "texture": "#texture", "cullface": "south" }
			}
		},
		{
			"__comment": "Voxels",
			"from": [ 11, 2.5, 10.5 ],
			"to": [ 14, 2.75, 10.75 ],
			"faces": {
				"down": { "uv": [ 5, 4.75, 6.5, 4.875 ], "texture": "#texture" },
				"up": { "uv": [ 4.75, 3.625, 6.25, 3.5 ], "texture": "#texture" },
				"north": { "uv": [ 6.25, 3.625, 4.75, 3.75 ], "texture": "#texture" },
				"south": { "uv": [ 5, 5.125, 6.5, 5.25 ], "texture": "#texture" },
				"west": { "uv": [ 9.125, 2.75, 9.25, 2.875 ], "texture": "#texture" },
				"east": { "uv": [ 10.25, 5.625, 10.125, 5.75 ], "texture": "#texture" }
			}
		},
		{
			"__comment": "Voxels",
			"from": [ 11, 2.5, 15 ],
			"to": [ 11.25, 2.75, 15.5 ],
			"faces": {
				"down": { "uv": [ 4.625, 2.5, 4.75, 2.75 ], "texture": "#texture" },
				"up": { "uv": [ 4.625, 2.5, 4.75, 2.25 ], "texture": "#texture" },
				"north": { "uv": [ 16, 5.75, 15.875, 5.875 ], "texture": "#texture" },
				"south": { "uv": [ 15.75, 5.75, 15.875, 5.875 ], "texture": "#texture" },
				"west": { "uv": [ 13, 6, 13.25, 6.125 ], "texture": "#texture" },
				"east": { "uv": [ 13.5, 6, 13.25, 6.125 ], "texture": "#texture" }
			}
		},
		{
			"__comment": "Voxels",
			"from": [ 11, 2.5, 17.25 ],
			"to": [ 14, 2.75, 17.5 ],
			"faces": {
				"down": { "uv": [ 5, 4.625, 6.5, 4.75 ], "texture": "#texture", "cullface": "south" },
				"up": { "uv": [ 5, 4.625, 6.5, 4.5 ], "texture": "#texture", "cullface": "south" },
				"north": { "uv": [ 6.5, 4.875, 5, 5 ], "texture": "#texture", "cullface": "south" },
				"south": { "uv": [ 5, 5, 6.5, 5.125 ], "texture": "#texture", "cullface": "south" },
				"west": { "uv": [ 15.625, 5.75, 15.75, 5.875 ], "texture": "#texture", "cullface": "south" },
				"east": { "uv": [ 15.125, 5.75, 15, 5.875 ], "texture": "#texture", "cullface": "south" }
			}
		},
		{
			"__comment": "Voxels",
			"from": [ 11.25, 2.5, 15.25 ],
			"to": [ 11.5, 2.75, 15.5 ],
			"faces": {
				"down": { "uv": [ 14.375, 5.75, 14.5, 5.875 ], "texture": "#texture" },
				"up": { "uv": [ 14.25, 5.875, 14.375, 5.75 ], "texture": "#texture" },
				"north": { "uv": [ 14.25, 5.75, 14.125, 5.875 ], "texture": "#texture" },
				"south": { "uv": [ 10.5, 5.75, 10.625, 5.875 ], "texture": "#texture" },
				"west": { "uv": [ 14, 5.75, 14.125, 5.875 ], "texture": "#texture" },
				"east": { "uv": [ 13.75, 5.75, 13.625, 5.875 ], "texture": "#texture" }
			}
		},
		{
			"__comment": "Voxels",
			"from": [ 11.75, 1.5, 8 ],
			"to": [ 13.25, 2.75, 8.25 ],
			"faces": {
				"down": { "uv": [ 15.25, 8.25, 16, 8.375 ], "texture": "#texture" },
				"up": { "uv": [ 8.5, 3.125, 9.25, 3 ], "texture": "#texture" },
				"north": { "uv": [ 6.25, 6.375, 5.5, 7 ], "texture": "#texture" },
				"south": { "uv": [ 4.75, 5.75, 5.5, 6.375 ], "texture": "#texture" },
				"west": { "uv": [ 9.25, 5.25, 9.375, 5.875 ], "texture": "#texture" },
				"east": { "uv": [ 9.375, 4, 9.25, 4.625 ], "texture": "#texture" }
			}
		},
		{
			"__comment": "Voxels",
			"from": [ 11.75, 1.5, 19.75 ],
			"to": [ 13.25, 2.75, 20 ],
			"faces": {
				"down": { "uv": [ 8.5, 2.875, 9.25, 3 ], "texture": "#texture", "cullface": "south" },
				"up": { "uv": [ 15.25, 9.5, 16, 9.375 ], "texture": "#texture", "cullface": "south" },
				"north": { "uv": [ 6.25, 5.75, 5.5, 6.375 ], "texture": "#texture", "cullface": "south" },
				"south": { "uv": [ 4.75, 6.375, 5.5, 7 ], "texture": "#texture", "cullface": "south" },
				"west": { "uv": [ 9.25, 2.75, 9.375, 3.375 ], "texture": "#texture", "cullface": "south" },
				"east": { "uv": [ 9.375, 2.125, 9.25, 2.75 ], "texture": "#texture", "cullface": "south" }
			}
		},
		{
			"__comment": "Voxels",
			"from": [ 12, 2.5, 10.25 ],
			"to": [ 13, 2.75, 10.5 ],
			"faces": {
				"down": { "uv": [ 6, 0.875, 6.5, 1 ], "texture": "#texture" },
				"up": { "uv": [ 6, 0.875, 6.5, 0.75 ], "texture": "#texture" },
				"north": { "uv": [ 6.5, 0.625, 6, 0.75 ], "texture": "#texture" },
				"south": { "uv": [ 6, 0.5, 6.5, 0.625 ], "texture": "#texture" },
				"west": { "uv": [ 10, 1.5, 10.125, 1.625 ], "texture": "#texture" },
				"east": { "uv": [ 10.125, 1.625, 10, 1.75 ], "texture": "#texture" }
			}
		},
		{
			"__comment": "Voxels",
			"from": [ 12, 2.5, 15.75 ],
			"to": [ 15.75, 2.75, 16 ],
			"faces": {
				"down": { "uv": [ 6.5, 1.75, 8.375, 1.875 ], "texture": "#texture" },
				"up": { "uv": [ 6.5, 1.75, 8.375, 1.625 ], "texture": "#texture" },
				"north": { "uv": [ 8.375, 1.875, 6.5, 2 ], "texture": "#texture" },
				"south": { "uv": [ 6.5, 2, 8.375, 2.125 ], "texture": "#texture", "cullface": "south" },
				"west": { "uv": [ 12.875, 5.75, 13, 5.875 ], "texture": "#texture" },
				"east": { "uv": [ 11.375, 5.75, 11.25, 5.875 ], "texture": "#texture" }
			}
		},
		{
			"__comment": "Voxels",
			"from": [ 12, 2.5, 17.5 ],
			"to": [ 13, 2.75, 17.75 ],
			"faces": {
				"down": { "uv": [ 8.75, 4, 9.25, 4.125 ], "texture": "#texture", "cullface": "south" },
				"up": { "uv": [ 8.75, 4, 9.25, 3.875 ], "texture": "#texture", "cullface": "south" },
				"north": { "uv": [ 9.25, 3.75, 8.75, 3.875 ], "texture": "#texture", "cullface": "south" },
				"south": { "uv": [ 8.75, 3.625, 9.25, 3.75 ], "texture": "#texture", "cullface": "south" },
				"west": { "uv": [ 10.25, 5.75, 10.375, 5.875 ], "texture": "#texture", "cullface": "south" },
				"east": { "uv": [ 10.125, 0.125, 10, 0.25 ], "texture": "#texture", "cullface": "south" }
			}
		},
		{
			"__comment": "Voxels",
			"from": [ 12.25, 2.5, 13.75 ],
			"to": [ 12.75, 2.75, 14.25 ],
			"faces": {
				"down": { "uv": [ 9.375, 1.25, 9.625, 1.5 ], "texture": "#texture" },
				"up": { "uv": [ 9.375, 1.25, 9.625, 1 ], "texture": "#texture" },
				"north": { "uv": [ 13.75, 6, 13.5, 6.125 ], "texture": "#texture" },
				"south": { "uv": [ 13.75, 6, 14, 6.125 ], "texture": "#texture" },
				"west": { "uv": [ 14, 6, 14.25, 6.125 ], "texture": "#texture" },
				"east": { "uv": [ 14.5, 6, 14.25, 6.125 ], "texture": "#texture" }
			}
		},
		{
			"__comment": "Voxels",
			"from": [ 13, 2.5, 12.25 ],
			"to": [ 15.75, 2.75, 12.5 ],
			"faces": {
				"down": { "uv": [ 4.75, 3.375, 6.125, 3.5 ], "texture": "#texture" },
				"up": { "uv": [ 4.75, 2.125, 6.125, 2 ], "texture": "#texture" },
				"north": { "uv": [ 6.125, 2.125, 4.75, 2.25 ], "texture": "#texture" },
				"south": { "uv": [ 4.75, 2.25, 6.125, 2.375 ], "texture": "#texture" },
				"west": { "uv": [ 10, 2.75, 10.125, 2.875 ], "texture": "#texture" },
				"east": { "uv": [ 10.125, 3.125, 10, 3.25 ], "texture": "#texture" }
			}
		},
		{
			"__comment": "Voxels",
			"from": [ 13, 2.5, 15.5 ],
			"to": [ 15.75, 2.75, 15.75 ],
			"faces": {
				"down": { "uv": [ 4.75, 1.875, 6.125, 2 ], "texture": "#texture" },
				"up": { "uv": [ 4.75, 3.375, 6.125, 3.25 ], "texture": "#texture" },
				"north": { "uv": [ 6.125, 2.5, 4.75, 2.625 ], "texture": "#texture" },
				"south": { "uv": [ 4.75, 2.375, 6.125, 2.5 ], "texture": "#texture" },
				"west": { "uv": [ 10, 4.625, 10.125, 4.75 ], "texture": "#texture" },
				"east": { "uv": [ 10.125, 4.25, 10, 4.375 ], "texture": "#texture" }
			}
		},
		{
			"__comment": "Voxels",
			"from": [ 13.25, 2.5, 8.5 ],
			"to": [ 15, 2.75, 8.75 ],
			"faces": {
				"down": { "uv": [ 7.625, 0.5, 8.5, 0.625 ], "texture": "#texture" },
				"up": { "uv": [ 7.625, 0.25, 8.5, 0.125 ], "texture": "#texture" },
				"north": { "uv": [ 10.125, 6.5, 9.25, 6.625 ], "texture": "#texture" },
				"south": { "uv": [ 8.375, 2, 9.25, 2.125 ], "texture": "#texture" },
				"west": { "uv": [ 10, 2.375, 10.125, 2.5 ], "texture": "#texture" },
				"east": { "uv": [ 10.125, 1.75, 10, 1.875 ], "texture": "#texture" }
			}
		},
		{
			"__comment": "Voxels",
			"from": [ 13.25, 2.5, 19.25 ],
			"to": [ 15, 2.75, 19.5 ],
			"faces": {
				"down": { "uv": [ 8.375, 1.875, 9.25, 2 ], "texture": "#texture", "cullface": "south" },
				"up": { "uv": [ 8.375, 1.875, 9.25, 1.75 ], "texture": "#texture", "cullface": "south" },
				"north": { "uv": [ 9.25, 1.625, 8.375, 1.75 ], "texture": "#texture", "cullface": "south" },
				"south": { "uv": [ 7.625, 0.875, 8.5, 1 ], "texture": "#texture", "cullface": "south" },
				"west": { "uv": [ 10.375, 5.75, 10.5, 5.875 ], "texture": "#texture", "cullface": "south" },
				"east": { "uv": [ 10.75, 5.75, 10.625, 5.875 ], "texture": "#texture", "cullface": "south" }
			}
		},
		{
			"__comment": "Voxels",
			"from": [ 13.5, 2.5, 12.5 ],
			"to": [ 16, 2.75, 12.75 ],
			"faces": {
				"down": { "uv": [ 4.75, 1.5, 6, 1.625 ], "texture": "#texture" },
				"up": { "uv": [ 4.75, 0.75, 6, 0.625 ], "texture": "#texture" },
				"north": { "uv": [ 6, 0.875, 4.75, 1 ], "texture": "#texture" },
				"south": { "uv": [ 4.75, 0.25, 6, 0.375 ], "texture": "#texture" },
				"west": { "uv": [ 10, 4.875, 10.125, 5 ], "texture": "#texture" },
				"east": { "uv": [ 10.125, 4.75, 10, 4.875 ], "texture": "#texture", "cullface": "east" }
			}
		},
		{
			"__comment": "Voxels",
			"from": [ 13.5, 2.5, 15.25 ],
			"to": [ 16, 2.75, 15.5 ],
			"faces": {
				"down": { "uv": [ 4.75, 1.125, 6, 1.25 ], "texture": "#texture" },
				"up": { "uv": [ 4.75, 1.375, 6, 1.25 ], "texture": "#texture" },
				"north": { "uv": [ 6, 0.5, 4.75, 0.625 ], "texture": "#texture" },
				"south": { "uv": [ 4.75, 0.75, 6, 0.875 ], "texture": "#texture" },
				"west": { "uv": [ 10, 3.875, 10.125, 4 ], "texture": "#texture" },
				"east": { "uv": [ 10.125, 3.5, 10, 3.625 ], "texture": "#texture", "cullface": "east" }
			}
		},
		{
			"__comment": "Voxels",
			"from": [ 13.75, 2.5, 12.75 ],
			"to": [ 16, 2.75, 13 ],
			"faces": {
				"down": { "uv": [ 14.5, 7.375, 15.625, 7.5 ], "texture": "#texture" },
				"up": { "uv": [ 4.75, 0.125, 5.875, 0 ], "texture": "#texture" },
				"north": { "uv": [ 5.875, 0.125, 4.75, 0.25 ], "texture": "#texture" },
				"south": { "uv": [ 6.5, 0.5, 7.625, 0.625 ], "texture": "#texture" },
				"west": { "uv": [ 10, 2.625, 10.125, 2.75 ], "texture": "#texture" },
				"east": { "uv": [ 10.125, 2.5, 10, 2.625 ], "texture": "#texture", "cullface": "east" }
			}
		},
		{
			"__comment": "Voxels",
			"from": [ 13.75, 2.5, 15 ],
			"to": [ 16, 2.75, 15.25 ],
			"faces": {
				"down": { "uv": [ 6.5, 0.625, 7.625, 0.75 ], "texture": "#texture" },
				"up": { "uv": [ 6.5, 0.875, 7.625, 0.75 ], "texture": "#texture" },
				"north": { "uv": [ 7.625, 0.875, 6.5, 1 ], "texture": "#texture" },
				"south": { "uv": [ 6.5, 1.375, 7.625, 1.5 ], "texture": "#texture" },
				"west": { "uv": [ 10, 1.375, 10.125, 1.5 ], "texture": "#texture" },
				"east": { "uv": [ 10.125, 1, 10, 1.125 ], "texture": "#texture", "cullface": "east" }
			}
		},
		{
			"__comment": "Voxels",
			"from": [ 14, 2.5, 13 ],
			"to": [ 16, 2.75, 13.5 ],
			"faces": {
				"down": { "uv": [ 3.25, 2, 4.25, 2.25 ], "texture": "#texture" },
				"up": { "uv": [ 14.25, 8.5, 15.25, 8.25 ], "texture": "#texture" },
				"north": { "uv": [ 6.5, 3.75, 5.5, 3.875 ], "texture": "#texture" },
				"south": { "uv": [ 7.625, 1.5, 8.625, 1.625 ], "texture": "#texture" },
				"west": { "uv": [ 9.75, 5.5, 10, 5.625 ], "texture": "#texture" },
				"east": { "uv": [ 10, 5.375, 9.75, 5.5 ], "texture": "#texture", "cullface": "east" }
			}
		},
		{
			"__comment": "Voxels",
			"from": [ 14, 2.5, 14.5 ],
			"to": [ 16, 2.75, 15 ],
			"faces": {
				"down": { "uv": [ 14.25, 8.5, 15.25, 8.75 ], "texture": "#texture" },
				"up": { "uv": [ 3, 0.25, 4, 0 ], "texture": "#texture" },
				"north": { "uv": [ 8.625, 1.375, 7.625, 1.5 ], "texture": "#texture" },
				"south": { "uv": [ 7.625, 1.25, 8.625, 1.375 ], "texture": "#texture" },
				"west": { "uv": [ 9.75, 4.875, 10, 5 ], "texture": "#texture" },
				"east": { "uv": [ 10, 4.75, 9.75, 4.875 ], "texture": "#texture", "cullface": "east" }
			}
		},
		{
			"__comment": "Voxels",
			"from": [ 14.25, 2.5, 8.75 ],
			"to": [ 15.5, 2.75, 9 ],
			"faces": {
				"down": { "uv": [ 8.5, 2.125, 9.125, 2.25 ], "texture": "#texture" },
				"up": { "uv": [ 8.5, 2.625, 9.125, 2.5 ], "texture": "#texture" },
				"north": { "uv": [ 9.125, 2.625, 8.5, 2.75 ], "texture": "#texture" },
				"south": { "uv": [ 8.5, 2.75, 9.125, 2.875 ], "texture": "#texture" },
				"west": { "uv": [ 12.125, 5.75, 12.25, 5.875 ], "texture": "#texture" },
				"east": { "uv": [ 12.375, 5.75, 12.25, 5.875 ], "texture": "#texture" }
			}
		},
		{
			"__comment": "Voxels",
			"from": [ 14.25, 2.5, 13.5 ],
			"to": [ 16.25, 2.75, 14.5 ],
			"faces": {
				"down": { "uv": [ 3.75, 5.25, 4.75, 5.75 ], "texture": "#texture", "cullface": "east" },
				"up": { "uv": [ 3.75, 5.25, 4.75, 4.75 ], "texture": "#texture", "cullface": "east" },
				"north": { "uv": [ 6.5, 4.375, 5.5, 4.5 ], "texture": "#texture", "cullface": "east" },
				"south": { "uv": [ 7.625, 1.125, 8.625, 1.25 ], "texture": "#texture", "cullface": "east" },
				"west": { "uv": [ 6, 1.625, 6.5, 1.75 ], "texture": "#texture", "cullface": "east" },
				"east": { "uv": [ 6.5, 1, 6, 1.125 ], "texture": "#texture", "cullface": "east" }
			}
		},
		{
			"__comment": "Voxels",
			"from": [ 14.25, 2.5, 19 ],
			"to": [ 15.5, 2.75, 19.25 ],
			"faces": {
				"down": { "uv": [ 8.5, 0.875, 9.125, 1 ], "texture": "#texture", "cullface": "south" },
				"up": { "uv": [ 8.5, 0.875, 9.125, 0.75 ], "texture": "#texture", "cullface": "south" },
				"north": { "uv": [ 13.75, 6.5, 13.125, 6.625 ], "texture": "#texture", "cullface": "south" },
				"south": { "uv": [ 12.5, 6.5, 13.125, 6.625 ], "texture": "#texture", "cullface": "south" },
				"west": { "uv": [ 15.125, 5.75, 15.25, 5.875 ], "texture": "#texture", "cullface": "south" },
				"east": { "uv": [ 15.625, 5.75, 15.5, 5.875 ], "texture": "#texture", "cullface": "south" }
			}
		},
		{
			"__comment": "Voxels",
			"from": [ 15, 2.5, 9 ],
			"to": [ 15.75, 2.75, 9.25 ],
			"faces": {
				"down": { "uv": [ 11.25, 6.125, 11.625, 6.25 ], "texture": "#texture" },
				"up": { "uv": [ 15, 6.375, 15.375, 6.25 ], "texture": "#texture" },
				"north": { "uv": [ 15.375, 6.375, 15, 6.5 ], "texture": "#texture" },
				"south": { "uv": [ 14.25, 6.25, 14.625, 6.375 ], "texture": "#texture" },
				"west": { "uv": [ 5.875, 0.125, 6, 0.25 ], "texture": "#texture" },
				"east": { "uv": [ 6, 0, 5.875, 0.125 ], "texture": "#texture" }
			}
		},
		{
			"__comment": "Voxels",
			"from": [ 15, 2.5, 18.75 ],
			"to": [ 15.75, 2.75, 19 ],
			"faces": {
				"down": { "uv": [ 14.25, 6.375, 14.625, 6.5 ], "texture": "#texture", "cullface": "south" },
				"up": { "uv": [ 13.5, 6.375, 13.875, 6.25 ], "texture": "#texture", "cullface": "south" },
				"north": { "uv": [ 13.875, 6.375, 13.5, 6.5 ], "texture": "#texture", "cullface": "south" },
				"south": { "uv": [ 12.75, 6.25, 13.125, 6.375 ], "texture": "#texture", "cullface": "south" },
				"west": { "uv": [ 9.125, 2.25, 9.25, 2.375 ], "texture": "#texture", "cullface": "south" },
				"east": { "uv": [ 9.25, 2.125, 9.125, 2.25 ], "texture": "#texture", "cullface": "south" }
			}
		},
		{
			"__comment": "Voxels",
			"from": [ 15.5, 2.5, 9.25 ],
			"to": [ 16.25, 2.75, 9.5 ],
			"faces": {
				"down": { "uv": [ 12.75, 6.375, 13.125, 6.5 ], "texture": "#texture", "cullface": "east" },
				"up": { "uv": [ 12.375, 6.375, 12.75, 6.25 ], "texture": "#texture", "cullface": "east" },
				"north": { "uv": [ 12.75, 6.375, 12.375, 6.5 ], "texture": "#texture", "cullface": "east" },
				"south": { "uv": [ 14.625, 6.125, 15, 6.25 ], "texture": "#texture", "cullface": "east" },
				"west": { "uv": [ 9.625, 0.375, 9.75, 0.5 ], "texture": "#texture", "cullface": "east" },
				"east": { "uv": [ 9.75, 0.25, 9.625, 0.375 ], "texture": "#texture", "cullface": "east" }
			}
		},
		{
			"__comment": "Voxels",
			"from": [ 15.5, 2.5, 18.5 ],
			"to": [ 16.25, 2.75, 18.75 ],
			"faces": {
				"down": { "uv": [ 15.125, 6.5, 15.5, 6.625 ], "texture": "#texture", "cullface": "south" },
				"up": { "uv": [ 6.125, 2.125, 6.5, 2 ], "texture": "#texture", "cullface": "south" },
				"north": { "uv": [ 6.5, 2.125, 6.125, 2.25 ], "texture": "#texture", "cullface": "south" },
				"south": { "uv": [ 6.125, 2.625, 6.5, 2.75 ], "texture": "#texture", "cullface": "south" },
				"west": { "uv": [ 15, 5.875, 15.125, 6 ], "texture": "#texture", "cullface": "south" },
				"east": { "uv": [ 15.25, 5.875, 15.125, 6 ], "texture": "#texture", "cullface": "south" }
			}
		},
		{
			"__comment": "Voxels",
			"from": [ 15.75, 2.5, 9.5 ],
			"to": [ 16.5, 2.75, 9.75 ],
			"faces": {
				"down": { "uv": [ 6.125, 2.75, 6.5, 2.875 ], "texture": "#texture", "cullface": "east" },
				"up": { "uv": [ 6.125, 3, 6.5, 2.875 ], "texture": "#texture", "cullface": "east" },
				"north": { "uv": [ 6.5, 3, 6.125, 3.125 ], "texture": "#texture", "cullface": "east" },
				"south": { "uv": [ 14.25, 6.125, 14.625, 6.25 ], "texture": "#texture", "cullface": "east" },
				"west": { "uv": [ 15.75, 5.875, 15.875, 6 ], "texture": "#texture", "cullface": "east" },
				"east": { "uv": [ 16, 5.875, 15.875, 6 ], "texture": "#texture", "cullface": "east" }
			}
		},
		{
			"__comment": "Voxels",
			"from": [ 15.75, 2.5, 18.25 ],
			"to": [ 16.5, 2.75, 18.5 ],
			"faces": {
				"down": { "uv": [ 13.875, 6.125, 14.25, 6.25 ], "texture": "#texture", "cullface": "south" },
				"up": { "uv": [ 13.5, 6.25, 13.875, 6.125 ], "texture": "#texture", "cullface": "south" },
				"north": { "uv": [ 11.25, 6.125, 10.875, 6.25 ], "texture": "#texture", "cullface": "south" },
				"south": { "uv": [ 10.5, 6.125, 10.875, 6.25 ], "texture": "#texture", "cullface": "south" },
				"west": { "uv": [ 10, 5.25, 10.125, 5.375 ], "texture": "#texture", "cullface": "south" },
				"east": { "uv": [ 10.125, 5.125, 10, 5.25 ], "texture": "#texture", "cullface": "south" }
			}
		},
		{
			"__comment": "Voxels",
			"from": [ 16.25, 2.5, 9.75 ],
			"to": [ 16.75, 2.75, 10 ],
			"faces": {
				"down": { "uv": [ 9.75, 4.375, 10, 4.5 ], "texture": "#texture", "cullface": "east" },
				"up": { "uv": [ 9.75, 4.375, 10, 4.25 ], "texture": "#texture", "cullface": "east" },
				"north": { "uv": [ 10, 4.125, 9.75, 4.25 ], "texture": "#texture", "cullface": "east" },
				"south": { "uv": [ 9.75, 4, 10, 4.125 ], "texture": "#texture", "cullface": "east" },
				"west": { "uv": [ 10.125, 5.5, 10.25, 5.625 ], "texture": "#texture", "cullface": "east" },
				"east": { "uv": [ 10.125, 4.375, 10, 4.5 ], "texture": "#texture", "cullface": "east" }
			}
		},
		{
			"__comment": "Voxels",
			"from": [ 16.25, 2.5, 18 ],
			"to": [ 16.75, 2.75, 18.25 ],
			"faces": {
				"down": { "uv": [ 9.75, 3.875, 10, 4 ], "texture": "#texture" },
				"up": { "uv": [ 9.75, 3.875, 10, 3.75 ], "texture": "#texture" },
				"north": { "uv": [ 10, 3.625, 9.75, 3.75 ], "texture": "#texture" },
				"south": { "uv": [ 9.75, 3.5, 10, 3.625 ], "texture": "#texture" },
				"west": { "uv": [ 10, 3.75, 10.125, 3.875 ], "texture": "#texture" },
				"east": { "uv": [ 10.125, 3.625, 10, 3.75 ], "texture": "#texture" }
			}
		},
		{
			"__comment": "Voxels",
			"from": [ 16.5, 2.5, 10 ],
			"to": [ 17, 2.75, 10.25 ],
			"faces": {
				"down": { "uv": [ 9.75, 3.375, 10, 3.5 ], "texture": "#texture", "cullface": "east" },
				"up": { "uv": [ 9.75, 3.375, 10, 3.25 ], "texture": "#texture", "cullface": "east" },
				"north": { "uv": [ 10, 3.125, 9.75, 3.25 ], "texture": "#texture", "cullface": "east" },
				"south": { "uv": [ 9.75, 3, 10, 3.125 ], "texture": "#texture", "cullface": "east" },
				"west": { "uv": [ 10, 3, 10.125, 3.125 ], "texture": "#texture", "cullface": "east" },
				"east": { "uv": [ 10.125, 2.875, 10, 3 ], "texture": "#texture", "cullface": "east" }
			}
		},
		{
			"__comment": "Voxels",
			"from": [ 16.5, 2.5, 17.75 ],
			"to": [ 17, 2.75, 18 ],
			"faces": {
				"down": { "uv": [ 9.75, 2.875, 10, 3 ], "texture": "#texture" },
				"up": { "uv": [ 9.75, 2.875, 10, 2.75 ], "texture": "#texture" },
				"north": { "uv": [ 10, 2.625, 9.75, 2.75 ], "texture": "#texture" },
				"south": { "uv": [ 9.75, 2.5, 10, 2.625 ], "texture": "#texture" },
				"west": { "uv": [ 10, 2.25, 10.125, 2.375 ], "texture": "#texture" },
				"east": { "uv": [ 10.125, 2.125, 10, 2.25 ], "texture": "#texture" }
			}
		},
		{
			"__comment": "Voxels",
			"from": [ 16.75, 2.5, 10.25 ],
			"to": [ 17.25, 2.75, 10.75 ],
			"faces": {
				"down": { "uv": [ 11, 6.25, 11.25, 6.5 ], "texture": "#texture", "cullface": "east" },
				"up": { "uv": [ 10.75, 6.5, 11, 6.25 ], "texture": "#texture", "cullface": "east" },
				"north": { "uv": [ 10, 2.375, 9.75, 2.5 ], "texture": "#texture", "cullface": "east" },
				"south": { "uv": [ 9.75, 2.25, 10, 2.375 ], "texture": "#texture", "cullface": "east" },
				"west": { "uv": [ 9.75, 2.125, 10, 2.25 ], "texture": "#texture", "cullface": "east" },
				"east": { "uv": [ 10, 2, 9.75, 2.125 ], "texture": "#texture", "cullface": "east" }
			}
		},
		{
			"__comment": "Voxels",
			"from": [ 16.75, 2.5, 17.25 ],
			"to": [ 17.25, 2.75, 17.75 ],
			"faces": {
				"down": { "uv": [ 10.5, 6.25, 10.75, 6.5 ], "texture": "#texture" },
				"up": { "uv": [ 10.25, 6.5, 10.5, 6.25 ], "texture": "#texture" },
				"north": { "uv": [ 10, 1.875, 9.75, 2 ], "texture": "#texture" },
				"south": { "uv": [ 9.75, 1.75, 10, 1.875 ], "texture": "#texture" },
				"west": { "uv": [ 9.75, 1.625, 10, 1.75 ], "texture": "#texture" },
				"east": { "uv": [ 10, 1.5, 9.75, 1.625 ], "texture": "#texture" }
			}
		},
		{
			"__comment": "Voxels",
			"from": [ 17, 2.5, 10.75 ],
			"to": [ 17.5, 2.75, 11 ],
			"faces": {
				"down": { "uv": [ 9.75, 1.375, 10, 1.5 ], "texture": "#texture", "cullface": "east" },
				"up": { "uv": [ 9.75, 1.375, 10, 1.25 ], "texture": "#texture", "cullface": "east" },
				"north": { "uv": [ 10, 1.125, 9.75, 1.25 ], "texture": "#texture", "cullface": "east" },
				"south": { "uv": [ 9.75, 1, 10, 1.125 ], "texture": "#texture", "cullface": "east" },
				"west": { "uv": [ 10, 0, 10.125, 0.125 ], "texture": "#texture", "cullface": "east" },
				"east": { "uv": [ 10.25, 5.75, 10.125, 5.875 ], "texture": "#texture", "cullface": "east" }
			}
		},
		{
			"__comment": "Voxels",
			"from": [ 17, 2.5, 17 ],
			"to": [ 17.5, 2.75, 17.25 ],
			"faces": {
				"down": { "uv": [ 9.75, 0.875, 10, 1 ], "texture": "#texture" },
				"up": { "uv": [ 9.75, 0.875, 10, 0.75 ], "texture": "#texture" },
				"north": { "uv": [ 10, 0.625, 9.75, 0.75 ], "texture": "#texture" },
				"south": { "uv": [ 9.75, 0.5, 10, 0.625 ], "texture": "#texture" },
				"west": { "uv": [ 10.75, 5.75, 10.875, 5.875 ], "texture": "#texture" },
				"east": { "uv": [ 11, 5.75, 10.875, 5.875 ], "texture": "#texture" }
			}
		},
		{
			"__comment": "Voxels",
			"from": [ 17.25, 2.5, 11 ],
			"to": [ 17.75, 2.75, 11.5 ],
			"faces": {
				"down": { "uv": [ 10, 6.25, 10.25, 6.5 ], "texture": "#texture", "cullface": "east" },
				"up": { "uv": [ 9.75, 6.5, 10, 6.25 ], "texture": "#texture", "cullface": "east" },
				"north": { "uv": [ 10, 0.375, 9.75, 0.5 ], "texture": "#texture", "cullface": "east" },
				"south": { "uv": [ 9.75, 0.25, 10, 0.375 ], "texture": "#texture", "cullface": "east" },
				"west": { "uv": [ 9.75, 0.125, 10, 0.25 ], "texture": "#texture", "cullface": "east" },
				"east": { "uv": [ 10, 0, 9.75, 0.125 ], "texture": "#texture", "cullface": "east" }
			}
		},
		{
			"__comment": "Voxels",
			"from": [ 17.25, 2.5, 16.5 ],
			"to": [ 17.75, 2.75, 17 ],
			"faces": {
				"down": { "uv": [ 9.375, 0, 9.625, 0.25 ], "texture": "#texture" },
				"up": { "uv": [ 9.375, 1, 9.625, 0.75 ], "texture": "#texture" },
				"north": { "uv": [ 10.25, 5.875, 10, 6 ], "texture": "#texture" },
				"south": { "uv": [ 10.25, 5.875, 10.5, 6 ], "texture": "#texture" },
				"west": { "uv": [ 10.5, 5.875, 10.75, 6 ], "texture": "#texture" },
				"east": { "uv": [ 11, 5.875, 10.75, 6 ], "texture": "#texture" }
			}
		},
		{
			"__comment": "Voxels",
			"from": [ 17.5, 2.5, 11.5 ],
			"to": [ 18, 2.75, 12.25 ],
			"faces": {
				"down": { "uv": [ 15.75, 10.375, 16, 10.75 ], "texture": "#texture", "cullface": "east" },
				"up": { "uv": [ 8.5, 0.375, 8.75, 0 ], "texture": "#texture", "cullface": "east" },
				"north": { "uv": [ 11.25, 5.875, 11, 6 ], "texture": "#texture", "cullface": "east" },
				"south": { "uv": [ 11.25, 5.875, 11.5, 6 ], "texture": "#texture", "cullface": "east" },
				"west": { "uv": [ 15.5, 6.5, 15.875, 6.625 ], "texture": "#texture", "cullface": "east" },
				"east": { "uv": [ 12.375, 6.375, 12, 6.5 ], "texture": "#texture", "cullface": "east" }
			}
		},
		{
			"__comment": "Voxels",
			"from": [ 17.5, 2.5, 15.75 ],
			"to": [ 18, 2.75, 16.5 ],
			"faces": {
				"down": { "uv": [ 8.75, 0.375, 9, 0.75 ], "texture": "#texture", "cullface": "east" },
				"up": { "uv": [ 9, 0.75, 9.25, 0.375 ], "texture": "#texture", "cullface": "east" },
				"north": { "uv": [ 11.75, 5.875, 11.5, 6 ], "texture": "#texture", "cullface": "east" },
				"south": { "uv": [ 11.75, 5.875, 12, 6 ], "texture": "#texture", "cullface": "east" },
				"west": { "uv": [ 12, 6.25, 12.375, 6.375 ], "texture": "#texture", "cullface": "east" },
				"east": { "uv": [ 13.5, 6.375, 13.125, 6.5 ], "texture": "#texture", "cullface": "east" }
			}
		},
		{
			"__comment": "Voxels",
			"from": [ 17.75, 2.5, 12.25 ],
			"to": [ 18.25, 2.75, 13.25 ],
			"faces": {
				"down": { "uv": [ 6.75, 0, 7, 0.5 ], "texture": "#texture", "cullface": "east" },
				"up": { "uv": [ 7, 0.5, 7.25, 0 ], "texture": "#texture", "cullface": "east" },
				"north": { "uv": [ 12.75, 5.875, 12.5, 6 ], "texture": "#texture", "cullface": "east" },
				"south": { "uv": [ 12.75, 5.875, 13, 6 ], "texture": "#texture", "cullface": "east" },
				"west": { "uv": [ 8.75, 3.375, 9.25, 3.5 ], "texture": "#texture", "cullface": "east" },
				"east": { "uv": [ 9.25, 3.5, 8.75, 3.625 ], "texture": "#texture", "cullface": "east" }
			}
		},
		{
			"__comment": "Voxels",
			"from": [ 17.75, 2.5, 14.75 ],
			"to": [ 18.25, 2.75, 15.75 ],
			"faces": {
				"down": { "uv": [ 6, 0, 6.25, 0.5 ], "texture": "#texture", "cullface": "east" },
				"up": { "uv": [ 7.25, 0.5, 7.5, 0 ], "texture": "#texture", "cullface": "east" },
				"north": { "uv": [ 13.25, 5.875, 13, 6 ], "texture": "#texture", "cullface": "east" },
				"south": { "uv": [ 13.25, 5.875, 13.5, 6 ], "texture": "#texture", "cullface": "east" },
				"west": { "uv": [ 15.5, 6.625, 16, 6.75 ], "texture": "#texture", "cullface": "east" },
				"east": { "uv": [ 16, 6.75, 15.5, 6.875 ], "texture": "#texture", "cullface": "east" }
			}
		},
		{
			"__comment": "Voxels",
			"from": [ 18, 2.5, 13.25 ],
			"to": [ 18.5, 2.75, 14.75 ],
			"faces": {
				"down": { "uv": [ 4.75, 3.75, 5, 4.5 ], "texture": "#texture", "cullface": "east" },
				"up": { "uv": [ 5, 4.5, 5.25, 3.75 ], "texture": "#texture", "cullface": "east" },
				"north": { "uv": [ 14.25, 5.875, 14, 6 ], "texture": "#texture", "cullface": "east" },
				"south": { "uv": [ 14.25, 5.875, 14.5, 6 ], "texture": "#texture", "cullface": "east" },
				"west": { "uv": [ 15.25, 8.5, 16, 8.625 ], "texture": "#texture", "cullface": "east" },
				"east": { "uv": [ 16, 8.375, 15.25, 8.5 ], "texture": "#texture", "cullface": "east" }
			}
		},
		{
			"__comment": "Box1",
			"from": [ 15.8476, 2.5143, 15.9238 ],
			"to": [ 17.14284, 2.5153, 16.76189 ],
			"faces": {
				"down": { "uv": [ 2, 6, 3, 7 ], "texture": "#extras", "cullface": "east", "rotation": 270 },
				"up": { "uv": [ 0.522449, 0.5224495, 1.436735, 1.893877 ], "texture": "#extras", "cullface": "east", "rotation": 90 },
				"north": { "uv": [ 6.5, 15.999, 7.5, 16 ], "texture": "#extras", "cullface": "east" },
				"south": { "uv": [ 8.5, 15.999, 9.5, 16 ], "texture": "#extras", "cullface": "east" },
				"west": { "uv": [ 6.5, 15.999, 7.5, 16 ], "texture": "#extras", "cullface": "east" },
				"east": { "uv": [ 8.5, 15.999, 9.5, 16 ], "texture": "#extras", "cullface": "east" }
			}
		},
		{
			"__comment": "Box1",
			"from": [ 14.2476, 2.5143, 17.5238 ],
			"to": [ 15.54284, 2.5153, 18.36189 ],
			"faces": {
				"down": { "uv": [ 2, 6, 3, 7 ], "texture": "#extras", "cullface": "south", "rotation": 270 },
				"up": { "uv": [ 1.567347, 0.5224495, 2.481632, 1.893877 ], "texture": "#extras", "cullface": "south", "rotation": 90 },
				"north": { "uv": [ 6.5, 15.999, 7.5, 16 ], "texture": "#extras", "cullface": "south" },
				"south": { "uv": [ 8.5, 15.999, 9.5, 16 ], "texture": "#extras", "cullface": "south" },
				"west": { "uv": [ 6.5, 15.999, 7.5, 16 ], "texture": "#extras", "cullface": "south" },
				"east": { "uv": [ 8.5, 15.999, 9.5, 16 ], "texture": "#extras", "cullface": "south" }
			}
		},
		{
			"__comment": "Box1",
			"from": [ 11.8857, 2.5143, 18.2095 ],
			"to": [ 13.18094, 2.5153, 19.04759 ],
			"faces": {
				"down": { "uv": [ 2, 6, 3, 7 ], "texture": "#extras", "cullface": "south", "rotation": 270 },
				"up": { "uv": [ 2.677551, 0.5224495, 3.591837, 1.893877 ], "texture": "#extras", "cullface": "south", "rotation": 90 },
				"north": { "uv": [ 6.5, 15.999, 7.5, 16 ], "texture": "#extras", "cullface": "south" },
				"south": { "uv": [ 8.5, 15.999, 9.5, 16 ], "texture": "#extras", "cullface": "south" },
				"west": { "uv": [ 6.5, 15.999, 7.5, 16 ], "texture": "#extras", "cullface": "south" },
				"east": { "uv": [ 8.5, 15.999, 9.5, 16 ], "texture": "#extras", "cullface": "south" }
			}
		},
		{
			"__comment": "Box1",
			"from": [ 16.6095, 2.5143, 13.4857 ],
			"to": [ 17.82855, 2.5153, 14.55237 ],
			"faces": {
				"down": { "uv": [ 2, 6, 3, 7 ], "texture": "#extras", "cullface": "east", "rotation": 270 },
				"up": { "uv": [ 14.04081, 0.5224495, 15.41224, 1.828571 ], "texture": "#extras", "cullface": "east", "rotation": 90 },
				"north": { "uv": [ 6.5, 15.999, 7.5, 16 ], "texture": "#extras", "cullface": "east" },
				"south": { "uv": [ 8.5, 15.999, 9.5, 16 ], "texture": "#extras", "cullface": "east" },
				"west": { "uv": [ 6.5, 15.999, 7.5, 16 ], "texture": "#extras", "cullface": "east" },
				"east": { "uv": [ 8.5, 15.999, 9.5, 16 ], "texture": "#extras", "cullface": "east" }
			}
		},
		{
			"__comment": "Box1",
			"from": [ 9.3714, 2.5143, 17.3716 ],
			"to": [ 10.66664, 2.5153, 18.20969 ],
			"faces": {
				"down": { "uv": [ 2, 6, 3, 7 ], "texture": "#extras", "cullface": "south", "rotation": 270 },
				"up": { "uv": [ 3.853061, 0.5224495, 4.767346, 1.893877 ], "texture": "#extras", "cullface": "south", "rotation": 90 },
				"north": { "uv": [ 6.5, 15.999, 7.5, 16 ], "texture": "#extras", "cullface": "south" },
				"south": { "uv": [ 8.5, 15.999, 9.5, 16 ], "texture": "#extras", "cullface": "south" },
				"west": { "uv": [ 6.5, 15.999, 7.5, 16 ], "texture": "#extras", "cullface": "south" },
				"east": { "uv": [ 8.5, 15.999, 9.5, 16 ], "texture": "#extras", "cullface": "south" }
			}
		},
		{
			"__comment": "Box1",
			"from": [ 7.8476, 2.5143, 15.8478 ],
			"to": [ 9.142838, 2.5153, 16.68589 ],
			"faces": {
				"down": { "uv": [ 2, 6, 3, 7 ], "texture": "#extras", "cullface": "south", "rotation": 270 },
				"up": { "uv": [ 5.028571, 0.5877552, 5.942857, 1.959183 ], "texture": "#extras", "cullface": "south", "rotation": 90 },
				"north": { "uv": [ 6.5, 15.999, 7.5, 16 ], "texture": "#extras", "cullface": "south" },
				"south": { "uv": [ 8.5, 15.999, 9.5, 16 ], "texture": "#extras", "cullface": "south" },
				"west": { "uv": [ 6.5, 15.999, 7.5, 16 ], "texture": "#extras", "cullface": "south" },
				"east": { "uv": [ 8.5, 15.999, 9.5, 16 ], "texture": "#extras", "cullface": "south" }
			}
		},
		{
			"__comment": "Box1",
			"from": [ 7.1619, 2.5143, 13.6382 ],
			"to": [ 8.457138, 2.5153, 14.4763 ],
			"faces": {
				"down": { "uv": [ 2, 6, 3, 7 ], "texture": "#extras", "rotation": 270 },
				"up": { "uv": [ 6.204082, 0.5224495, 7.118367, 1.893877 ], "texture": "#extras", "rotation": 90 },
				"north": { "uv": [ 6.5, 15.999, 7.5, 16 ], "texture": "#extras" },
				"south": { "uv": [ 8.5, 15.999, 9.5, 16 ], "texture": "#extras" },
				"west": { "uv": [ 6.5, 15.999, 7.5, 16 ], "texture": "#extras" },
				"east": { "uv": [ 8.5, 15.999, 9.5, 16 ], "texture": "#extras" }
			}
		},
		{
			"__comment": "Box1",
			"from": [ 7.6952, 2.5143, 11.3525 ],
			"to": [ 8.990438, 2.5153, 12.1906 ],
			"faces": {
				"down": { "uv": [ 2, 6, 3, 7 ], "texture": "#extras", "rotation": 270 },
				"up": { "uv": [ 7.314285, 0.5877552, 8.228571, 1.959183 ], "texture": "#extras", "rotation": 90 },
				"north": { "uv": [ 6.5, 15.999, 7.5, 16 ], "texture": "#extras" },
				"south": { "uv": [ 8.5, 15.999, 9.5, 16 ], "texture": "#extras" },
				"west": { "uv": [ 6.5, 15.999, 7.5, 16 ], "texture": "#extras" },
				"east": { "uv": [ 8.5, 15.999, 9.5, 16 ], "texture": "#extras" }
			}
		},
		{
			"__comment": "Box1",
			"from": [ 9.2951, 2.5143, 9.8287 ],
			"to": [ 10.59034, 2.5153, 10.6668 ],
			"faces": {
				"down": { "uv": [ 2, 6, 3, 7 ], "texture": "#extras", "rotation": 270 },
				"up": { "uv": [ 8.489795, 0.5877552, 9.40408, 1.959183 ], "texture": "#extras", "rotation": 90 },
				"north": { "uv": [ 6.5, 15.999, 7.5, 16 ], "texture": "#extras" },
				"south": { "uv": [ 8.5, 15.999, 9.5, 16 ], "texture": "#extras" },
				"west": { "uv": [ 6.5, 15.999, 7.5, 16 ], "texture": "#extras" },
				"east": { "uv": [ 8.5, 15.999, 9.5, 16 ], "texture": "#extras" }
			}
		},
		{
			"__comment": "Box1",
			"from": [ 11.6571, 2.5143, 8.9143 ],
			"to": [ 12.95234, 2.5153, 9.752396 ],
			"faces": {
				"down": { "uv": [ 2, 6, 3, 7 ], "texture": "#extras", "rotation": 270 },
				"up": { "uv": [ 9.599999, 0.5877552, 10.51429, 1.959183 ], "texture": "#extras", "rotation": 90 },
				"north": { "uv": [ 6.5, 15.999, 7.5, 16 ], "texture": "#extras" },
				"south": { "uv": [ 8.5, 15.999, 9.5, 16 ], "texture": "#extras" },
				"west": { "uv": [ 6.5, 15.999, 7.5, 16 ], "texture": "#extras" },
				"east": { "uv": [ 8.5, 15.999, 9.5, 16 ], "texture": "#extras" }
			}
		},
		{
			"__comment": "Box1",
			"from": [ 14.0952, 2.5143, 9.3715 ],
			"to": [ 15.39044, 2.5153, 10.43817 ],
			"faces": {
				"down": { "uv": [ 2, 6, 3, 7 ], "texture": "#extras", "rotation": 270 },
				"up": { "uv": [ 10.84082, 0.5224495, 12.27755, 1.893877 ], "texture": "#extras", "rotation": 90 },
				"north": { "uv": [ 6.5, 15.999, 7.5, 16 ], "texture": "#extras" },
				"south": { "uv": [ 8.5, 15.999, 9.5, 16 ], "texture": "#extras" },
				"west": { "uv": [ 6.5, 15.999, 7.5, 16 ], "texture": "#extras" },
				"east": { "uv": [ 8.5, 15.999, 9.5, 16 ], "texture": "#extras" }
			}
		},
		{
			"__comment": "Box1",
			"from": [ 15.9238, 2.5143, 11.2 ],
			"to": [ 17.21904, 2.5153, 12.26667 ],
			"faces": {
				"down": { "uv": [ 2, 6, 3, 7 ], "texture": "#extras", "cullface": "east", "rotation": 270 },
				"up": { "uv": [ 12.40816, 0.5224495, 13.8449, 1.893877 ], "texture": "#extras", "cullface": "east", "rotation": 90 },
				"north": { "uv": [ 6.5, 15.999, 7.5, 16 ], "texture": "#extras", "cullface": "east" },
				"south": { "uv": [ 8.5, 15.999, 9.5, 16 ], "texture": "#extras", "cullface": "east" },
				"west": { "uv": [ 6.5, 15.999, 7.5, 16 ], "texture": "#extras", "cullface": "east" },
				"east": { "uv": [ 8.5, 15.999, 9.5, 16 ], "texture": "#extras", "cullface": "east" }
			}
		}
	],
	"display": {
		"thirdperson_righthand": {
			"rotation":  [ 0, -90, 0 ],
			"translation":  [ 3, 10.434, 4.2 ],
			"scale":  [ 1.5, 1.5, 1.5 ]
		}
	}
}