{
	"__comment": "Designed by CapenGoggles with Cubik Studio - https://cubik.studio",
	"textures": {
		"particle": "item/signtextures/servelevsignextras",
		"extras": "item/signtextures/servelevsignextras"
	},
	"elements": [ 	 
		{
			"__comment": "Box1",
			"from": [ 11.7333, 2.819, 12.8762 ],
			"to": [ 17.14282, 2.82, 15.00953 ],
			"faces": {
				"down": { "uv": [ 2, 6, 3, 7 ], "texture": "#extras", "cullface": "east", "rotation": 180 },
				"up": { "uv": [ 0.5, 10, 8.5, 13 ], "texture": "#extras", "cullface": "east", "rotation": 180 },
				"north": { "uv": [ 6.5, 15.999, 7.5, 16 ], "texture": "#extras", "cullface": "east" },
				"south": { "uv": [ 8.5, 15.999, 9.5, 16 ], "texture": "#extras", "cullface": "east" },
				"west": { "uv": [ 8.5, 15.999, 9.5, 16 ], "texture": "#extras", "cullface": "east" },
				"east": { "uv": [ 6.5, 15.999, 7.5, 16 ], "texture": "#extras", "cullface": "east" }
			}
		}
	],
	"display": {
		"thirdperson_righthand": {
			"rotation":  [ 0, -90, 0 ],
			"translation":  [ 3, 11, 5.3 ],
			"scale":  [ 1.5, 1.5, 1.5 ]
		},
		"gui": {
			"rotation":  [ 67, 0, 0 ],
			"translation":  [ -5.565, 7.6521, 0 ]
		},
		"head": {
			"rotation":  [ 90, -90, 180 ],
			"translation":  [ 13.912, -16.9, -19.5 ],
			"scale":  [ 2.3, 2.3, 2.3 ]
		}
	}
}