{
	"__comment": "Designed by MagicWorksMC with Cubik Studio - https://cubik.studio",
	"textures": {
		"particle": "item/othertextures/door5e",
		"texture": "item/othertextures/door5e"
	},
	"elements": [ 	 
		{
			"__comment": "Voxels",
			"from": [ 7, -2, -1 ],
			"to": [ 8, 32, 22 ],
			"faces": {
				"down": { "uv": [ 0, 1.75, 0.25, 7.5 ], "texture": "#texture" },
				"up": { "uv": [ 0.25, 7.5, 0.5, 1.75 ], "texture": "#texture" },
				"north": { "uv": [ 11.75, 7.5, 11.5, 16 ], "texture": "#texture" },
				"south": { "uv": [ 11.75, 7.5, 12, 16 ], "texture": "#texture" },
				"west": { "uv": [ 0, 7.5, 5.75, 16 ], "texture": "#texture" },
				"east": { "uv": [ 11.5, 7.5, 5.75, 16 ], "texture": "#texture" }
			}
		}
	],
	"display": {
		"firstperson_righthand": {
			"scale":  [ 0.2, 0.2, 0.2 ]
		},
		"firstperson_lefthand": {
			"scale":  [ 0.2, 0.2, 0.2 ]
		},
		"gui": {
			"rotation":  [ 0, 90, 0 ],
			"scale":  [ 0.2, 0.2, 0.2 ]
		},
		"head": {
			"rotation":  [ 0, 90, 0 ],
			"translation":  [ -9.043, -16.68, -0.695 ],
			"scale":  [ 2, 3, 3.5 ]
		},
		"ground": {
			"rotation":  [ 0, 0, 86 ],
			"scale":  [ 0.5, 0.5, 0.5 ]
		}
	}
}