{
	"__comment": "Designed by CapenGoggles with Cubik Studio - https://cubik.studio",
	"textures": {
		"particle": "item/othertextures/door5d_m",
		"texture": "item/othertextures/door5d_m"
	},
	"elements": [ 	 
		{
			"__comment": "Voxels",
			"from": [ 6, 8.25, 12.75 ],
			"to": [ 7, 8.5, 13 ],
			"faces": {
				"down": { "uv": [ 13.5, 14.375, 14, 14.5 ], "texture": "#texture" },
				"up": { "uv": [ 4.5, 8.25, 5, 8.125 ], "texture": "#texture" },
				"north": { "uv": [ 5, 8, 4.5, 8.125 ], "texture": "#texture" },
				"south": { "uv": [ 6.25, 8.125, 6.75, 8.25 ], "texture": "#texture" },
				"west": { "uv": [ 10.125, 8.625, 10.25, 8.75 ], "texture": "#texture" },
				"east": { "uv": [ 9.125, 8, 9, 8.125 ], "texture": "#texture" }
			}
		},
		{
			"__comment": "Voxels",
			"from": [ 6.25, 1.5, 6 ],
			"to": [ 7.25, 1.75, 13.75 ],
			"faces": {
				"down": { "uv": [ 4.5, 12.125, 5, 16 ], "texture": "#texture" },
				"up": { "uv": [ 4.5, 12.125, 5, 8.25 ], "texture": "#texture" },
				"north": { "uv": [ 14, 14.5, 13.5, 14.625 ], "texture": "#texture" },
				"south": { "uv": [ 13.5, 14.625, 14, 14.75 ], "texture": "#texture" },
				"west": { "uv": [ 10.75, 12.875, 14.625, 13 ], "texture": "#texture" },
				"east": { "uv": [ 14.625, 12.75, 10.75, 12.875 ], "texture": "#texture" }
			}
		},
		{
			"__comment": "Voxels",
			"from": [ 6.25, 1.75, 6.25 ],
			"to": [ 7.25, 15.5, 6.5 ],
			"faces": {
				"up": { "uv": [ 14.875, 14.875, 15.375, 14.75 ], "texture": "#texture" },
				"north": { "uv": [ 1.5, 9.125, 1, 16 ], "texture": "#texture" },
				"south": { "uv": [ 1.5, 9.125, 2, 16 ], "texture": "#texture" },
				"west": { "uv": [ 9.5, 8.75, 9.625, 15.625 ], "texture": "#texture" },
				"east": { "uv": [ 10, 8.75, 9.875, 15.625 ], "texture": "#texture" }
			}
		},
		{
			"__comment": "Voxels",
			"from": [ 6.25, 1.75, 13.25 ],
			"to": [ 7.25, 15.5, 13.5 ],
			"faces": {
				"up": { "uv": [ 13.5, 14.375, 14, 14.25 ], "texture": "#texture" },
				"north": { "uv": [ 0.5, 9.125, 0, 16 ], "texture": "#texture" },
				"south": { "uv": [ 0.5, 9.125, 1, 16 ], "texture": "#texture" },
				"west": { "uv": [ 9.75, 8.75, 9.875, 15.625 ], "texture": "#texture" },
				"east": { "uv": [ 9.75, 8.75, 9.625, 15.625 ], "texture": "#texture" }
			}
		},
		{
			"__comment": "Voxels",
			"from": [ 6.25, 8, 12.75 ],
			"to": [ 7, 8.25, 13 ],
			"faces": {
				"down": { "uv": [ 13.5, 13.75, 13.875, 13.875 ], "texture": "#texture" },
				"north": { "uv": [ 5.375, 8, 5, 8.125 ], "texture": "#texture" },
				"south": { "uv": [ 2, 8, 2.375, 8.125 ], "texture": "#texture" },
				"west": { "uv": [ 9.375, 8.875, 9.5, 9 ], "texture": "#texture" },
				"east": { "uv": [ 7.375, 8.125, 7.25, 8.25 ], "texture": "#texture" }
			}
		},
		{
			"__comment": "Voxels",
			"from": [ 6.25, 12, 9.75 ],
			"to": [ 7, 13, 10.25 ],
			"faces": {
				"down": { "uv": [ 2.75, 8, 3.125, 8.25 ], "texture": "#texture" },
				"up": { "uv": [ 2, 8.375, 2.375, 8.125 ], "texture": "#texture" },
				"north": { "uv": [ 3.625, 8, 3.25, 8.5 ], "texture": "#texture" },
				"south": { "uv": [ 5, 8.125, 5.375, 8.625 ], "texture": "#texture" },
				"west": { "uv": [ 8.625, 9.125, 8.875, 9.625 ], "texture": "#texture" },
				"east": { "uv": [ 8.625, 8.125, 8.375, 8.625 ], "texture": "#texture" }
			}
		},
		{
			"__comment": "Voxels",
			"from": [ 6.25, 15.25, 6.5 ],
			"to": [ 7.25, 15.5, 13.25 ],
			"faces": {
				"down": { "uv": [ 6.25, 12.625, 6.75, 16 ], "texture": "#texture" },
				"up": { "uv": [ 5, 13.625, 5.5, 10.25 ], "texture": "#texture" },
				"west": { "uv": [ 10.875, 12.625, 14.25, 12.75 ], "texture": "#texture" },
				"east": { "uv": [ 14.25, 12.5, 10.875, 12.625 ], "texture": "#texture" }
			}
		},
		{
			"__comment": "Voxels",
			"from": [ 6.5, 1.75, 6.5 ],
			"to": [ 7, 15.25, 7.25 ],
			"faces": {
				"south": { "uv": [ 5.75, 9.25, 6, 16 ], "texture": "#texture" },
				"west": { "uv": [ 2.375, 9.25, 2.75, 16 ], "texture": "#texture" },
				"east": { "uv": [ 2.375, 9.25, 2, 16 ], "texture": "#texture" }
			}
		},
		{
			"__comment": "Voxels",
			"from": [ 6.5, 1.75, 7.25 ],
			"to": [ 7, 2.5, 13.25 ],
			"faces": {
				"up": { "uv": [ 3, 11.25, 3.25, 8.25 ], "texture": "#texture" },
				"west": { "uv": [ 12.5, 15.625, 15.5, 16 ], "texture": "#texture" },
				"east": { "uv": [ 12.5, 15.625, 9.5, 16 ], "texture": "#texture" }
			}
		},
		{
			"__comment": "Voxels",
			"from": [ 6.5, 2.5, 9.25 ],
			"to": [ 7, 15.25, 9.75 ],
			"faces": {
				"north": { "uv": [ 8.625, 9.625, 8.375, 16 ], "texture": "#texture" },
				"south": { "uv": [ 8.125, 9.625, 8.375, 16 ], "texture": "#texture" },
				"west": { "uv": [ 7.875, 9.625, 8.125, 16 ], "texture": "#texture" },
				"east": { "uv": [ 7.875, 9.625, 7.625, 16 ], "texture": "#texture" }
			}
		},
		{
			"__comment": "Voxels",
			"from": [ 6.5, 2.5, 9.75 ],
			"to": [ 7, 12, 10.75 ],
			"faces": {
				"up": { "uv": [ 8.375, 9.125, 8.625, 8.625 ], "texture": "#texture" },
				"south": { "uv": [ 8.875, 8.875, 9.125, 13.625 ], "texture": "#texture" },
				"west": { "uv": [ 3.25, 11.25, 3.75, 16 ], "texture": "#texture" },
				"east": { "uv": [ 3.25, 11.25, 2.75, 16 ], "texture": "#texture" }
			}
		},
		{
			"__comment": "Voxels",
			"from": [ 6.5, 2.5, 12.5 ],
			"to": [ 7, 15.25, 12.75 ],
			"faces": {
				"north": { "uv": [ 7.625, 9.625, 7.375, 16 ], "texture": "#texture" },
				"south": { "uv": [ 8.625, 9.625, 8.875, 16 ], "texture": "#texture" },
				"west": { "uv": [ 10.25, 9.25, 10.375, 15.625 ], "texture": "#texture" },
				"east": { "uv": [ 10.5, 9.25, 10.375, 15.625 ], "texture": "#texture" }
			}
		},
		{
			"__comment": "Voxels",
			"from": [ 6.5, 2.5, 12.75 ],
			"to": [ 7, 8, 13.25 ],
			"faces": {
				"up": { "uv": [ 10.5, 8.75, 10.75, 8.5 ], "texture": "#texture" },
				"west": { "uv": [ 10, 9.5, 10.25, 12.25 ], "texture": "#texture" },
				"east": { "uv": [ 10.75, 12.875, 10.5, 15.625 ], "texture": "#texture" }
			}
		},
		{
			"__comment": "Voxels",
			"from": [ 6.5, 2.75, 7.5 ],
			"to": [ 7, 7.5, 9 ],
			"faces": {
				"down": { "uv": [ 6.5, 8.25, 6.75, 9 ], "texture": "#texture" },
				"up": { "uv": [ 7.625, 9.625, 7.875, 8.875 ], "texture": "#texture" },
				"north": { "uv": [ 12, 13.25, 11.75, 15.625 ], "texture": "#texture" },
				"south": { "uv": [ 12.25, 13.25, 12.5, 15.625 ], "texture": "#texture" },
				"west": { "uv": [ 5, 13.625, 5.75, 16 ], "texture": "#texture" },
				"east": { "uv": [ 4.5, 8.375, 3.75, 10.75 ], "texture": "#texture" }
			}
		},
		{
			"__comment": "Voxels",
			"from": [ 6.5, 2.75, 11 ],
			"to": [ 7, 7.5, 12.25 ],
			"faces": {
				"down": { "uv": [ 7.875, 9, 8.125, 9.625 ], "texture": "#texture" },
				"up": { "uv": [ 5.375, 8.625, 5.625, 8 ], "texture": "#texture" },
				"north": { "uv": [ 11.75, 13.25, 11.5, 15.625 ], "texture": "#texture" },
				"south": { "uv": [ 12, 13.25, 12.25, 15.625 ], "texture": "#texture" },
				"west": { "uv": [ 6.75, 8.375, 7.375, 10.75 ], "texture": "#texture" },
				"east": { "uv": [ 9.5, 13.625, 8.875, 16 ], "texture": "#texture" }
			}
		},
		{
			"__comment": "Voxels",
			"from": [ 6.5, 7.75, 7.25 ],
			"to": [ 7, 8.75, 9.25 ],
			"faces": {
				"down": { "uv": [ 1.25, 8.125, 1.5, 9.125 ], "texture": "#texture" },
				"up": { "uv": [ 1, 9.125, 1.25, 8.125 ], "texture": "#texture" },
				"west": { "uv": [ 12.5, 15.125, 13.5, 15.625 ], "texture": "#texture" },
				"east": { "uv": [ 13.5, 14.625, 12.5, 15.125 ], "texture": "#texture" }
			}
		},
		{
			"__comment": "Voxels",
			"from": [ 6.5, 7.75, 10.75 ],
			"to": [ 7, 8.75, 12.5 ],
			"faces": {
				"down": { "uv": [ 2.375, 8.375, 2.625, 9.25 ], "texture": "#texture" },
				"up": { "uv": [ 6, 9.25, 6.25, 8.375 ], "texture": "#texture" },
				"west": { "uv": [ 12.5, 13.625, 13.375, 14.125 ], "texture": "#texture" },
				"east": { "uv": [ 13.375, 14.125, 12.5, 14.625 ], "texture": "#texture" }
			}
		},
		{
			"__comment": "Voxels",
			"from": [ 6.5, 8, 13 ],
			"to": [ 7, 15.25, 13.25 ],
			"faces": {
				"north": { "uv": [ 6.5, 9, 6.25, 12.625 ], "texture": "#texture" },
				"west": { "uv": [ 10.75, 9.125, 10.875, 12.75 ], "texture": "#texture" },
				"east": { "uv": [ 9.5, 10, 9.375, 13.625 ], "texture": "#texture" }
			}
		},
		{
			"__comment": "Voxels",
			"from": [ 6.5, 8.5, 12.75 ],
			"to": [ 7, 15.25, 13 ],
			"faces": {
				"west": { "uv": [ 10.875, 9.125, 11, 12.5 ], "texture": "#texture" },
				"east": { "uv": [ 11.125, 9.125, 11, 12.5 ], "texture": "#texture" }
			}
		},
		{
			"__comment": "Voxels",
			"from": [ 6.5, 9, 7.5 ],
			"to": [ 7, 14.25, 9 ],
			"faces": {
				"down": { "uv": [ 6.25, 8.25, 6.5, 9 ], "texture": "#texture" },
				"up": { "uv": [ 7.625, 8.875, 7.875, 8.125 ], "texture": "#texture" },
				"north": { "uv": [ 11.25, 13, 11, 15.625 ], "texture": "#texture" },
				"south": { "uv": [ 10.75, 13, 11, 15.625 ], "texture": "#texture" },
				"west": { "uv": [ 3.75, 13.375, 4.5, 16 ], "texture": "#texture" },
				"east": { "uv": [ 4.5, 10.75, 3.75, 13.375 ], "texture": "#texture" }
			}
		},
		{
			"__comment": "Voxels",
			"from": [ 6.5, 9, 11 ],
			"to": [ 7, 14.25, 12.25 ],
			"faces": {
				"down": { "uv": [ 7.875, 8.375, 8.125, 9 ], "texture": "#texture" },
				"up": { "uv": [ 8.125, 9.625, 8.375, 9 ], "texture": "#texture" },
				"north": { "uv": [ 10.75, 10.25, 10.5, 12.875 ], "texture": "#texture" },
				"south": { "uv": [ 11.25, 13, 11.5, 15.625 ], "texture": "#texture" },
				"west": { "uv": [ 6.75, 13.375, 7.375, 16 ], "texture": "#texture" },
				"east": { "uv": [ 7.375, 10.75, 6.75, 13.375 ], "texture": "#texture" }
			}
		},
		{
			"__comment": "Voxels",
			"from": [ 6.5, 12, 10.25 ],
			"to": [ 7, 15.25, 10.75 ],
			"faces": {
				"north": { "uv": [ 5.25, 8.625, 5, 10.25 ], "texture": "#texture" },
				"south": { "uv": [ 5.25, 8.625, 5.5, 10.25 ], "texture": "#texture" },
				"west": { "uv": [ 7.375, 8, 7.625, 9.625 ], "texture": "#texture" },
				"east": { "uv": [ 5.75, 8.625, 5.5, 10.25 ], "texture": "#texture" }
			}
		},
		{
			"__comment": "Voxels",
			"from": [ 6.5, 13, 9.75 ],
			"to": [ 7, 15.25, 10.25 ],
			"faces": {
				"west": { "uv": [ 0.25, 8, 0.5, 9.125 ], "texture": "#texture" },
				"east": { "uv": [ 0.25, 8, 0, 9.125 ], "texture": "#texture" }
			}
		},
		{
			"__comment": "Voxels",
			"from": [ 6.5, 14.5, 7.25 ],
			"to": [ 7, 15.25, 9.25 ],
			"faces": {
				"down": { "uv": [ 1.75, 8.125, 2, 9.125 ], "texture": "#texture" },
				"west": { "uv": [ 13.5, 15.25, 14.5, 15.625 ], "texture": "#texture" },
				"east": { "uv": [ 13.5, 13.25, 12.5, 13.625 ], "texture": "#texture" }
			}
		},
		{
			"__comment": "Voxels",
			"from": [ 6.5, 14.5, 10.75 ],
			"to": [ 7, 15.25, 12.5 ],
			"faces": {
				"down": { "uv": [ 5.75, 8.375, 6, 9.25 ], "texture": "#texture" },
				"west": { "uv": [ 13.5, 14.875, 14.375, 15.25 ], "texture": "#texture" },
				"east": { "uv": [ 15.375, 15.25, 14.5, 15.625 ], "texture": "#texture" }
			}
		},
		{
			"__comment": "Voxels",
			"from": [ 6.75, 2.5, 7.25 ],
			"to": [ 7, 7.75, 7.5 ],
			"faces": {
				"south": { "uv": [ 13.125, 9.875, 13.25, 12.5 ], "texture": "#texture" },
				"west": { "uv": [ 13.875, 9.875, 14, 12.5 ], "texture": "#texture" },
				"east": { "uv": [ 13.875, 9.875, 13.75, 12.5 ], "texture": "#texture" }
			}
		},
		{
			"__comment": "Voxels",
			"from": [ 6.75, 2.5, 7.5 ],
			"to": [ 7, 2.75, 9.25 ],
			"faces": {
				"up": { "uv": [ 2.25, 9.25, 2.375, 8.375 ], "texture": "#texture" },
				"west": { "uv": [ 12.5, 13, 13.375, 13.125 ], "texture": "#texture" },
				"east": { "uv": [ 13.375, 13.125, 12.5, 13.25 ], "texture": "#texture" }
			}
		},
		{
			"__comment": "Voxels",
			"from": [ 6.75, 2.5, 10.75 ],
			"to": [ 7, 7.75, 11 ],
			"faces": {
				"south": { "uv": [ 13.5, 9.875, 13.625, 12.5 ], "texture": "#texture" },
				"west": { "uv": [ 13.375, 9.875, 13.5, 12.5 ], "texture": "#texture" },
				"east": { "uv": [ 13.375, 9.875, 13.25, 12.5 ], "texture": "#texture" }
			}
		},
		{
			"__comment": "Voxels",
			"from": [ 6.75, 2.5, 11 ],
			"to": [ 7, 2.75, 12.5 ],
			"faces": {
				"up": { "uv": [ 9.625, 8.75, 9.75, 8 ], "texture": "#texture" },
				"west": { "uv": [ 15.25, 15.125, 16, 15.25 ], "texture": "#texture" },
				"east": { "uv": [ 16, 15, 15.25, 15.125 ], "texture": "#texture" }
			}
		},
		{
			"__comment": "Voxels",
			"from": [ 6.75, 2.75, 9 ],
			"to": [ 7, 7.75, 9.25 ],
			"faces": {
				"north": { "uv": [ 14.25, 10, 14.125, 12.5 ], "texture": "#texture" },
				"west": { "uv": [ 14.375, 10, 14.5, 12.5 ], "texture": "#texture" },
				"east": { "uv": [ 14.625, 10, 14.5, 12.5 ], "texture": "#texture" }
			}
		},
		{
			"__comment": "Voxels",
			"from": [ 6.75, 2.75, 12.25 ],
			"to": [ 7, 7.75, 12.5 ],
			"faces": {
				"north": { "uv": [ 14.75, 10, 14.625, 12.5 ], "texture": "#texture" },
				"west": { "uv": [ 14.875, 10, 15, 12.5 ], "texture": "#texture" },
				"east": { "uv": [ 15.125, 10, 15, 12.5 ], "texture": "#texture" }
			}
		},
		{
			"__comment": "Voxels",
			"from": [ 6.75, 7.5, 7.5 ],
			"to": [ 7, 7.75, 9 ],
			"faces": {
				"west": { "uv": [ 14.375, 14.875, 15.125, 15 ], "texture": "#texture" },
				"east": { "uv": [ 4.5, 8, 3.75, 8.125 ], "texture": "#texture" }
			}
		},
		{
			"__comment": "Voxels",
			"from": [ 6.75, 7.5, 11 ],
			"to": [ 7, 7.75, 12.25 ],
			"faces": {
				"west": { "uv": [ 15.375, 15.25, 16, 15.375 ], "texture": "#texture" },
				"east": { "uv": [ 16, 15.5, 15.375, 15.625 ], "texture": "#texture" }
			}
		},
		{
			"__comment": "Voxels",
			"from": [ 6.75, 8.75, 7.25 ],
			"to": [ 7, 14.5, 7.5 ],
			"faces": {
				"south": { "uv": [ 11.25, 9.625, 11.375, 12.5 ], "texture": "#texture" },
				"west": { "uv": [ 11.125, 9.625, 11.25, 12.5 ], "texture": "#texture" },
				"east": { "uv": [ 12.125, 9.625, 12, 12.5 ], "texture": "#texture" }
			}
		},
		{
			"__comment": "Voxels",
			"from": [ 6.75, 8.75, 7.5 ],
			"to": [ 7, 9, 9.25 ],
			"faces": {
				"up": { "uv": [ 8.875, 8.875, 9, 8 ], "texture": "#texture" },
				"west": { "uv": [ 14.375, 15.125, 15.25, 15.25 ], "texture": "#texture" },
				"east": { "uv": [ 15.25, 15, 14.375, 15.125 ], "texture": "#texture" }
			}
		},
		{
			"__comment": "Voxels",
			"from": [ 6.75, 8.75, 10.75 ],
			"to": [ 7, 14.5, 11 ],
			"faces": {
				"north": { "uv": [ 12, 9.625, 11.875, 12.5 ], "texture": "#texture" },
				"south": { "uv": [ 11.75, 9.625, 11.875, 12.5 ], "texture": "#texture" },
				"west": { "uv": [ 11.625, 9.625, 11.75, 12.5 ], "texture": "#texture" },
				"east": { "uv": [ 11.625, 9.625, 11.5, 12.5 ], "texture": "#texture" }
			}
		},
		{
			"__comment": "Voxels",
			"from": [ 6.75, 8.75, 11 ],
			"to": [ 7, 9, 12.5 ],
			"faces": {
				"up": { "uv": [ 9.875, 8.75, 10, 8 ], "texture": "#texture" },
				"west": { "uv": [ 15.25, 14.875, 16, 15 ], "texture": "#texture" },
				"east": { "uv": [ 14.25, 14.75, 13.5, 14.875 ], "texture": "#texture" }
			}
		},
		{
			"__comment": "Voxels",
			"from": [ 6.75, 9, 9 ],
			"to": [ 7, 14.5, 9.25 ],
			"faces": {
				"north": { "uv": [ 12.75, 9.75, 12.625, 12.5 ], "texture": "#texture" },
				"west": { "uv": [ 12.125, 9.75, 12.25, 12.5 ], "texture": "#texture" },
				"east": { "uv": [ 13, 9.75, 12.875, 12.5 ], "texture": "#texture" }
			}
		},
		{
			"__comment": "Voxels",
			"from": [ 6.75, 9, 12.25 ],
			"to": [ 7, 14.5, 12.5 ],
			"faces": {
				"north": { "uv": [ 12.375, 9.75, 12.25, 12.5 ], "texture": "#texture" },
				"west": { "uv": [ 12.75, 9.75, 12.875, 12.5 ], "texture": "#texture" },
				"east": { "uv": [ 13.125, 9.75, 13, 12.5 ], "texture": "#texture" }
			}
		},
		{
			"__comment": "Voxels",
			"from": [ 6.75, 14.25, 7.5 ],
			"to": [ 7, 14.5, 9 ],
			"faces": {
				"west": { "uv": [ 3.75, 8.25, 4.5, 8.375 ], "texture": "#texture" },
				"east": { "uv": [ 4.5, 8.125, 3.75, 8.25 ], "texture": "#texture" }
			}
		},
		{
			"__comment": "Voxels",
			"from": [ 6.75, 14.25, 11 ],
			"to": [ 7, 14.5, 12.25 ],
			"faces": {
				"west": { "uv": [ 14.25, 14.75, 14.875, 14.875 ], "texture": "#texture" },
				"east": { "uv": [ 16, 15.375, 15.375, 15.5 ], "texture": "#texture" }
			}
		}
	],
	"display": {
		"thirdperson_righthand": {
			"rotation":  [ 90, -90, 0 ],
			"translation":  [ -2.086, 0, 0 ],
			"scale":  [ 2, 2, 2 ]
		},
		"gui": {
			"rotation":  [ 0, 90, 0 ],
			"translation":  [ -2.13, 0, 0 ]
		},
		"ground": {
			"rotation":  [ 0, 0, -80 ]
		}
	}
}