{
	"__comment": "Designed by CapenGoggles with Cubik Studio - https://cubik.studio",
	"textures": {
		"particle": "item/othertextures/emc2tot_m",
		"texture": "item/othertextures/emc2tot_m"
	},
	"elements": [ 	 
		{
			"__comment": "Voxels",
			"from": [ -1, 1.25, 1.25 ],
			"to": [ -0.25, 1.5, 1.5 ],
			"faces": {
				"down": { "uv": [ 14.5, 12, 16, 12.5 ], "texture": "#texture", "cullface": "west" },
				"up": { "uv": [ 14.5, 9, 16, 8.5 ], "texture": "#texture", "cullface": "west" },
				"north": { "uv": [ 16, 8, 14.5, 8.5 ], "texture": "#texture", "cullface": "west" },
				"south": { "uv": [ 14.5, 7.5, 16, 8 ], "texture": "#texture", "cullface": "west" },
				"west": { "uv": [ 15, 5.5, 15.5, 6 ], "texture": "#texture", "cullface": "west" },
				"east": { "uv": [ 16, 5.5, 15.5, 6 ], "texture": "#texture", "cullface": "west" }
			}
		},
		{
			"__comment": "Voxels",
			"from": [ -1, 1.25, 2 ],
			"to": [ -0.75, 1.5, 2.25 ],
			"faces": {
				"down": { "uv": [ 10, 5, 10.5, 5.5 ], "texture": "#texture", "cullface": "west" },
				"up": { "uv": [ 10, 2.5, 10.5, 2 ], "texture": "#texture", "cullface": "west" },
				"north": { "uv": [ 11.5, 5, 11, 5.5 ], "texture": "#texture", "cullface": "west" },
				"south": { "uv": [ 11.5, 5, 12, 5.5 ], "texture": "#texture", "cullface": "west" },
				"west": { "uv": [ 15.5, 5, 16, 5.5 ], "texture": "#texture", "cullface": "west" },
				"east": { "uv": [ 11, 3, 10.5, 3.5 ], "texture": "#texture", "cullface": "west" }
			}
		},
		{
			"__comment": "Voxels",
			"from": [ -0.75, 1.25, 1.75 ],
			"to": [ -0.5, 1.5, 2 ],
			"faces": {
				"down": { "uv": [ 13, 4.5, 13.5, 5 ], "texture": "#texture", "cullface": "west" },
				"up": { "uv": [ 11, 3.5, 11.5, 3 ], "texture": "#texture", "cullface": "west" },
				"north": { "uv": [ 16, 15.5, 15.5, 16 ], "texture": "#texture", "cullface": "west" },
				"south": { "uv": [ 15.5, 13.5, 16, 14 ], "texture": "#texture", "cullface": "west" },
				"west": { "uv": [ 15.5, 13, 16, 13.5 ], "texture": "#texture", "cullface": "west" },
				"east": { "uv": [ 16, 12.5, 15.5, 13 ], "texture": "#texture", "cullface": "west" }
			}
		},
		{
			"__comment": "Voxels",
			"from": [ -0.75, 1.25, 2.25 ],
			"to": [ -0.25, 1.5, 2.5 ],
			"faces": {
				"down": { "uv": [ 1, 5.5, 2, 6 ], "texture": "#texture", "cullface": "west" },
				"up": { "uv": [ 1, 5.5, 2, 5 ], "texture": "#texture", "cullface": "west" },
				"north": { "uv": [ 9.5, 3, 8.5, 3.5 ], "texture": "#texture", "cullface": "west" },
				"south": { "uv": [ 1, 4.5, 2, 5 ], "texture": "#texture", "cullface": "west" },
				"west": { "uv": [ 8, 6.5, 8.5, 7 ], "texture": "#texture", "cullface": "west" },
				"east": { "uv": [ 8.5, 6, 8, 6.5 ], "texture": "#texture", "cullface": "west" }
			}
		},
		{
			"__comment": "Voxels",
			"from": [ -0.5, 1.25, 1.5 ],
			"to": [ -0.25, 1.5, 1.75 ],
			"faces": {
				"down": { "uv": [ 8, 5.5, 8.5, 6 ], "texture": "#texture", "cullface": "west" },
				"up": { "uv": [ 9.5, 3.5, 10, 3 ], "texture": "#texture", "cullface": "west" },
				"south": { "uv": [ 8.5, 2, 9, 2.5 ], "texture": "#texture", "cullface": "west" },
				"west": { "uv": [ 9, 2, 9.5, 2.5 ], "texture": "#texture", "cullface": "west" },
				"east": { "uv": [ 13.5, 5, 13, 5.5 ], "texture": "#texture", "cullface": "west" }
			}
		},
		{
			"__comment": "Voxels",
			"from": [ 0, 1.25, 0.5 ],
			"to": [ 1.25, 1.5, 0.75 ],
			"faces": {
				"down": { "uv": [ 13.5, 10.5, 16, 11 ], "texture": "#texture" },
				"up": { "uv": [ 5.5, 7, 8, 6.5 ], "texture": "#texture" },
				"north": { "uv": [ 8, 6, 5.5, 6.5 ], "texture": "#texture" },
				"south": { "uv": [ 5.5, 5.5, 8, 6 ], "texture": "#texture" },
				"west": { "uv": [ 9.5, 2, 10, 2.5 ], "texture": "#texture", "cullface": "west" },
				"east": { "uv": [ 9, 1.5, 8.5, 2 ], "texture": "#texture" }
			}
		},
		{
			"__comment": "Voxels",
			"from": [ 0, 1.25, 0.75 ],
			"to": [ 0.25, 1.5, 1 ],
			"faces": {
				"down": { "uv": [ 9, 1.5, 9.5, 2 ], "texture": "#texture" },
				"up": { "uv": [ 9.5, 2, 10, 1.5 ], "texture": "#texture" },
				"south": { "uv": [ 9, 1, 9.5, 1.5 ], "texture": "#texture" },
				"west": { "uv": [ 9.5, 1, 10, 1.5 ], "texture": "#texture", "cullface": "west" },
				"east": { "uv": [ 9, 0.5, 8.5, 1 ], "texture": "#texture" }
			}
		},
		{
			"__comment": "Voxels",
			"from": [ 0, 1.25, 1.75 ],
			"to": [ 0.25, 1.5, 2.25 ],
			"faces": {
				"down": { "uv": [ 1.5, 3.5, 2, 4.5 ], "texture": "#texture" },
				"up": { "uv": [ 1, 3.5, 1.5, 2.5 ], "texture": "#texture" },
				"north": { "uv": [ 9, 0, 8.5, 0.5 ], "texture": "#texture" },
				"south": { "uv": [ 9, 0.5, 9.5, 1 ], "texture": "#texture" },
				"west": { "uv": [ 1, 6.5, 2, 7 ], "texture": "#texture", "cullface": "west" },
				"east": { "uv": [ 2, 6, 1, 6.5 ], "texture": "#texture" }
			}
		},
		{
			"__comment": "Voxels",
			"from": [ 0.25, 1.25, 0.25 ],
			"to": [ 1, 1.5, 0.5 ],
			"faces": {
				"down": { "uv": [ 7, 4, 8.5, 4.5 ], "texture": "#texture" },
				"up": { "uv": [ 5.5, 4, 7, 3.5 ], "texture": "#texture" },
				"north": { "uv": [ 8.5, 3.5, 7, 4 ], "texture": "#texture" },
				"west": { "uv": [ 12, 4.5, 12.5, 5 ], "texture": "#texture" },
				"east": { "uv": [ 11, 0, 10.5, 0.5 ], "texture": "#texture" }
			}
		},
		{
			"__comment": "Voxels",
			"from": [ 0.25, 1.25, 2 ],
			"to": [ 1.25, 1.5, 2.25 ],
			"faces": {
				"down": { "uv": [ 14, 11, 16, 11.5 ], "texture": "#texture" },
				"up": { "uv": [ 5.5, 5.5, 7.5, 5 ], "texture": "#texture" },
				"north": { "uv": [ 7.5, 4.5, 5.5, 5 ], "texture": "#texture" },
				"south": { "uv": [ 14, 11.5, 16, 12 ], "texture": "#texture" },
				"east": { "uv": [ 11, 1, 10.5, 1.5 ], "texture": "#texture" }
			}
		},
		{
			"__comment": "Voxels",
			"from": [ 0.25, 1.25, 2.25 ],
			"to": [ 1, 1.5, 2.5 ],
			"faces": {
				"down": { "uv": [ 7, 3, 8.5, 3.5 ], "texture": "#texture" },
				"up": { "uv": [ 5.5, 3, 7, 2.5 ], "texture": "#texture" },
				"south": { "uv": [ 5.5, 2, 7, 2.5 ], "texture": "#texture" },
				"west": { "uv": [ 10.5, 1.5, 11, 2 ], "texture": "#texture" },
				"east": { "uv": [ 11, 3.5, 10.5, 4 ], "texture": "#texture" }
			}
		},
		{
			"__comment": "Voxels",
			"from": [ 0.75, 1.25, 0.75 ],
			"to": [ 1.5, 1.5, 1 ],
			"faces": {
				"down": { "uv": [ 7, 2, 8.5, 2.5 ], "texture": "#texture" },
				"up": { "uv": [ 5.5, 2, 7, 1.5 ], "texture": "#texture" },
				"north": { "uv": [ 8.5, 1.5, 7, 2 ], "texture": "#texture" },
				"south": { "uv": [ 5.5, 1, 7, 1.5 ], "texture": "#texture" },
				"west": { "uv": [ 10.5, 4, 11, 4.5 ], "texture": "#texture" },
				"east": { "uv": [ 11, 4.5, 10.5, 5 ], "texture": "#texture" }
			}
		},
		{
			"__comment": "Voxels",
			"from": [ 0.75, 1.25, 1.75 ],
			"to": [ 1.5, 1.5, 2 ],
			"faces": {
				"down": { "uv": [ 5.5, 0.5, 7, 1 ], "texture": "#texture" },
				"up": { "uv": [ 5.5, 0.5, 7, 0 ], "texture": "#texture" },
				"north": { "uv": [ 8.5, 1, 7, 1.5 ], "texture": "#texture" },
				"south": { "uv": [ 8.5, 4.5, 10, 5 ], "texture": "#texture" },
				"west": { "uv": [ 15, 4.5, 15.5, 5 ], "texture": "#texture" },
				"east": { "uv": [ 13, 4.5, 12.5, 5 ], "texture": "#texture" }
			}
		},
		{
			"__comment": "Voxels",
			"from": [ 1, 1.25, 1 ],
			"to": [ 1.5, 1.5, 1.75 ],
			"faces": {
				"down": { "uv": [ 1, 7, 2, 8.5 ], "texture": "#texture" },
				"up": { "uv": [ 1, 10, 2, 8.5 ], "texture": "#texture" },
				"west": { "uv": [ 11.5, 6, 13, 6.5 ], "texture": "#texture" },
				"east": { "uv": [ 11.5, 6, 10, 6.5 ], "texture": "#texture" }
			}
		},
		{
			"__comment": "Voxels",
			"from": [ 1.75, 1.25, 0.25 ],
			"to": [ 2.25, 1.5, 2.25 ],
			"faces": {
				"down": { "uv": [ 0, 12, 1, 16 ], "texture": "#texture" },
				"up": { "uv": [ 0, 12, 1, 8 ], "texture": "#texture" },
				"north": { "uv": [ 2, 1, 1, 1.5 ], "texture": "#texture" },
				"south": { "uv": [ 1, 1.5, 2, 2 ], "texture": "#texture" },
				"west": { "uv": [ 2, 10.5, 6, 11 ], "texture": "#texture" },
				"east": { "uv": [ 14, 11, 10, 11.5 ], "texture": "#texture" }
			}
		},
		{
			"__comment": "Voxels",
			"from": [ 2, 1.25, 2.25 ],
			"to": [ 2.75, 1.5, 2.5 ],
			"faces": {
				"down": { "uv": [ 8.5, 6, 10, 6.5 ], "texture": "#texture" },
				"up": { "uv": [ 14.5, 7, 16, 6.5 ], "texture": "#texture" },
				"north": { "uv": [ 14.5, 6.5, 13, 7 ], "texture": "#texture" },
				"south": { "uv": [ 11.5, 6.5, 13, 7 ], "texture": "#texture" },
				"west": { "uv": [ 10, 5.5, 10.5, 6 ], "texture": "#texture" },
				"east": { "uv": [ 10, 0.5, 9.5, 1 ], "texture": "#texture" }
			}
		},
		{
			"__comment": "Voxels",
			"from": [ 2.25, 1.25, 1.75 ],
			"to": [ 2.5, 1.5, 2.25 ],
			"faces": {
				"down": { "uv": [ 1, 3.5, 1.5, 4.5 ], "texture": "#texture" },
				"up": { "uv": [ 1.5, 3.5, 2, 2.5 ], "texture": "#texture" },
				"north": { "uv": [ 11.5, 3.5, 11, 4 ], "texture": "#texture" },
				"east": { "uv": [ 2, 0, 1, 0.5 ], "texture": "#texture" }
			}
		},
		{
			"__comment": "Voxels",
			"from": [ 2.5, 1.25, 2 ],
			"to": [ 4.25, 1.5, 2.25 ],
			"faces": {
				"down": { "uv": [ 2, 8, 5.5, 8.5 ], "texture": "#texture" },
				"up": { "uv": [ 2, 8, 5.5, 7.5 ], "texture": "#texture" },
				"north": { "uv": [ 5.5, 7, 2, 7.5 ], "texture": "#texture" },
				"south": { "uv": [ 2, 6.5, 5.5, 7 ], "texture": "#texture" },
				"east": { "uv": [ 13.5, 5.5, 13, 6 ], "texture": "#texture" }
			}
		},
		{
			"__comment": "Voxels",
			"from": [ 2.75, 1.25, 0.25 ],
			"to": [ 3.25, 1.5, 2 ],
			"faces": {
				"down": { "uv": [ 0, 4.5, 1, 8 ], "texture": "#texture" },
				"up": { "uv": [ 0, 4.5, 1, 1 ], "texture": "#texture" },
				"north": { "uv": [ 1, 0.5, 0, 1 ], "texture": "#texture" },
				"west": { "uv": [ 2, 6, 5.5, 6.5 ], "texture": "#texture" },
				"east": { "uv": [ 5.5, 5.5, 2, 6 ], "texture": "#texture" }
			}
		},
		{
			"__comment": "Voxels",
			"from": [ 3.25, 1.25, 2.25 ],
			"to": [ 4, 1.5, 2.5 ],
			"faces": {
				"down": { "uv": [ 10, 6.5, 11.5, 7 ], "texture": "#texture" },
				"up": { "uv": [ 8.5, 7, 10, 6.5 ], "texture": "#texture" },
				"south": { "uv": [ 7, 0, 8.5, 0.5 ], "texture": "#texture" },
				"west": { "uv": [ 10, 1.5, 10.5, 2 ], "texture": "#texture" },
				"east": { "uv": [ 10.5, 2.5, 10, 3 ], "texture": "#texture" }
			}
		},
		{
			"__comment": "Voxels",
			"from": [ 3.5, 1.25, 1.75 ],
			"to": [ 4.25, 1.5, 2 ],
			"faces": {
				"down": { "uv": [ 8.5, 7, 10, 7.5 ], "texture": "#texture" },
				"up": { "uv": [ 10, 7.5, 11.5, 7 ], "texture": "#texture" },
				"north": { "uv": [ 13, 7, 11.5, 7.5 ], "texture": "#texture" },
				"west": { "uv": [ 11, 5.5, 11.5, 6 ], "texture": "#texture" },
				"east": { "uv": [ 11, 5.5, 10.5, 6 ], "texture": "#texture" }
			}
		},
		{
			"__comment": "Voxels",
			"from": [ 3.75, 1.25, 0.25 ],
			"to": [ 4.25, 1.5, 1.75 ],
			"faces": {
				"down": { "uv": [ 1, 13, 2, 16 ], "texture": "#texture" },
				"up": { "uv": [ 1, 13, 2, 10 ], "texture": "#texture" },
				"north": { "uv": [ 2, 2, 1, 2.5 ], "texture": "#texture" },
				"west": { "uv": [ 11.5, 8.5, 14.5, 9 ], "texture": "#texture" },
				"east": { "uv": [ 14.5, 7.5, 11.5, 8 ], "texture": "#texture" }
			}
		},
		{
			"__comment": "Voxels",
			"from": [ 4.5, 1.25, 1 ],
			"to": [ 6.75, 1.5, 1.25 ],
			"faces": {
				"down": { "uv": [ 2, 13.5, 6.5, 14 ], "texture": "#texture" },
				"up": { "uv": [ 8, 14.5, 12.5, 14 ], "texture": "#texture" },
				"north": { "uv": [ 6.5, 15.5, 2, 16 ], "texture": "#texture" },
				"south": { "uv": [ 11, 13.5, 15.5, 14 ], "texture": "#texture" },
				"west": { "uv": [ 13.5, 5.5, 14, 6 ], "texture": "#texture" },
				"east": { "uv": [ 10.5, 0, 10, 0.5 ], "texture": "#texture" }
			}
		},
		{
			"__comment": "Voxels",
			"from": [ 4.5, 1.25, 2 ],
			"to": [ 6.75, 1.5, 2.25 ],
			"faces": {
				"down": { "uv": [ 6.5, 13.5, 11, 14 ], "texture": "#texture" },
				"up": { "uv": [ 8, 15, 12.5, 14.5 ], "texture": "#texture" },
				"north": { "uv": [ 12.5, 15, 8, 15.5 ], "texture": "#texture" },
				"south": { "uv": [ 11, 15.5, 15.5, 16 ], "texture": "#texture" },
				"west": { "uv": [ 14, 5, 14.5, 5.5 ], "texture": "#texture" },
				"east": { "uv": [ 15, 5, 14.5, 5.5 ], "texture": "#texture" }
			}
		},
		{
			"__comment": "Voxels",
			"from": [ 4.75, 1.25, 0.75 ],
			"to": [ 6.5, 1.5, 1 ],
			"faces": {
				"down": { "uv": [ 2, 4.5, 5.5, 5 ], "texture": "#texture" },
				"up": { "uv": [ 2, 4.5, 5.5, 4 ], "texture": "#texture" },
				"north": { "uv": [ 12.5, 9.5, 9, 10 ], "texture": "#texture" },
				"west": { "uv": [ 14, 4.5, 14.5, 5 ], "texture": "#texture" },
				"east": { "uv": [ 14, 4.5, 13.5, 5 ], "texture": "#texture" }
			}
		},
		{
			"__comment": "Voxels",
			"from": [ 4.75, 1.25, 1.25 ],
			"to": [ 6.5, 1.5, 1.5 ],
			"faces": {
				"down": { "uv": [ 2, 3, 5.5, 3.5 ], "texture": "#texture" },
				"up": { "uv": [ 2, 3, 5.5, 2.5 ], "texture": "#texture" },
				"south": { "uv": [ 2, 1.5, 5.5, 2 ], "texture": "#texture" },
				"west": { "uv": [ 11.5, 5.5, 12, 6 ], "texture": "#texture" },
				"east": { "uv": [ 15, 4.5, 14.5, 5 ], "texture": "#texture" }
			}
		},
		{
			"__comment": "Voxels",
			"from": [ 4.75, 1.25, 1.75 ],
			"to": [ 6.5, 1.5, 2 ],
			"faces": {
				"down": { "uv": [ 2, 1, 5.5, 1.5 ], "texture": "#texture" },
				"up": { "uv": [ 2, 1, 5.5, 0.5 ], "texture": "#texture" },
				"north": { "uv": [ 5.5, 0, 2, 0.5 ], "texture": "#texture" },
				"west": { "uv": [ 10, 4.5, 10.5, 5 ], "texture": "#texture" },
				"east": { "uv": [ 10.5, 3, 10, 3.5 ], "texture": "#texture" }
			}
		},
		{
			"__comment": "Voxels",
			"from": [ 4.75, 1.25, 2.25 ],
			"to": [ 6.5, 1.5, 2.5 ],
			"faces": {
				"down": { "uv": [ 9, 10, 12.5, 10.5 ], "texture": "#texture" },
				"up": { "uv": [ 12.5, 10.5, 16, 10 ], "texture": "#texture" },
				"south": { "uv": [ 12.5, 9.5, 16, 10 ], "texture": "#texture" },
				"west": { "uv": [ 15.5, 4.5, 16, 5 ], "texture": "#texture" },
				"east": { "uv": [ 11.5, 4, 11, 4.5 ], "texture": "#texture" }
			}
		},
		{
			"__comment": "Voxels",
			"from": [ 7, 1.25, 0 ],
			"to": [ 9.25, 1.5, 0.25 ],
			"faces": {
				"down": { "uv": [ 6.5, 15.5, 11, 16 ], "texture": "#texture" },
				"up": { "uv": [ 2, 12.5, 6.5, 12 ], "texture": "#texture" },
				"north": { "uv": [ 15.5, 12.5, 11, 13 ], "texture": "#texture", "cullface": "north" },
				"south": { "uv": [ 6.5, 12.5, 11, 13 ], "texture": "#texture" },
				"west": { "uv": [ 9, 0, 9.5, 0.5 ], "texture": "#texture" },
				"east": { "uv": [ 10, 0, 9.5, 0.5 ], "texture": "#texture" }
			}
		},
		{
			"__comment": "Voxels",
			"from": [ 7, 1.25, 3 ],
			"to": [ 9.25, 1.5, 3.25 ],
			"faces": {
				"down": { "uv": [ 2, 12.5, 6.5, 13 ], "texture": "#texture" },
				"up": { "uv": [ 11, 13.5, 15.5, 13 ], "texture": "#texture" },
				"north": { "uv": [ 11, 13, 6.5, 13.5 ], "texture": "#texture" },
				"south": { "uv": [ 2, 13, 6.5, 13.5 ], "texture": "#texture" },
				"west": { "uv": [ 12, 5.5, 12.5, 6 ], "texture": "#texture" },
				"east": { "uv": [ 13, 5.5, 12.5, 6 ], "texture": "#texture" }
			}
		},
		{
			"__comment": "Voxels",
			"from": [ 7.25, 1.25, -0.25 ],
			"to": [ 9, 1.5, 0 ],
			"faces": {
				"down": { "uv": [ 5.5, 9, 9, 9.5 ], "texture": "#texture", "cullface": "north" },
				"up": { "uv": [ 9, 9.5, 12.5, 9 ], "texture": "#texture", "cullface": "north" },
				"north": { "uv": [ 16, 9, 12.5, 9.5 ], "texture": "#texture", "cullface": "north" },
				"west": { "uv": [ 14, 5.5, 14.5, 6 ], "texture": "#texture", "cullface": "north" },
				"east": { "uv": [ 15, 5.5, 14.5, 6 ], "texture": "#texture", "cullface": "north" }
			}
		},
		{
			"__comment": "Voxels",
			"from": [ 7.25, 1.25, 0.25 ],
			"to": [ 9.25, 1.5, 0.5 ],
			"faces": {
				"down": { "uv": [ 6, 10.5, 10, 11 ], "texture": "#texture" },
				"up": { "uv": [ 6, 11.5, 10, 11 ], "texture": "#texture" },
				"south": { "uv": [ 10, 11.5, 14, 12 ], "texture": "#texture" },
				"west": { "uv": [ 10, 4, 10.5, 4.5 ], "texture": "#texture" },
				"east": { "uv": [ 10.5, 3.5, 10, 4 ], "texture": "#texture" }
			}
		},
		{
			"__comment": "Voxels",
			"from": [ 7.25, 1.25, 2.75 ],
			"to": [ 9.25, 1.5, 3 ],
			"faces": {
				"down": { "uv": [ 6, 11.5, 10, 12 ], "texture": "#texture" },
				"up": { "uv": [ 2, 12, 6, 11.5 ], "texture": "#texture" },
				"north": { "uv": [ 14.5, 12, 10.5, 12.5 ], "texture": "#texture" },
				"west": { "uv": [ 10, 1, 10.5, 1.5 ], "texture": "#texture" },
				"east": { "uv": [ 10.5, 0.5, 10, 1 ], "texture": "#texture" }
			}
		},
		{
			"__comment": "Voxels",
			"from": [ 7.25, 1.25, 3.25 ],
			"to": [ 9, 1.5, 3.5 ],
			"faces": {
				"down": { "uv": [ 12.5, 14.5, 16, 15 ], "texture": "#texture" },
				"up": { "uv": [ 12.5, 14.5, 16, 14 ], "texture": "#texture" },
				"south": { "uv": [ 2, 10, 5.5, 10.5 ], "texture": "#texture" },
				"west": { "uv": [ 12, 5, 12.5, 5.5 ], "texture": "#texture" },
				"east": { "uv": [ 13, 5, 12.5, 5.5 ], "texture": "#texture" }
			}
		},
		{
			"__comment": "Voxels",
			"from": [ 7.5, 1.25, 1.5 ],
			"to": [ 9.25, 1.5, 1.75 ],
			"faces": {
				"down": { "uv": [ 2, 5, 5.5, 5.5 ], "texture": "#texture" },
				"up": { "uv": [ 2, 10, 5.5, 9.5 ], "texture": "#texture" },
				"north": { "uv": [ 5.5, 9, 2, 9.5 ], "texture": "#texture" },
				"south": { "uv": [ 2, 8.5, 5.5, 9 ], "texture": "#texture" },
				"west": { "uv": [ 15, 5, 15.5, 5.5 ], "texture": "#texture" },
				"east": { "uv": [ 12, 4.5, 11.5, 5 ], "texture": "#texture" }
			}
		},
		{
			"__comment": "Voxels",
			"from": [ 7.75, 1.25, 1.25 ],
			"to": [ 9.25, 1.5, 1.5 ],
			"faces": {
				"down": { "uv": [ 8.5, 8, 11.5, 8.5 ], "texture": "#texture" },
				"up": { "uv": [ 5.5, 8.5, 8.5, 8 ], "texture": "#texture" },
				"north": { "uv": [ 8.5, 7.5, 5.5, 8 ], "texture": "#texture" },
				"west": { "uv": [ 10.5, 2.5, 11, 3 ], "texture": "#texture" },
				"east": { "uv": [ 11, 2, 10.5, 2.5 ], "texture": "#texture" }
			}
		},
		{
			"__comment": "Voxels",
			"from": [ 7.75, 1.25, 1.75 ],
			"to": [ 9.25, 1.5, 2 ],
			"faces": {
				"down": { "uv": [ 11.5, 8, 14.5, 8.5 ], "texture": "#texture" },
				"up": { "uv": [ 8.5, 9, 11.5, 8.5 ], "texture": "#texture" },
				"south": { "uv": [ 5.5, 7, 8.5, 7.5 ], "texture": "#texture" },
				"west": { "uv": [ 11, 4.5, 11.5, 5 ], "texture": "#texture" },
				"east": { "uv": [ 11.5, 2.5, 11, 3 ], "texture": "#texture" }
			}
		},
		{
			"__comment": "Voxels",
			"from": [ 8.5, 1.25, 0.5 ],
			"to": [ 9.25, 1.5, 1.25 ],
			"faces": {
				"down": { "uv": [ 6.5, 14, 8, 15.5 ], "texture": "#texture" },
				"up": { "uv": [ 5, 15.5, 6.5, 14 ], "texture": "#texture" },
				"west": { "uv": [ 8.5, 5.5, 10, 6 ], "texture": "#texture" },
				"east": { "uv": [ 10, 5, 8.5, 5.5 ], "texture": "#texture" }
			}
		},
		{
			"__comment": "Voxels",
			"from": [ 8.5, 1.25, 2 ],
			"to": [ 9.25, 1.5, 2.75 ],
			"faces": {
				"down": { "uv": [ 3.5, 14, 5, 15.5 ], "texture": "#texture" },
				"up": { "uv": [ 2, 15.5, 3.5, 14 ], "texture": "#texture" },
				"west": { "uv": [ 5.5, 4, 7, 4.5 ], "texture": "#texture" },
				"east": { "uv": [ 14.5, 7, 13, 7.5 ], "texture": "#texture" }
			}
		}
	],
	"display": {
		"thirdperson_righthand": {
			"translation":  [ -2.086, 9.7391, 22.26 ]
		},
		"head": {
			"rotation":  [ -90, 0, 0 ],
			"translation":  [ 11.13, 17.391, -31.98 ],
			"scale":  [ 3, 3, 3 ]
		}
	}
}