{
	"__comment": "Designed by MagicWorksMC with Cubik Studio - https://cubik.studio",
	"textures": {
		"particle": "item/othertextures/totendingspiral",
		"texture": "item/othertextures/totendingspiral"
	},
	"elements": [ 	 
		{
			"__comment": "Box1",
			"from": [ 0.5, 0, 7 ],
			"to": [ 19.5, 19, 7.001 ],
			"faces": {
				"down": { "uv": [ 0, 3.999001, 1, 0 ], "texture": "#texture" },
				"up": { "uv": [ 0, 3, 1, 0 ], "texture": "#texture" },
				"north": { "uv": [ 0, 0, 1, 2 ], "texture": "#texture" },
				"south": { "uv": [ 0.5, 0.5, 15, 15 ], "texture": "#texture" },
				"west": { "uv": [ 14, 0, 15.5, 2.5 ], "texture": "#texture" },
				"east": { "uv": [ 13.5, 0, 15.5, 1.5 ], "texture": "#texture" }
			}
		}
	],
	"display": {
		"head": {
			"rotation":  [ 0, 180, 0 ],
			"translation":  [ 11.129, -11.13, -9.038 ],
			"scale":  [ 4, 4, 4 ]
		}
	}
}