{
	"__comment": "Designed by MagicWorksMC with Cubik Studio - https://cubik.studio",
	"textures": {
		"particle": "item/othertextures/tothallwindow",
		"texture": "item/othertextures/tothallwindow"
	},
	"elements": [ 	 
		{
			"__comment": "Voxels",
			"from": [ 3.75, -3.25, 0.75 ],
			"to": [ 14.25, -2.25, 1 ],
			"faces": {
				"down": { "uv": [ 10.5, 12.875, 15.75, 13 ], "texture": "#texture", "cullface": "down" },
				"up": { "uv": [ 6.625, 12.75, 11.875, 12.625 ], "texture": "#texture", "cullface": "down" },
				"south": { "uv": [ 0, 0.25, 5.25, 0.75 ], "texture": "#texture", "cullface": "down" },
				"west": { "uv": [ 6.25, 0.375, 6.375, 0.875 ], "texture": "#texture", "cullface": "down" },
				"east": { "uv": [ 6.25, 0.375, 6.125, 0.875 ], "texture": "#texture", "cullface": "down" }
			}
		},
		{
			"__comment": "Voxels",
			"from": [ 3.75, -2.25, 0.75 ],
			"to": [ 5.5, 11.5, 1 ],
			"faces": {
				"up": { "uv": [ 15.125, 10.875, 16, 10.75 ], "texture": "#texture", "cullface": "down" },
				"south": { "uv": [ 5.25, 2.25, 6.125, 9.125 ], "texture": "#texture", "cullface": "down" },
				"west": { "uv": [ 6.375, 5.875, 6.5, 12.75 ], "texture": "#texture", "cullface": "down" },
				"east": { "uv": [ 6.625, 5.875, 6.5, 12.75 ], "texture": "#texture", "cullface": "down" }
			}
		},
		{
			"__comment": "Voxels",
			"from": [ 4, -3.5, 0.5 ],
			"to": [ 14, -3.25, 0.75 ],
			"faces": {
				"down": { "uv": [ 6.625, 12.125, 11.625, 12.25 ], "texture": "#texture", "cullface": "down" },
				"north": { "uv": [ 11.625, 12.25, 6.625, 12.375 ], "texture": "#texture", "cullface": "down" },
				"south": { "uv": [ 6.625, 12.375, 11.625, 12.5 ], "texture": "#texture", "cullface": "down" },
				"west": { "uv": [ 15.875, 13.625, 16, 13.75 ], "texture": "#texture", "cullface": "down" },
				"east": { "uv": [ 16, 13.5, 15.875, 13.625 ], "texture": "#texture", "cullface": "down" }
			}
		},
		{
			"__comment": "Voxels",
			"from": [ 4, 11.5, 0.75 ],
			"to": [ 5.5, 12.25, 1 ],
			"faces": {
				"up": { "uv": [ 12.5, 9, 13.25, 8.875 ], "texture": "#texture" },
				"south": { "uv": [ 5.25, 0, 6, 0.375 ], "texture": "#texture" },
				"west": { "uv": [ 15.875, 15.625, 16, 16 ], "texture": "#texture" },
				"east": { "uv": [ 16, 15.25, 15.875, 15.625 ], "texture": "#texture" }
			}
		},
		{
			"__comment": "Voxels",
			"from": [ 4.25, 12.25, 0.75 ],
			"to": [ 5.75, 13, 1 ],
			"faces": {
				"down": { "uv": [ 13.25, 8.875, 14, 9 ], "texture": "#texture" },
				"up": { "uv": [ 14, 9, 14.75, 8.875 ], "texture": "#texture" },
				"south": { "uv": [ 7.375, 9.375, 8.125, 9.75 ], "texture": "#texture" },
				"west": { "uv": [ 6.625, 0.5, 6.75, 0.875 ], "texture": "#texture" },
				"east": { "uv": [ 6.875, 0.5, 6.75, 0.875 ], "texture": "#texture" }
			}
		},
		{
			"__comment": "Voxels",
			"from": [ 4.5, -3.75, 0.5 ],
			"to": [ 13.5, -3.5, 0.75 ],
			"faces": {
				"down": { "uv": [ 11.375, 11.375, 15.875, 11.5 ], "texture": "#texture", "cullface": "down" },
				"north": { "uv": [ 11.125, 11.125, 6.625, 11.25 ], "texture": "#texture", "cullface": "down" },
				"south": { "uv": [ 11.125, 11.125, 15.625, 11.25 ], "texture": "#texture", "cullface": "down" },
				"west": { "uv": [ 15.875, 13.375, 16, 13.5 ], "texture": "#texture", "cullface": "down" },
				"east": { "uv": [ 16, 13.25, 15.875, 13.375 ], "texture": "#texture", "cullface": "down" }
			}
		},
		{
			"__comment": "Voxels",
			"from": [ 4.5, 13, 0.75 ],
			"to": [ 6.25, 13.25, 1 ],
			"faces": {
				"down": { "uv": [ 10.125, 8.875, 11, 9 ], "texture": "#texture" },
				"up": { "uv": [ 14.5, 9.125, 15.375, 9 ], "texture": "#texture" },
				"south": { "uv": [ 8.375, 8.875, 9.25, 9 ], "texture": "#texture" },
				"west": { "uv": [ 15.875, 11.375, 16, 11.5 ], "texture": "#texture" },
				"east": { "uv": [ 7.375, 0.25, 7.25, 0.375 ], "texture": "#texture" }
			}
		},
		{
			"__comment": "Voxels",
			"from": [ 4.75, 13.25, 0.75 ],
			"to": [ 6.75, 13.5, 1 ],
			"faces": {
				"down": { "uv": [ 7.5, 9.125, 8.5, 9.25 ], "texture": "#texture" },
				"up": { "uv": [ 14.75, 9.375, 15.75, 9.25 ], "texture": "#texture" },
				"south": { "uv": [ 10.75, 9.25, 11.75, 9.375 ], "texture": "#texture" },
				"west": { "uv": [ 7.125, 0.5, 7.25, 0.625 ], "texture": "#texture" },
				"east": { "uv": [ 7.375, 0.875, 7.25, 1 ], "texture": "#texture" }
			}
		},
		{
			"__comment": "Voxels",
			"from": [ 5, 13.5, 0.75 ],
			"to": [ 7.25, 13.75, 1 ],
			"faces": {
				"down": { "uv": [ 13.375, 9.625, 14.5, 9.75 ], "texture": "#texture" },
				"up": { "uv": [ 14.5, 9.75, 15.625, 9.625 ], "texture": "#texture" },
				"south": { "uv": [ 13.375, 9.5, 14.5, 9.625 ], "texture": "#texture" },
				"west": { "uv": [ 6.875, 0, 7, 0.125 ], "texture": "#texture" },
				"east": { "uv": [ 7.125, 0.375, 7, 0.5 ], "texture": "#texture" }
			}
		},
		{
			"__comment": "Voxels",
			"from": [ 5.25, 13.75, 0.75 ],
			"to": [ 8.5, 14, 1 ],
			"faces": {
				"down": { "uv": [ 8.125, 9.375, 9.75, 9.5 ], "texture": "#texture" },
				"up": { "uv": [ 11.75, 9.75, 13.375, 9.625 ], "texture": "#texture" },
				"south": { "uv": [ 8.125, 9.5, 9.75, 9.625 ], "texture": "#texture" },
				"west": { "uv": [ 7.25, 1.125, 7.375, 1.25 ], "texture": "#texture" },
				"east": { "uv": [ 7.375, 0.75, 7.25, 0.875 ], "texture": "#texture" }
			}
		},
		{
			"__comment": "Voxels",
			"from": [ 5.5, 0.75, 0.75 ],
			"to": [ 14.25, 1.25, 1 ],
			"faces": {
				"down": { "uv": [ 11.625, 11.875, 16, 12 ], "texture": "#texture" },
				"up": { "uv": [ 11.625, 11.875, 16, 11.75 ], "texture": "#texture" },
				"south": { "uv": [ 6.125, 13, 10.5, 13.25 ], "texture": "#texture" },
				"east": { "uv": [ 6.875, 0.25, 6.75, 0.5 ], "texture": "#texture" }
			}
		},
		{
			"__comment": "Voxels",
			"from": [ 5.5, 4.25, 0.75 ],
			"to": [ 14.25, 4.75, 1 ],
			"faces": {
				"down": { "uv": [ 11.625, 12.375, 16, 12.5 ], "texture": "#texture" },
				"up": { "uv": [ 11.625, 12.375, 16, 12.25 ], "texture": "#texture" },
				"south": { "uv": [ 10.5, 13.5, 14.875, 13.75 ], "texture": "#texture" },
				"east": { "uv": [ 16, 10.375, 15.875, 10.625 ], "texture": "#texture" }
			}
		},
		{
			"__comment": "Voxels",
			"from": [ 5.5, 7.75, 0.75 ],
			"to": [ 14.25, 8.25, 1 ],
			"faces": {
				"down": { "uv": [ 11.625, 12.125, 16, 12.25 ], "texture": "#texture" },
				"up": { "uv": [ 11.625, 12.125, 16, 12 ], "texture": "#texture" },
				"south": { "uv": [ 10.5, 13.25, 14.875, 13.5 ], "texture": "#texture" },
				"east": { "uv": [ 15.75, 10.375, 15.625, 10.625 ], "texture": "#texture" }
			}
		},
		{
			"__comment": "Voxels",
			"from": [ 5.5, 11, 0.75 ],
			"to": [ 14.25, 11.5, 1 ],
			"faces": {
				"down": { "uv": [ 11.625, 11.625, 16, 11.75 ], "texture": "#texture" },
				"up": { "uv": [ 11.625, 11.625, 16, 11.5 ], "texture": "#texture" },
				"south": { "uv": [ 6.125, 13.5, 10.5, 13.75 ], "texture": "#texture" },
				"east": { "uv": [ 15.5, 10.375, 15.375, 10.625 ], "texture": "#texture" }
			}
		},
		{
			"__comment": "Voxels",
			"from": [ 5.5, 12, 0.75 ],
			"to": [ 5.75, 12.25, 1 ],
			"faces": {
				"down": { "uv": [ 7.25, 0.625, 7.375, 0.75 ], "texture": "#texture" },
				"south": { "uv": [ 7.125, 1, 7.25, 1.125 ], "texture": "#texture" },
				"east": { "uv": [ 7, 0.125, 6.875, 0.25 ], "texture": "#texture" }
			}
		},
		{
			"__comment": "Voxels",
			"from": [ 5.5, 14, 0.5 ],
			"to": [ 12.5, 14.25, 1 ],
			"faces": {
				"down": { "uv": [ 12.25, 15, 15.75, 15.25 ], "texture": "#texture" },
				"up": { "uv": [ 12.25, 15, 15.75, 14.75 ], "texture": "#texture" },
				"north": { "uv": [ 10.125, 10, 6.625, 10.125 ], "texture": "#texture" },
				"south": { "uv": [ 10.125, 10, 13.625, 10.125 ], "texture": "#texture" },
				"west": { "uv": [ 15.75, 14.75, 16, 14.875 ], "texture": "#texture" },
				"east": { "uv": [ 16, 14.875, 15.75, 15 ], "texture": "#texture" }
			}
		},
		{
			"__comment": "Voxels",
			"from": [ 5.75, 12.75, 0.75 ],
			"to": [ 6, 13, 1 ],
			"faces": {
				"down": { "uv": [ 15.875, 11, 16, 11.125 ], "texture": "#texture" },
				"south": { "uv": [ 15.875, 11.125, 16, 11.25 ], "texture": "#texture" },
				"east": { "uv": [ 7.375, 0.375, 7.25, 0.5 ], "texture": "#texture" }
			}
		},
		{
			"__comment": "Voxels",
			"from": [ 5.75, 14.25, 0.5 ],
			"to": [ 12.25, 14.5, 1 ],
			"faces": {
				"up": { "uv": [ 12.25, 14.75, 15.5, 14.5 ], "texture": "#texture" },
				"north": { "uv": [ 9.875, 9.875, 6.625, 10 ], "texture": "#texture" },
				"south": { "uv": [ 9.875, 9.875, 13.125, 10 ], "texture": "#texture" },
				"west": { "uv": [ 15.75, 12.75, 16, 12.875 ], "texture": "#texture" },
				"east": { "uv": [ 16, 12.875, 15.75, 13 ], "texture": "#texture" }
			}
		},
		{
			"__comment": "Voxels",
			"from": [ 6, 14.5, 0.5 ],
			"to": [ 12, 14.75, 1 ],
			"faces": {
				"up": { "uv": [ 12.25, 14, 15.25, 13.75 ], "texture": "#texture" },
				"north": { "uv": [ 12.875, 9.75, 9.875, 9.875 ], "texture": "#texture" },
				"south": { "uv": [ 6.875, 9.75, 9.875, 9.875 ], "texture": "#texture" },
				"west": { "uv": [ 15.625, 13.25, 15.875, 13.375 ], "texture": "#texture" },
				"east": { "uv": [ 15.875, 13.375, 15.625, 13.5 ], "texture": "#texture" }
			}
		},
		{
			"__comment": "Voxels",
			"from": [ 6.5, 14.75, 0.5 ],
			"to": [ 11.5, 15, 1 ],
			"faces": {
				"up": { "uv": [ 6.625, 11.875, 9.125, 11.625 ], "texture": "#texture" },
				"north": { "uv": [ 15.375, 9.75, 12.875, 9.875 ], "texture": "#texture" },
				"south": { "uv": [ 13.125, 9.875, 15.625, 10 ], "texture": "#texture" },
				"west": { "uv": [ 15.5, 14.375, 15.75, 14.5 ], "texture": "#texture" },
				"east": { "uv": [ 16, 14.25, 15.75, 14.375 ], "texture": "#texture" }
			}
		},
		{
			"__comment": "Voxels",
			"from": [ 7, 15, 0.5 ],
			"to": [ 11, 15.25, 1 ],
			"faces": {
				"up": { "uv": [ 6.625, 10.625, 8.625, 10.375 ], "texture": "#texture" },
				"north": { "uv": [ 15.625, 10, 13.625, 10.125 ], "texture": "#texture" },
				"south": { "uv": [ 8.125, 9.625, 10.125, 9.75 ], "texture": "#texture" },
				"west": { "uv": [ 15.75, 14.375, 16, 14.5 ], "texture": "#texture" },
				"east": { "uv": [ 15.75, 14.25, 15.5, 14.375 ], "texture": "#texture" }
			}
		},
		{
			"__comment": "Voxels",
			"from": [ 7.5, -2.25, 0.75 ],
			"to": [ 8, 0.75, 1 ],
			"faces": {
				"south": { "uv": [ 6.625, 3.875, 6.875, 5.375 ], "texture": "#texture", "cullface": "down" },
				"west": { "uv": [ 6.125, 3.875, 6.25, 5.375 ], "texture": "#texture", "cullface": "down" },
				"east": { "uv": [ 6.25, 2.375, 6.125, 3.875 ], "texture": "#texture", "cullface": "down" }
			}
		},
		{
			"__comment": "Voxels",
			"from": [ 7.5, 1.25, 0.75 ],
			"to": [ 8, 4.25, 1 ],
			"faces": {
				"south": { "uv": [ 6.875, 8.25, 7.125, 9.75 ], "texture": "#texture" },
				"west": { "uv": [ 6.125, 0.875, 6.25, 2.375 ], "texture": "#texture" },
				"east": { "uv": [ 6.375, 3.875, 6.25, 5.375 ], "texture": "#texture" }
			}
		},
		{
			"__comment": "Voxels",
			"from": [ 7.5, 4.75, 0.75 ],
			"to": [ 8, 7.75, 1 ],
			"faces": {
				"south": { "uv": [ 6.875, 0.75, 7.125, 2.25 ], "texture": "#texture" },
				"west": { "uv": [ 6.25, 2.375, 6.375, 3.875 ], "texture": "#texture" },
				"east": { "uv": [ 6.5, 4.375, 6.375, 5.875 ], "texture": "#texture" }
			}
		},
		{
			"__comment": "Voxels",
			"from": [ 7.5, 8.25, 0.75 ],
			"to": [ 8, 11, 1 ],
			"faces": {
				"south": { "uv": [ 7.125, 5.625, 7.375, 7 ], "texture": "#texture" },
				"west": { "uv": [ 7.375, 3.625, 7.5, 5 ], "texture": "#texture" },
				"east": { "uv": [ 7.5, 2.25, 7.375, 3.625 ], "texture": "#texture" }
			}
		},
		{
			"__comment": "Voxels",
			"from": [ 8.25, 15.25, 0.5 ],
			"to": [ 9.75, 15.5, 1 ],
			"faces": {
				"up": { "uv": [ 4.375, 0.25, 5.125, 0 ], "texture": "#texture" },
				"north": { "uv": [ 9.75, 8.75, 9, 8.875 ], "texture": "#texture" },
				"south": { "uv": [ 8.25, 8.75, 9, 8.875 ], "texture": "#texture" },
				"west": { "uv": [ 15.75, 10.125, 16, 10.25 ], "texture": "#texture" },
				"east": { "uv": [ 15.875, 10, 15.625, 10.125 ], "texture": "#texture" }
			}
		},
		{
			"__comment": "Voxels",
			"from": [ 9.5, 13.75, 0.75 ],
			"to": [ 12.75, 14, 1 ],
			"faces": {
				"down": { "uv": [ 10.125, 9.5, 11.75, 9.625 ], "texture": "#texture" },
				"up": { "uv": [ 10.125, 9.75, 11.75, 9.625 ], "texture": "#texture" },
				"south": { "uv": [ 14.125, 10.25, 15.75, 10.375 ], "texture": "#texture" },
				"west": { "uv": [ 6.75, 0, 6.875, 0.125 ], "texture": "#texture" },
				"east": { "uv": [ 16, 9.75, 15.875, 9.875 ], "texture": "#texture" }
			}
		},
		{
			"__comment": "Voxels",
			"from": [ 10, -2.25, 0.75 ],
			"to": [ 10.5, 0.75, 1 ],
			"faces": {
				"south": { "uv": [ 6.625, 8.375, 6.875, 9.875 ], "texture": "#texture", "cullface": "down" },
				"west": { "uv": [ 7.375, 6.375, 7.5, 7.875 ], "texture": "#texture", "cullface": "down" },
				"east": { "uv": [ 7.5, 7.875, 7.375, 9.375 ], "texture": "#texture", "cullface": "down" }
			}
		},
		{
			"__comment": "Voxels",
			"from": [ 10, 1.25, 0.75 ],
			"to": [ 10.5, 4.25, 1 ],
			"faces": {
				"south": { "uv": [ 6.875, 6.75, 7.125, 8.25 ], "texture": "#texture" },
				"west": { "uv": [ 6.375, 1.375, 6.5, 2.875 ], "texture": "#texture" },
				"east": { "uv": [ 6.375, 0.875, 6.25, 2.375 ], "texture": "#texture" }
			}
		},
		{
			"__comment": "Voxels",
			"from": [ 10, 4.75, 0.75 ],
			"to": [ 10.5, 7.75, 1 ],
			"faces": {
				"south": { "uv": [ 6.875, 3.75, 7.125, 5.25 ], "texture": "#texture" },
				"west": { "uv": [ 7.125, 1.25, 7.25, 2.75 ], "texture": "#texture" },
				"east": { "uv": [ 7.375, 1.25, 7.25, 2.75 ], "texture": "#texture" }
			}
		},
		{
			"__comment": "Voxels",
			"from": [ 10, 8.25, 0.75 ],
			"to": [ 10.5, 11, 1 ],
			"faces": {
				"south": { "uv": [ 7.125, 7, 7.375, 8.375 ], "texture": "#texture" },
				"west": { "uv": [ 6.375, 0, 6.5, 1.375 ], "texture": "#texture" },
				"east": { "uv": [ 7.5, 0.875, 7.375, 2.25 ], "texture": "#texture" }
			}
		},
		{
			"__comment": "Voxels",
			"from": [ 10.75, 13.5, 0.75 ],
			"to": [ 13, 13.75, 1 ],
			"faces": {
				"down": { "uv": [ 14.5, 9.375, 15.625, 9.5 ], "texture": "#texture" },
				"up": { "uv": [ 13.375, 9.5, 14.5, 9.375 ], "texture": "#texture" },
				"south": { "uv": [ 7.5, 9.25, 8.625, 9.375 ], "texture": "#texture" },
				"west": { "uv": [ 7.125, 0.375, 7.25, 0.5 ], "texture": "#texture" },
				"east": { "uv": [ 7.25, 0.125, 7.125, 0.25 ], "texture": "#texture" }
			}
		},
		{
			"__comment": "Voxels",
			"from": [ 11.25, 13.25, 0.75 ],
			"to": [ 13.25, 13.5, 1 ],
			"faces": {
				"down": { "uv": [ 8.5, 9.125, 9.5, 9.25 ], "texture": "#texture" },
				"up": { "uv": [ 9.75, 9.375, 10.75, 9.25 ], "texture": "#texture" },
				"south": { "uv": [ 12.75, 9.25, 13.75, 9.375 ], "texture": "#texture" },
				"west": { "uv": [ 6.875, 0.5, 7, 0.625 ], "texture": "#texture" },
				"east": { "uv": [ 6.875, 0.125, 6.75, 0.25 ], "texture": "#texture" }
			}
		},
		{
			"__comment": "Voxels",
			"from": [ 11.75, 13, 0.75 ],
			"to": [ 13.5, 13.25, 1 ],
			"faces": {
				"down": { "uv": [ 10.5, 13.75, 11.375, 13.875 ], "texture": "#texture" },
				"up": { "uv": [ 15.125, 10.75, 16, 10.625 ], "texture": "#texture" },
				"south": { "uv": [ 12.5, 9.375, 13.375, 9.5 ], "texture": "#texture" },
				"west": { "uv": [ 7, 0.5, 7.125, 0.625 ], "texture": "#texture" },
				"east": { "uv": [ 7, 0.25, 6.875, 0.375 ], "texture": "#texture" }
			}
		},
		{
			"__comment": "Voxels",
			"from": [ 12, 12.75, 0.75 ],
			"to": [ 13.75, 13, 1 ],
			"faces": {
				"down": { "uv": [ 9.5, 9.125, 10.375, 9.25 ], "texture": "#texture" },
				"up": { "uv": [ 10.375, 9.25, 11.25, 9.125 ], "texture": "#texture" },
				"south": { "uv": [ 12.125, 9.125, 13, 9.25 ], "texture": "#texture" },
				"west": { "uv": [ 7.125, 1.125, 7.25, 1.25 ], "texture": "#texture" },
				"east": { "uv": [ 16, 9.875, 15.875, 10 ], "texture": "#texture" }
			}
		},
		{
			"__comment": "Voxels",
			"from": [ 12.25, 12, 0.75 ],
			"to": [ 14, 12.25, 1 ],
			"faces": {
				"down": { "uv": [ 13, 9.125, 13.875, 9.25 ], "texture": "#texture" },
				"up": { "uv": [ 13.875, 9.25, 14.75, 9.125 ], "texture": "#texture" },
				"south": { "uv": [ 7.5, 9, 8.375, 9.125 ], "texture": "#texture" },
				"west": { "uv": [ 7, 0.25, 7.125, 0.375 ], "texture": "#texture" },
				"east": { "uv": [ 7.375, 0.125, 7.25, 0.25 ], "texture": "#texture" }
			}
		},
		{
			"__comment": "Voxels",
			"from": [ 12.25, 12.25, 0.75 ],
			"to": [ 13.75, 12.75, 1 ],
			"faces": {
				"south": { "uv": [ 14.875, 13, 15.625, 13.25 ], "texture": "#texture" },
				"west": { "uv": [ 15.75, 15, 15.875, 15.25 ], "texture": "#texture" },
				"east": { "uv": [ 16, 15, 15.875, 15.25 ], "texture": "#texture" }
			}
		},
		{
			"__comment": "Voxels",
			"from": [ 12.5, -2.25, 0.75 ],
			"to": [ 14.25, 0.75, 1 ],
			"faces": {
				"south": { "uv": [ 6.125, 13.75, 7, 15.25 ], "texture": "#texture", "cullface": "down" },
				"west": { "uv": [ 6.5, 1.375, 6.625, 2.875 ], "texture": "#texture", "cullface": "down" },
				"east": { "uv": [ 6.625, 2.875, 6.5, 4.375 ], "texture": "#texture", "cullface": "down" }
			}
		},
		{
			"__comment": "Voxels",
			"from": [ 12.5, 1.25, 0.75 ],
			"to": [ 14.25, 4.25, 1 ],
			"faces": {
				"south": { "uv": [ 5.25, 0.75, 6.125, 2.25 ], "texture": "#texture" },
				"west": { "uv": [ 6.5, 4.375, 6.625, 5.875 ], "texture": "#texture" },
				"east": { "uv": [ 7.375, 2.75, 7.25, 4.25 ], "texture": "#texture" }
			}
		},
		{
			"__comment": "Voxels",
			"from": [ 12.5, 4.75, 0.75 ],
			"to": [ 14.25, 7.75, 1 ],
			"faces": {
				"south": { "uv": [ 8.75, 13.75, 9.625, 15.25 ], "texture": "#texture" },
				"west": { "uv": [ 7.125, 2.75, 7.25, 4.25 ], "texture": "#texture" },
				"east": { "uv": [ 6.5, 2.875, 6.375, 4.375 ], "texture": "#texture" }
			}
		},
		{
			"__comment": "Voxels",
			"from": [ 12.5, 8.25, 0.75 ],
			"to": [ 14.25, 11, 1 ],
			"faces": {
				"south": { "uv": [ 11.375, 13.875, 12.25, 15.25 ], "texture": "#texture" },
				"west": { "uv": [ 6.5, 0, 6.625, 1.375 ], "texture": "#texture" },
				"east": { "uv": [ 7.5, 5, 7.375, 6.375 ], "texture": "#texture" }
			}
		},
		{
			"__comment": "Voxels",
			"from": [ 12.5, 11.5, 0.75 ],
			"to": [ 14, 12, 1 ],
			"faces": {
				"south": { "uv": [ 14.875, 13.25, 15.625, 13.5 ], "texture": "#texture" },
				"west": { "uv": [ 15.625, 13, 15.75, 13.25 ], "texture": "#texture" },
				"east": { "uv": [ 5.25, 0, 5.125, 0.25 ], "texture": "#texture" }
			}
		},
		{
			"__comment": "Voxels",
			"from": [ 3.75, -3.25, 0.5 ],
			"to": [ 14.25, 11.5, 0.75 ],
			"faces": {
				"down": { "uv": [ 10.5, 12.75, 15.75, 12.875 ], "texture": "#texture", "cullface": "down" },
				"up": { "uv": [ 6.625, 12.625, 11.875, 12.5 ], "texture": "#texture", "cullface": "down" },
				"north": { "uv": [ 5.25, 8.625, 0, 16 ], "texture": "#texture", "cullface": "down" },
				"south": { "uv": [ 0, 1.25, 5.25, 8.625 ], "texture": "#texture", "cullface": "down" },
				"west": { "uv": [ 6.25, 5.375, 6.375, 12.75 ], "texture": "#texture", "cullface": "down" },
				"east": { "uv": [ 6.25, 5.375, 6.125, 12.75 ], "texture": "#texture", "cullface": "down" }
			}
		},
		{
			"__comment": "Voxels",
			"from": [ 4, 11.5, 0.5 ],
			"to": [ 14, 12.25, 0.75 ],
			"faces": {
				"up": { "uv": [ 6.625, 12.125, 11.625, 12 ], "texture": "#texture" },
				"north": { "uv": [ 11.125, 15.25, 6.125, 15.625 ], "texture": "#texture" },
				"south": { "uv": [ 6.125, 15.625, 11.125, 16 ], "texture": "#texture" },
				"west": { "uv": [ 6, 0.375, 6.125, 0.75 ], "texture": "#texture" },
				"east": { "uv": [ 6.125, 0, 6, 0.375 ], "texture": "#texture" }
			}
		},
		{
			"__comment": "Voxels",
			"from": [ 4.25, 12.25, 0.5 ],
			"to": [ 13.75, 13, 0.75 ],
			"faces": {
				"up": { "uv": [ 6.625, 11.375, 11.375, 11.25 ], "texture": "#texture" },
				"north": { "uv": [ 15.875, 15.625, 11.125, 16 ], "texture": "#texture" },
				"south": { "uv": [ 11.125, 15.25, 15.875, 15.625 ], "texture": "#texture" },
				"west": { "uv": [ 6.125, 0, 6.25, 0.375 ], "texture": "#texture" },
				"east": { "uv": [ 6.375, 0, 6.25, 0.375 ], "texture": "#texture" }
			}
		},
		{
			"__comment": "Voxels",
			"from": [ 4.5, 13, 0.5 ],
			"to": [ 13.5, 13.25, 0.75 ],
			"faces": {
				"up": { "uv": [ 11.125, 11.125, 15.625, 11 ], "texture": "#texture" },
				"north": { "uv": [ 11.125, 10.875, 6.625, 11 ], "texture": "#texture" },
				"south": { "uv": [ 11.125, 10.875, 15.625, 11 ], "texture": "#texture" },
				"west": { "uv": [ 15.875, 12.625, 16, 12.75 ], "texture": "#texture" },
				"east": { "uv": [ 16, 12.5, 15.875, 12.625 ], "texture": "#texture" }
			}
		},
		{
			"__comment": "Voxels",
			"from": [ 4.75, 13.25, 0.5 ],
			"to": [ 13.25, 13.5, 0.75 ],
			"faces": {
				"up": { "uv": [ 10.875, 10.875, 15.125, 10.75 ], "texture": "#texture" },
				"north": { "uv": [ 10.875, 10.625, 6.625, 10.75 ], "texture": "#texture" },
				"south": { "uv": [ 10.875, 10.625, 15.125, 10.75 ], "texture": "#texture" },
				"west": { "uv": [ 7.125, 0.25, 7.25, 0.375 ], "texture": "#texture" },
				"east": { "uv": [ 7.375, 0.5, 7.25, 0.625 ], "texture": "#texture" }
			}
		},
		{
			"__comment": "Voxels",
			"from": [ 5, 13.5, 0.5 ],
			"to": [ 13, 13.75, 0.75 ],
			"faces": {
				"up": { "uv": [ 11.875, 12.625, 15.875, 12.5 ], "texture": "#texture" },
				"north": { "uv": [ 14.625, 10.5, 10.625, 10.625 ], "texture": "#texture" },
				"south": { "uv": [ 10.625, 10.375, 14.625, 10.5 ], "texture": "#texture" },
				"west": { "uv": [ 7.125, 0.875, 7.25, 1 ], "texture": "#texture" },
				"east": { "uv": [ 7.125, 0, 7, 0.125 ], "texture": "#texture" }
			}
		},
		{
			"__comment": "Voxels",
			"from": [ 5.25, 13.75, 0.5 ],
			"to": [ 12.75, 14, 0.75 ],
			"faces": {
				"up": { "uv": [ 10.375, 10.375, 14.125, 10.25 ], "texture": "#texture" },
				"north": { "uv": [ 14.125, 10.125, 10.375, 10.25 ], "texture": "#texture" },
				"south": { "uv": [ 6.625, 10.25, 10.375, 10.375 ], "texture": "#texture" },
				"west": { "uv": [ 6.875, 0.375, 7, 0.5 ], "texture": "#texture" },
				"east": { "uv": [ 16, 10, 15.875, 10.125 ], "texture": "#texture" }
			}
		}
	],
	"display": {
		"thirdperson_righthand": {
			"rotation":  [ -90, 0, 180 ],
			"translation":  [ -4.173, 16.695, 12.521 ],
			"scale":  [ 2, 2, 2 ]
		},
		"thirdperson_lefthand": {
			"rotation":  [ -90, 0, 180 ],
			"translation":  [ -4.173, 16.695, 12.521 ],
			"scale":  [ 2, 2, 2 ]
		},
		"gui": {
			"scale":  [ 0.5, 0.5, 0.5 ]
		},
		"head": {
			"rotation":  [ 0, 180, 0 ],
			"translation":  [ 2.0869, -5.565, -18.77 ],
			"scale":  [ 2.5, 2.1, 2.5 ]
		},
		"ground": {
			"rotation":  [ -88, 25, 67 ],
			"translation":  [ 0, 4.1739, -1.391 ],
			"scale":  [ 0.5, 0.5, 0.5 ]
		}
	}
}