{
	"__comment": "Designed by MagicWorksMC with Cubik Studio - https://cubik.studio",
	"textures": {
		"particle": "item/othertextures/tothortondoor3tot",
		"texture": "item/othertextures/tothortondoor3tot"
	},
	"elements": [ 	 
		{
			"__comment": "Voxels",
			"from": [ -15, 0.25, 7 ],
			"to": [ -14.75, 23.25, 7.25 ],
			"faces": {
				"down": { "uv": [ 0.25, 2.8125, 0.3125, 2.875 ], "texture": "#texture", "cullface": "west" },
				"up": { "uv": [ 0.5, 2.8125, 0.5625, 2.75 ], "texture": "#texture", "cullface": "west" },
				"north": { "uv": [ 14.75, 10.25, 14.6875, 16 ], "texture": "#texture", "cullface": "west" },
				"south": { "uv": [ 14.75, 10.25, 14.8125, 16 ], "texture": "#texture", "cullface": "west" },
				"west": { "uv": [ 15.3125, 10.25, 15.375, 16 ], "texture": "#texture", "cullface": "west" },
				"east": { "uv": [ 15.3125, 10.25, 15.25, 16 ], "texture": "#texture", "cullface": "west" }
			}
		},
		{
			"__comment": "Voxels",
			"from": [ -14.75, 0, 6.75 ],
			"to": [ -4, 23.25, 7 ],
			"faces": {
				"down": { "uv": [ 0, 3.6875, 2.6875, 3.75 ], "texture": "#texture" },
				"up": { "uv": [ 0, 3.5625, 2.6875, 3.5 ], "texture": "#texture" },
				"north": { "uv": [ 8.0625, 4.375, 5.375, 10.1875 ], "texture": "#texture" },
				"south": { "uv": [ 0, 10.1875, 2.6875, 16 ], "texture": "#texture" },
				"west": { "uv": [ 14.4375, 10.1875, 14.5, 16 ], "texture": "#texture" },
				"east": { "uv": [ 14.5625, 10.1875, 14.5, 16 ], "texture": "#texture" }
			}
		},
		{
			"__comment": "Voxels",
			"from": [ -14.75, 23.25, 7 ],
			"to": [ -4, 23.5, 7.25 ],
			"faces": {
				"down": { "uv": [ 0, 3.4375, 2.6875, 3.5 ], "texture": "#texture" },
				"up": { "uv": [ 0, 3.4375, 2.6875, 3.375 ], "texture": "#texture" },
				"north": { "uv": [ 2.6875, 3.3125, 0, 3.375 ], "texture": "#texture" },
				"south": { "uv": [ 0, 3.0625, 2.6875, 3.125 ], "texture": "#texture" },
				"west": { "uv": [ 0.5, 2.8125, 0.5625, 2.875 ], "texture": "#texture" },
				"east": { "uv": [ 0.5, 2.6875, 0.4375, 2.75 ], "texture": "#texture" }
			}
		},
		{
			"__comment": "Voxels",
			"from": [ -4, 0.25, 7 ],
			"to": [ -3.75, 23.25, 7.75 ],
			"faces": {
				"down": { "uv": [ 0.0625, 2.6875, 0.125, 2.875 ], "texture": "#texture", "cullface": "west" },
				"up": { "uv": [ 0.1875, 2.875, 0.25, 2.6875 ], "texture": "#texture", "cullface": "west" },
				"north": { "uv": [ 15.4375, 10.25, 15.375, 16 ], "texture": "#texture", "cullface": "west" },
				"south": { "uv": [ 15.4375, 10.25, 15.5, 16 ], "texture": "#texture", "cullface": "west" },
				"west": { "uv": [ 14, 10.25, 14.1875, 16 ], "texture": "#texture", "cullface": "west" },
				"east": { "uv": [ 14, 10.25, 13.8125, 16 ], "texture": "#texture", "cullface": "west" }
			}
		},
		{
			"__comment": "Voxels",
			"from": [ -3.75, 0, 7.75 ],
			"to": [ 7, 23.25, 8 ],
			"faces": {
				"down": { "uv": [ 0, 3, 2.6875, 3.0625 ], "texture": "#texture" },
				"up": { "uv": [ 0, 3, 2.6875, 2.9375 ], "texture": "#texture" },
				"north": { "uv": [ 5.375, 10.1875, 2.6875, 16 ], "texture": "#texture" },
				"south": { "uv": [ 0, 4.375, 2.6875, 10.1875 ], "texture": "#texture" },
				"west": { "uv": [ 14.3125, 10.1875, 14.375, 16 ], "texture": "#texture" },
				"east": { "uv": [ 14.4375, 10.1875, 14.375, 16 ], "texture": "#texture" }
			}
		},
		{
			"__comment": "Voxels",
			"from": [ -3.75, 23.25, 8 ],
			"to": [ 7, 23.5, 8.25 ],
			"faces": {
				"down": { "uv": [ 0, 4.125, 2.6875, 4.1875 ], "texture": "#texture", "cullface": "up" },
				"up": { "uv": [ 0, 4.375, 2.6875, 4.3125 ], "texture": "#texture", "cullface": "up" },
				"north": { "uv": [ 2.6875, 4.25, 0, 4.3125 ], "texture": "#texture", "cullface": "up" },
				"south": { "uv": [ 0, 4.1875, 2.6875, 4.25 ], "texture": "#texture", "cullface": "up" },
				"west": { "uv": [ 0.3125, 2.75, 0.375, 2.8125 ], "texture": "#texture", "cullface": "up" },
				"east": { "uv": [ 0.375, 2.8125, 0.3125, 2.875 ], "texture": "#texture", "cullface": "up" }
			}
		},
		{
			"__comment": "Voxels",
			"from": [ 7, 0.25, 8 ],
			"to": [ 7.25, 23.25, 8.25 ],
			"faces": {
				"down": { "uv": [ 0.25, 2.6875, 0.3125, 2.75 ], "texture": "#texture", "cullface": "up" },
				"up": { "uv": [ 0.25, 2.8125, 0.3125, 2.75 ], "texture": "#texture", "cullface": "up" },
				"north": { "uv": [ 15, 10.25, 14.9375, 16 ], "texture": "#texture", "cullface": "up" },
				"south": { "uv": [ 15.125, 10.25, 15.1875, 16 ], "texture": "#texture", "cullface": "up" },
				"west": { "uv": [ 15, 10.25, 15.0625, 16 ], "texture": "#texture", "cullface": "up" },
				"east": { "uv": [ 15.125, 10.25, 15.0625, 16 ], "texture": "#texture", "cullface": "up" }
			}
		},
		{
			"__comment": "Voxels",
			"from": [ 7.25, 0, 7.75 ],
			"to": [ 18, 23.25, 8 ],
			"faces": {
				"down": { "uv": [ 0, 4.0625, 2.6875, 4.125 ], "texture": "#texture" },
				"up": { "uv": [ 0, 4.0625, 2.6875, 4 ], "texture": "#texture" },
				"north": { "uv": [ 10.75, 10.1875, 8.0625, 16 ], "texture": "#texture" },
				"south": { "uv": [ 10.75, 10.1875, 13.4375, 16 ], "texture": "#texture" },
				"west": { "uv": [ 14.625, 10.1875, 14.6875, 16 ], "texture": "#texture" },
				"east": { "uv": [ 14.625, 10.1875, 14.5625, 16 ], "texture": "#texture" }
			}
		},
		{
			"__comment": "Voxels",
			"from": [ 7.25, 23.25, 8 ],
			"to": [ 18, 23.5, 8.25 ],
			"faces": {
				"down": { "uv": [ 0, 3.9375, 2.6875, 4 ], "texture": "#texture", "cullface": "up" },
				"up": { "uv": [ 0, 3.9375, 2.6875, 3.875 ], "texture": "#texture", "cullface": "up" },
				"north": { "uv": [ 2.6875, 3.8125, 0, 3.875 ], "texture": "#texture", "cullface": "up" },
				"south": { "uv": [ 0, 3.75, 2.6875, 3.8125 ], "texture": "#texture", "cullface": "up" },
				"west": { "uv": [ 0.3125, 2.6875, 0.375, 2.75 ], "texture": "#texture", "cullface": "up" },
				"east": { "uv": [ 0.4375, 2.8125, 0.375, 2.875 ], "texture": "#texture", "cullface": "up" }
			}
		},
		{
			"__comment": "Voxels",
			"from": [ 18, 0.25, 7 ],
			"to": [ 18.25, 23.25, 7.75 ],
			"faces": {
				"down": { "uv": [ 0, 2.6875, 0.0625, 2.875 ], "texture": "#texture", "cullface": "east" },
				"up": { "uv": [ 0.125, 2.875, 0.1875, 2.6875 ], "texture": "#texture", "cullface": "east" },
				"north": { "uv": [ 14.875, 10.25, 14.8125, 16 ], "texture": "#texture", "cullface": "east" },
				"south": { "uv": [ 14.875, 10.25, 14.9375, 16 ], "texture": "#texture", "cullface": "east" },
				"west": { "uv": [ 13.4375, 10.25, 13.625, 16 ], "texture": "#texture", "cullface": "east" },
				"east": { "uv": [ 13.8125, 10.25, 13.625, 16 ], "texture": "#texture", "cullface": "east" }
			}
		},
		{
			"__comment": "Voxels",
			"from": [ 18.25, 0, 6.75 ],
			"to": [ 29, 23.25, 7 ],
			"faces": {
				"down": { "uv": [ 0, 3.625, 2.6875, 3.6875 ], "texture": "#texture" },
				"up": { "uv": [ 0, 3.625, 2.6875, 3.5625 ], "texture": "#texture" },
				"north": { "uv": [ 8.0625, 10.1875, 5.375, 16 ], "texture": "#texture" },
				"south": { "uv": [ 2.6875, 4.375, 5.375, 10.1875 ], "texture": "#texture" },
				"west": { "uv": [ 14.1875, 10.1875, 14.25, 16 ], "texture": "#texture" },
				"east": { "uv": [ 14.3125, 10.1875, 14.25, 16 ], "texture": "#texture" }
			}
		},
		{
			"__comment": "Voxels",
			"from": [ 18.25, 23.25, 7 ],
			"to": [ 29, 23.5, 7.25 ],
			"faces": {
				"down": { "uv": [ 0, 3.25, 2.6875, 3.3125 ], "texture": "#texture" },
				"up": { "uv": [ 0, 3.25, 2.6875, 3.1875 ], "texture": "#texture" },
				"north": { "uv": [ 2.6875, 2.875, 0, 2.9375 ], "texture": "#texture" },
				"south": { "uv": [ 0, 3.125, 2.6875, 3.1875 ], "texture": "#texture" },
				"west": { "uv": [ 0.375, 2.75, 0.4375, 2.8125 ], "texture": "#texture" },
				"east": { "uv": [ 0.4375, 2.6875, 0.375, 2.75 ], "texture": "#texture" }
			}
		},
		{
			"__comment": "Voxels",
			"from": [ 29, 0.25, 7 ],
			"to": [ 29.25, 23.25, 7.25 ],
			"faces": {
				"down": { "uv": [ 0.4375, 2.8125, 0.5, 2.875 ], "texture": "#texture", "cullface": "east" },
				"up": { "uv": [ 0.4375, 2.8125, 0.5, 2.75 ], "texture": "#texture", "cullface": "east" },
				"north": { "uv": [ 15.5625, 10.25, 15.5, 16 ], "texture": "#texture", "cullface": "east" },
				"south": { "uv": [ 15.5625, 10.25, 15.625, 16 ], "texture": "#texture", "cullface": "east" },
				"west": { "uv": [ 15.625, 10.25, 15.6875, 16 ], "texture": "#texture", "cullface": "east" },
				"east": { "uv": [ 15.25, 10.25, 15.1875, 16 ], "texture": "#texture", "cullface": "east" }
			}
		}
	],
	"display": {
		"firstperson_righthand": {
			"scale":  [ 0.2, 0.2, 0.2 ]
		},
		"firstperson_lefthand": {
			"scale":  [ 0.2, 0.2, 0.2 ]
		},
		"gui": {
			"scale":  [ 0.3, 0.3, 0.3 ]
		},
		"head": {
			"translation":  [ -12, -27.12, 0 ],
			"scale":  [ 2.5, 2.3, 2.7 ]
		}
	}
}