{
	"__comment": "Designed by MagicWorksMC with Cubik Studio - https://cubik.studio",
	"textures": {
		"particle": "item/othertextures/hortondoor2tot",
		"texture": "item/othertextures/hortondoor2tot"
	},
	"elements": [ 	 
		{
			"__comment": "Voxels",
			"from": [ 0.25, 0.25, 8 ],
			"to": [ 11.5, 23.25, 9 ],
			"faces": {
				"down": { "uv": [ 0, 9.125, 2.8125, 9.375 ], "texture": "#texture", "cullface": "up" },
				"up": { "uv": [ 0, 9.625, 2.8125, 9.375 ], "texture": "#texture", "cullface": "up" },
				"north": { "uv": [ 2.8125, 10.25, 0, 16 ], "texture": "#texture", "cullface": "up" },
				"south": { "uv": [ 2.8125, 10.25, 5.625, 16 ], "texture": "#texture", "cullface": "up" },
				"west": { "uv": [ 11, 10.25, 11.25, 16 ], "texture": "#texture", "cullface": "up" },
				"east": { "uv": [ 11.5, 10.25, 11.25, 16 ], "texture": "#texture", "cullface": "up" }
			}
		},
		{
			"__comment": "Voxels",
			"from": [ 0.5, 0, 7.75 ],
			"to": [ 11.25, 23.25, 8 ],
			"faces": {
				"down": { "uv": [ 2.8125, 9.625, 5.5, 9.6875 ], "texture": "#texture", "cullface": "up" },
				"up": { "uv": [ 2.8125, 9.75, 5.5, 9.6875 ], "texture": "#texture", "cullface": "up" },
				"north": { "uv": [ 11, 10.1875, 8.3125, 16 ], "texture": "#texture", "cullface": "up" },
				"south": { "uv": [ 5.625, 10.1875, 8.3125, 16 ], "texture": "#texture", "cullface": "up" },
				"west": { "uv": [ 12.3125, 10.1875, 12.375, 16 ], "texture": "#texture", "cullface": "up" },
				"east": { "uv": [ 12.3125, 10.1875, 12.25, 16 ], "texture": "#texture", "cullface": "up" }
			}
		},
		{
			"__comment": "Voxels",
			"from": [ 0.5, 0, 8 ],
			"to": [ 11.25, 0.25, 9.25 ],
			"faces": {
				"down": { "uv": [ 0, 9.9375, 2.6875, 10.25 ], "texture": "#texture", "cullface": "down" },
				"up": { "uv": [ 0, 9.9375, 2.6875, 9.625 ], "texture": "#texture" },
				"south": { "uv": [ 2.8125, 9.8125, 5.5, 9.875 ], "texture": "#texture" },
				"west": { "uv": [ 2.5, 8.5, 2.8125, 8.5625 ], "texture": "#texture" },
				"east": { "uv": [ 2.8125, 8.5625, 2.5, 8.625 ], "texture": "#texture" }
			}
		},
		{
			"__comment": "Voxels",
			"from": [ 0.5, 0.25, 9 ],
			"to": [ 11.25, 0.75, 9.25 ],
			"faces": {
				"up": { "uv": [ 2.8125, 9.9375, 5.5, 9.875 ], "texture": "#texture" },
				"south": { "uv": [ 2.8125, 10, 5.5, 10.125 ], "texture": "#texture" },
				"west": { "uv": [ 2.75, 8.875, 2.8125, 9 ], "texture": "#texture" },
				"east": { "uv": [ 2.75, 8.875, 2.6875, 9 ], "texture": "#texture" }
			}
		},
		{
			"__comment": "Voxels",
			"from": [ 0.5, 0.75, 9 ],
			"to": [ 1.25, 23.25, 9.25 ],
			"faces": {
				"up": { "uv": [ 2.5, 8.375, 2.6875, 8.3125 ], "texture": "#texture", "cullface": "up" },
				"south": { "uv": [ 11.5, 10.375, 11.6875, 16 ], "texture": "#texture", "cullface": "up" },
				"west": { "uv": [ 12.375, 10.375, 12.4375, 16 ], "texture": "#texture", "cullface": "up" },
				"east": { "uv": [ 12.5, 10.375, 12.4375, 16 ], "texture": "#texture", "cullface": "up" }
			}
		},
		{
			"__comment": "Voxels",
			"from": [ 0.5, 23.25, 8 ],
			"to": [ 11.25, 23.5, 9 ],
			"faces": {
				"up": { "uv": [ 0, 9.125, 2.6875, 8.875 ], "texture": "#texture", "cullface": "up" },
				"north": { "uv": [ 5.5, 9.5625, 2.8125, 9.625 ], "texture": "#texture", "cullface": "up" },
				"south": { "uv": [ 2.8125, 9.5, 5.5, 9.5625 ], "texture": "#texture", "cullface": "up" },
				"west": { "uv": [ 2.5, 8.375, 2.75, 8.4375 ], "texture": "#texture", "cullface": "up" },
				"east": { "uv": [ 2.75, 8.4375, 2.5, 8.5 ], "texture": "#texture", "cullface": "up" }
			}
		},
		{
			"__comment": "Voxels",
			"from": [ 1.25, 22.5, 9 ],
			"to": [ 11.25, 23.25, 9.25 ],
			"faces": {
				"down": { "uv": [ 0, 8.1875, 2.5, 8.25 ], "texture": "#texture", "cullface": "up" },
				"up": { "uv": [ 0, 8.1875, 2.5, 8.125 ], "texture": "#texture", "cullface": "up" },
				"south": { "uv": [ 0, 8.4375, 2.5, 8.625 ], "texture": "#texture", "cullface": "up" },
				"east": { "uv": [ 2.8125, 10.0625, 2.75, 10.25 ], "texture": "#texture", "cullface": "up" }
			}
		},
		{
			"__comment": "Voxels",
			"from": [ 4.5, 15, 9 ],
			"to": [ 7.25, 15.5, 9.25 ],
			"faces": {
				"down": { "uv": [ 3.5625, 9.4375, 4.25, 9.5 ], "texture": "#texture" },
				"up": { "uv": [ 4.25, 9.5, 4.9375, 9.4375 ], "texture": "#texture" },
				"south": { "uv": [ 0.6875, 8, 1.375, 8.125 ], "texture": "#texture" },
				"west": { "uv": [ 2.75, 9, 2.8125, 9.125 ], "texture": "#texture" },
				"east": { "uv": [ 2.75, 9, 2.6875, 9.125 ], "texture": "#texture" }
			}
		},
		{
			"__comment": "Voxels",
			"from": [ 4.5, 15.5, 9 ],
			"to": [ 5, 20.25, 9.25 ],
			"faces": {
				"up": { "uv": [ 2.6875, 10.0625, 2.8125, 10 ], "texture": "#texture", "cullface": "up" },
				"south": { "uv": [ 2.9375, 8.3125, 3.0625, 9.5 ], "texture": "#texture", "cullface": "up" },
				"west": { "uv": [ 3.375, 8.3125, 3.4375, 9.5 ], "texture": "#texture", "cullface": "up" },
				"east": { "uv": [ 3.375, 8.3125, 3.3125, 9.5 ], "texture": "#texture", "cullface": "up" }
			}
		},
		{
			"__comment": "Voxels",
			"from": [ 5, 19.75, 9 ],
			"to": [ 7.25, 20.25, 9.25 ],
			"faces": {
				"down": { "uv": [ 4.9375, 9.4375, 5.5, 9.5 ], "texture": "#texture", "cullface": "up" },
				"up": { "uv": [ 3.5625, 9.4375, 4.125, 9.375 ], "texture": "#texture", "cullface": "up" },
				"south": { "uv": [ 1.9375, 8, 2.5, 8.125 ], "texture": "#texture", "cullface": "up" },
				"east": { "uv": [ 2.8125, 9.8125, 2.75, 9.9375 ], "texture": "#texture", "cullface": "up" }
			}
		},
		{
			"__comment": "Voxels",
			"from": [ 6.75, 15.5, 9 ],
			"to": [ 7.25, 19.75, 9.25 ],
			"faces": {
				"south": { "uv": [ 3.0625, 8.4375, 3.1875, 9.5 ], "texture": "#texture", "cullface": "up" },
				"west": { "uv": [ 3.5, 8.4375, 3.5625, 9.5 ], "texture": "#texture", "cullface": "up" },
				"east": { "uv": [ 3.5, 8.4375, 3.4375, 9.5 ], "texture": "#texture", "cullface": "up" }
			}
		},
		{
			"__comment": "Voxels",
			"from": [ 10.5, 0.75, 9 ],
			"to": [ 11.25, 22.5, 9.25 ],
			"faces": {
				"south": { "uv": [ 12.0625, 10.5625, 12.25, 16 ], "texture": "#texture", "cullface": "up" },
				"west": { "uv": [ 12.5, 10.5625, 12.5625, 16 ], "texture": "#texture", "cullface": "up" },
				"east": { "uv": [ 12.625, 10.5625, 12.5625, 16 ], "texture": "#texture", "cullface": "up" }
			}
		}
	],
	"display": {
		"gui": {
			"scale":  [ 0.5, 0.5, 0.1 ]
		},
		"head": {
			"translation":  [ 5.566, -27.12, 0 ],
			"scale":  [ 2.5, 2.3, 2.5 ]
		}
	}
}