{
	"__comment": "Designed by MagicWorksMC with Cubik Studio - https://cubik.studio",
	"textures": {
		"particle": "item/othertextures/totmaindoorr_m",
		"texture": "item/othertextures/totmaindoorr_m"
	},
	"elements": [ 	 
		{
			"__comment": "Voxels",
			"from": [ 0.75, 0, 7.5 ],
			"to": [ 11.25, 0.25, 9 ],
			"faces": {
				"down": { "uv": [ 5.375, 8.25, 8, 8.625 ], "texture": "#texture", "cullface": "down" },
				"up": { "uv": [ 10.375, 16, 13, 15.625 ], "texture": "#texture" },
				"north": { "uv": [ 8, 8, 5.375, 8.0625 ], "texture": "#texture" },
				"south": { "uv": [ 11.375, 14.75, 14, 14.8125 ], "texture": "#texture" },
				"west": { "uv": [ 15.5625, 15.875, 15.9375, 15.9375 ], "texture": "#texture" },
				"east": { "uv": [ 15.9375, 15.9375, 15.5625, 16 ], "texture": "#texture" }
			}
		},
		{
			"__comment": "Voxels",
			"from": [ 0.75, 0.25, 7.75 ],
			"to": [ 11.5, 23.25, 8 ],
			"faces": {
				"down": { "uv": [ 11.375, 14.875, 14.0625, 14.9375 ], "texture": "#texture", "cullface": "up" },
				"up": { "uv": [ 11.375, 14.875, 14.0625, 14.8125 ], "texture": "#texture", "cullface": "up" },
				"north": { "uv": [ 2.6875, 10.25, 0, 16 ], "texture": "#texture", "cullface": "up" },
				"south": { "uv": [ 2.6875, 10.25, 5.375, 16 ], "texture": "#texture", "cullface": "up" },
				"west": { "uv": [ 10.6875, 9.3125, 10.75, 15.0625 ], "texture": "#texture", "cullface": "up" },
				"east": { "uv": [ 10.6875, 9.3125, 10.625, 15.0625 ], "texture": "#texture", "cullface": "up" }
			}
		},
		{
			"__comment": "Voxels",
			"from": [ 0.75, 0.25, 8 ],
			"to": [ 1, 23.5, 9 ],
			"faces": {
				"up": { "uv": [ 8.1875, 8.75, 8.25, 8.5 ], "texture": "#texture", "cullface": "up" },
				"north": { "uv": [ 10.4375, 9.25, 10.375, 15.0625 ], "texture": "#texture", "cullface": "up" },
				"south": { "uv": [ 10.4375, 9.25, 10.5, 15.0625 ], "texture": "#texture", "cullface": "up" },
				"west": { "uv": [ 8.25, 10.1875, 8.5, 16 ], "texture": "#texture", "cullface": "up" },
				"east": { "uv": [ 8.25, 10.1875, 8, 16 ], "texture": "#texture", "cullface": "up" }
			}
		},
		{
			"__comment": "Voxels",
			"from": [ 0.75, 23.25, 7.75 ],
			"to": [ 11.25, 23.5, 8 ],
			"faces": {
				"up": { "uv": [ 11.375, 14.5625, 14, 14.5 ], "texture": "#texture", "cullface": "up" },
				"north": { "uv": [ 14, 14.4375, 11.375, 14.5 ], "texture": "#texture", "cullface": "up" },
				"south": { "uv": [ 11.375, 14.375, 14, 14.4375 ], "texture": "#texture", "cullface": "up" },
				"west": { "uv": [ 4.375, 8.1875, 4.4375, 8.25 ], "texture": "#texture", "cullface": "up" },
				"east": { "uv": [ 1.75, 8, 1.6875, 8.0625 ], "texture": "#texture", "cullface": "up" }
			}
		},
		{
			"__comment": "Voxels",
			"from": [ 1, 0, 9 ],
			"to": [ 11.25, 0.75, 9.25 ],
			"faces": {
				"down": { "uv": [ 11.375, 14.25, 13.9375, 14.3125 ], "texture": "#texture", "cullface": "down" },
				"up": { "uv": [ 11.375, 14.25, 13.9375, 14.1875 ], "texture": "#texture" },
				"north": { "uv": [ 7.9375, 8.0625, 5.375, 8.25 ], "texture": "#texture" },
				"south": { "uv": [ 13, 15.8125, 15.5625, 16 ], "texture": "#texture" },
				"west": { "uv": [ 8, 8.25, 8.0625, 8.4375 ], "texture": "#texture" },
				"east": { "uv": [ 8.125, 8.25, 8.0625, 8.4375 ], "texture": "#texture" }
			}
		},
		{
			"__comment": "Voxels",
			"from": [ 1, 0.25, 7.5 ],
			"to": [ 11.25, 0.75, 7.75 ],
			"faces": {
				"up": { "uv": [ 11.375, 14.125, 13.9375, 14.0625 ], "texture": "#texture" },
				"north": { "uv": [ 15.3125, 15.125, 12.75, 15.25 ], "texture": "#texture" },
				"west": { "uv": [ 8.4375, 8.375, 8.5, 8.5 ], "texture": "#texture" },
				"east": { "uv": [ 8.375, 8.0625, 8.3125, 8.1875 ], "texture": "#texture" }
			}
		},
		{
			"__comment": "Voxels",
			"from": [ 1, 0.25, 8.75 ],
			"to": [ 11.5, 15, 9 ],
			"faces": {
				"down": { "uv": [ 11.375, 14.6875, 14, 14.75 ], "texture": "#texture" },
				"up": { "uv": [ 11.375, 14.6875, 14, 14.625 ], "texture": "#texture" },
				"north": { "uv": [ 8, 8.625, 5.375, 12.3125 ], "texture": "#texture" },
				"south": { "uv": [ 5.375, 12.3125, 8, 16 ], "texture": "#texture" },
				"east": { "uv": [ 11.375, 11.25, 11.3125, 14.9375 ], "texture": "#texture" }
			}
		},
		{
			"__comment": "Voxels",
			"from": [ 1, 0.75, 7.5 ],
			"to": [ 1.75, 23.25, 7.75 ],
			"faces": {
				"up": { "uv": [ 8.25, 8.3125, 8.4375, 8.25 ], "texture": "#texture", "cullface": "up" },
				"north": { "uv": [ 9.25, 10.375, 9.0625, 16 ], "texture": "#texture", "cullface": "up" },
				"west": { "uv": [ 10.75, 9.4375, 10.8125, 15.0625 ], "texture": "#texture", "cullface": "up" },
				"east": { "uv": [ 10.9375, 9.4375, 10.875, 15.0625 ], "texture": "#texture", "cullface": "up" }
			}
		},
		{
			"__comment": "Voxels",
			"from": [ 1, 0.75, 9 ],
			"to": [ 1.75, 23.25, 9.25 ],
			"faces": {
				"up": { "uv": [ 8.25, 8.5625, 8.4375, 8.5 ], "texture": "#texture", "cullface": "up" },
				"north": { "uv": [ 9.625, 10.375, 9.4375, 16 ], "texture": "#texture", "cullface": "up" },
				"south": { "uv": [ 8.875, 10.375, 9.0625, 16 ], "texture": "#texture", "cullface": "up" },
				"west": { "uv": [ 10.9375, 9.4375, 11, 15.0625 ], "texture": "#texture", "cullface": "up" },
				"east": { "uv": [ 10.875, 9.4375, 10.8125, 15.0625 ], "texture": "#texture", "cullface": "up" }
			}
		},
		{
			"__comment": "Voxels",
			"from": [ 1, 15, 8.75 ],
			"to": [ 4.5, 23.5, 9 ],
			"faces": {
				"up": { "uv": [ 14.0625, 14.9375, 14.9375, 14.875 ], "texture": "#texture", "cullface": "up" },
				"north": { "uv": [ 2.625, 8.125, 1.75, 10.25 ], "texture": "#texture", "cullface": "up" },
				"south": { "uv": [ 4.4375, 8.125, 5.3125, 10.25 ], "texture": "#texture", "cullface": "up" },
				"east": { "uv": [ 5.375, 8.125, 5.3125, 10.25 ], "texture": "#texture", "cullface": "up" }
			}
		},
		{
			"__comment": "Voxels",
			"from": [ 1, 23.25, 8 ],
			"to": [ 11.25, 23.5, 8.75 ],
			"faces": {
				"down": { "uv": [ 10.375, 15.4375, 12.9375, 15.625 ], "texture": "#texture", "cullface": "up" },
				"up": { "uv": [ 13, 15.8125, 15.5625, 15.625 ], "texture": "#texture", "cullface": "up" },
				"south": { "uv": [ 11.375, 14.3125, 13.9375, 14.375 ], "texture": "#texture", "cullface": "up" },
				"east": { "uv": [ 8.4375, 8.625, 8.25, 8.6875 ], "texture": "#texture", "cullface": "up" }
			}
		},
		{
			"__comment": "Voxels",
			"from": [ 1.75, 22.5, 7.5 ],
			"to": [ 11.25, 23.25, 7.75 ],
			"faces": {
				"down": { "uv": [ 11.375, 13.875, 13.75, 13.9375 ], "texture": "#texture", "cullface": "up" },
				"up": { "uv": [ 11.375, 13.875, 13.75, 13.8125 ], "texture": "#texture", "cullface": "up" },
				"north": { "uv": [ 12.75, 15.0625, 10.375, 15.25 ], "texture": "#texture", "cullface": "up" },
				"east": { "uv": [ 8, 8.0625, 7.9375, 8.25 ], "texture": "#texture", "cullface": "up" }
			}
		},
		{
			"__comment": "Voxels",
			"from": [ 1.75, 22.5, 9 ],
			"to": [ 11.25, 23.25, 9.25 ],
			"faces": {
				"down": { "uv": [ 11.375, 13.9375, 13.75, 14 ], "texture": "#texture", "cullface": "up" },
				"up": { "uv": [ 11.375, 14.0625, 13.75, 14 ], "texture": "#texture", "cullface": "up" },
				"north": { "uv": [ 12.75, 15.25, 10.375, 15.4375 ], "texture": "#texture", "cullface": "up" },
				"south": { "uv": [ 12.75, 15.25, 15.125, 15.4375 ], "texture": "#texture", "cullface": "up" },
				"east": { "uv": [ 8.25, 8.25, 8.1875, 8.4375 ], "texture": "#texture", "cullface": "up" }
			}
		},
		{
			"__comment": "Voxels",
			"from": [ 4.5, 15, 7.5 ],
			"to": [ 7.75, 15.5, 7.75 ],
			"faces": {
				"down": { "uv": [ 14.9375, 14.875, 15.75, 14.9375 ], "texture": "#texture" },
				"up": { "uv": [ 14.875, 14.875, 15.6875, 14.8125 ], "texture": "#texture" },
				"north": { "uv": [ 5.25, 8, 4.4375, 8.125 ], "texture": "#texture" },
				"west": { "uv": [ 8.5625, 8.75, 8.625, 8.875 ], "texture": "#texture" },
				"east": { "uv": [ 8.3125, 8.0625, 8.25, 8.1875 ], "texture": "#texture" }
			}
		},
		{
			"__comment": "Voxels",
			"from": [ 4.5, 15, 9 ],
			"to": [ 7.75, 15.5, 9.25 ],
			"faces": {
				"down": { "uv": [ 14.0625, 14.8125, 14.875, 14.875 ], "texture": "#texture" },
				"up": { "uv": [ 14, 14.8125, 14.8125, 14.75 ], "texture": "#texture" },
				"north": { "uv": [ 2.5625, 8, 1.75, 8.125 ], "texture": "#texture" },
				"south": { "uv": [ 11.375, 13.6875, 12.1875, 13.8125 ], "texture": "#texture" },
				"west": { "uv": [ 8.625, 8.75, 8.6875, 8.875 ], "texture": "#texture" },
				"east": { "uv": [ 8.5625, 8.5625, 8.5, 8.6875 ], "texture": "#texture" }
			}
		},
		{
			"__comment": "Voxels",
			"from": [ 4.5, 15.25, 8.75 ],
			"to": [ 11.5, 23.25, 9 ],
			"faces": {
				"down": { "uv": [ 0, 8.1875, 1.75, 8.25 ], "texture": "#texture", "cullface": "up" },
				"up": { "uv": [ 0, 8.1875, 1.75, 8.125 ], "texture": "#texture", "cullface": "up" },
				"north": { "uv": [ 1.75, 8.25, 0, 10.25 ], "texture": "#texture", "cullface": "up" },
				"south": { "uv": [ 2.6875, 8.25, 4.4375, 10.25 ], "texture": "#texture", "cullface": "up" },
				"east": { "uv": [ 9.3125, 8.375, 9.25, 10.375 ], "texture": "#texture", "cullface": "up" }
			}
		},
		{
			"__comment": "Voxels",
			"from": [ 4.5, 15.5, 7.5 ],
			"to": [ 5, 21.25, 7.75 ],
			"faces": {
				"up": { "uv": [ 5.25, 8.0625, 5.375, 8 ], "texture": "#texture", "cullface": "up" },
				"north": { "uv": [ 8.25, 8.75, 8.125, 10.1875 ], "texture": "#texture", "cullface": "up" },
				"west": { "uv": [ 9.375, 8.9375, 9.4375, 10.375 ], "texture": "#texture", "cullface": "up" },
				"east": { "uv": [ 9.5, 8.9375, 9.4375, 10.375 ], "texture": "#texture", "cullface": "up" }
			}
		},
		{
			"__comment": "Voxels",
			"from": [ 4.5, 15.5, 9 ],
			"to": [ 5, 21.25, 9.25 ],
			"faces": {
				"up": { "uv": [ 2.5625, 8.125, 2.6875, 8.0625 ], "texture": "#texture", "cullface": "up" },
				"south": { "uv": [ 8, 8.75, 8.125, 10.1875 ], "texture": "#texture", "cullface": "up" },
				"west": { "uv": [ 9.5625, 8.9375, 9.625, 10.375 ], "texture": "#texture", "cullface": "up" },
				"east": { "uv": [ 9.5625, 8.9375, 9.5, 10.375 ], "texture": "#texture", "cullface": "up" }
			}
		},
		{
			"__comment": "Voxels",
			"from": [ 4.5, 23.25, 8.75 ],
			"to": [ 11.25, 23.5, 9 ],
			"faces": {
				"up": { "uv": [ 2.6875, 8.0625, 4.375, 8 ], "texture": "#texture", "cullface": "up" },
				"south": { "uv": [ 0, 8, 1.6875, 8.0625 ], "texture": "#texture", "cullface": "up" },
				"east": { "uv": [ 8.5, 8.5625, 8.4375, 8.625 ], "texture": "#texture", "cullface": "up" }
			}
		},
		{
			"__comment": "Voxels",
			"from": [ 4.75, 15, 8.75 ],
			"to": [ 11.5, 15.25, 9 ],
			"faces": {
				"north": { "uv": [ 15.5, 14.9375, 13.8125, 15 ], "texture": "#texture" },
				"south": { "uv": [ 2.6875, 8.0625, 4.375, 8.125 ], "texture": "#texture" },
				"west": { "uv": [ 8.4375, 8.5, 8.5, 8.5625 ], "texture": "#texture" },
				"east": { "uv": [ 1.75, 8.0625, 1.6875, 8.125 ], "texture": "#texture" }
			}
		},
		{
			"__comment": "Voxels",
			"from": [ 5, 20.75, 7.5 ],
			"to": [ 7.75, 21.25, 7.75 ],
			"faces": {
				"down": { "uv": [ 15.3125, 15.4375, 16, 15.5 ], "texture": "#texture", "cullface": "up" },
				"up": { "uv": [ 15.3125, 15.125, 16, 15.0625 ], "texture": "#texture", "cullface": "up" },
				"north": { "uv": [ 13.5625, 13.6875, 12.875, 13.8125 ], "texture": "#texture", "cullface": "up" },
				"east": { "uv": [ 8.5, 8, 8.4375, 8.125 ], "texture": "#texture", "cullface": "up" }
			}
		},
		{
			"__comment": "Voxels",
			"from": [ 5, 20.75, 9 ],
			"to": [ 7.75, 21.25, 9.25 ],
			"faces": {
				"down": { "uv": [ 14.8125, 14.75, 15.5, 14.8125 ], "texture": "#texture", "cullface": "up" },
				"up": { "uv": [ 14, 14.75, 14.6875, 14.6875 ], "texture": "#texture", "cullface": "up" },
				"south": { "uv": [ 15.3125, 15.5, 16, 15.625 ], "texture": "#texture", "cullface": "up" },
				"east": { "uv": [ 8.625, 8.5625, 8.5625, 8.6875 ], "texture": "#texture", "cullface": "up" }
			}
		},
		{
			"__comment": "Voxels",
			"from": [ 5.75, 21.25, 7.5 ],
			"to": [ 6, 21.5, 7.75 ],
			"faces": {
				"up": { "uv": [ 8.1875, 8.0625, 8.25, 8 ], "texture": "#texture", "cullface": "up" },
				"north": { "uv": [ 8.25, 8.0625, 8.1875, 8.125 ], "texture": "#texture", "cullface": "up" },
				"west": { "uv": [ 4.375, 8.125, 4.4375, 8.1875 ], "texture": "#texture", "cullface": "up" },
				"east": { "uv": [ 8.25, 8.1875, 8.1875, 8.25 ], "texture": "#texture", "cullface": "up" }
			}
		},
		{
			"__comment": "Voxels",
			"from": [ 7.25, 15.5, 7.5 ],
			"to": [ 7.75, 20.75, 7.75 ],
			"faces": {
				"north": { "uv": [ 9, 9.0625, 8.875, 10.375 ], "texture": "#texture", "cullface": "up" },
				"west": { "uv": [ 9, 9.0625, 9.0625, 10.375 ], "texture": "#texture", "cullface": "up" },
				"east": { "uv": [ 8.875, 8.9375, 8.8125, 10.25 ], "texture": "#texture", "cullface": "up" }
			}
		},
		{
			"__comment": "Voxels",
			"from": [ 7.25, 15.5, 9 ],
			"to": [ 7.75, 20.75, 9.25 ],
			"faces": {
				"south": { "uv": [ 8.6875, 8.9375, 8.8125, 10.25 ], "texture": "#texture", "cullface": "up" },
				"west": { "uv": [ 8.625, 8.9375, 8.6875, 10.25 ], "texture": "#texture", "cullface": "up" },
				"east": { "uv": [ 9.25, 9.0625, 9.1875, 10.375 ], "texture": "#texture", "cullface": "up" }
			}
		},
		{
			"__comment": "Voxels",
			"from": [ 10.5, 0.75, 7.5 ],
			"to": [ 11.25, 22.5, 7.75 ],
			"faces": {
				"north": { "uv": [ 10.375, 10.5625, 10.1875, 16 ], "texture": "#texture", "cullface": "up" },
				"west": { "uv": [ 11.1875, 9.625, 11.25, 15.0625 ], "texture": "#texture", "cullface": "up" },
				"east": { "uv": [ 11.1875, 9.625, 11.125, 15.0625 ], "texture": "#texture", "cullface": "up" }
			}
		},
		{
			"__comment": "Voxels",
			"from": [ 10.5, 0.75, 9 ],
			"to": [ 11.25, 22.5, 9.25 ],
			"faces": {
				"north": { "uv": [ 10, 10.5625, 9.8125, 16 ], "texture": "#texture", "cullface": "up" },
				"south": { "uv": [ 10, 10.5625, 10.1875, 16 ], "texture": "#texture", "cullface": "up" },
				"west": { "uv": [ 11.0625, 9.625, 11.125, 15.0625 ], "texture": "#texture", "cullface": "up" },
				"east": { "uv": [ 11.0625, 9.625, 11, 15.0625 ], "texture": "#texture", "cullface": "up" }
			}
		},
		{
			"__comment": "Voxels",
			"from": [ 11.25, 0, 7.75 ],
			"to": [ 11.5, 0.25, 9 ],
			"faces": {
				"down": { "uv": [ 8, 8.4375, 8.0625, 8.75 ], "texture": "#texture", "cullface": "down" },
				"up": { "uv": [ 8.0625, 8.75, 8.125, 8.4375 ], "texture": "#texture" },
				"north": { "uv": [ 4.4375, 8.0625, 4.375, 8.125 ], "texture": "#texture" },
				"south": { "uv": [ 4.375, 8, 4.4375, 8.0625 ], "texture": "#texture" },
				"east": { "uv": [ 15.875, 15.75, 15.5625, 15.8125 ], "texture": "#texture" }
			}
		},
		{
			"__comment": "Voxels",
			"from": [ 11.25, 0.25, 8 ],
			"to": [ 11.5, 23.25, 8.75 ],
			"faces": {
				"up": { "uv": [ 8.3125, 8.5, 8.375, 8.3125 ], "texture": "#texture", "cullface": "up" },
				"south": { "uv": [ 10.5, 9.3125, 10.5625, 15.0625 ], "texture": "#texture", "cullface": "up" },
				"west": { "uv": [ 8.6875, 10.25, 8.875, 16 ], "texture": "#texture", "cullface": "up" },
				"east": { "uv": [ 8.6875, 10.25, 8.5, 16 ], "texture": "#texture", "cullface": "up" }
			}
		}
	],
	"display": {
		"firstperson_righthand": {
			"scale":  [ 0.5, 0.5, 0.5 ]
		},
		"firstperson_lefthand": {
			"scale":  [ 0.5, 0.5, 0.5 ]
		},
		"gui": {
			"rotation":  [ 0, 180, 0 ],
			"translation":  [ -1.391, -2.086, 0 ],
			"scale":  [ 0.5, 0.5, 0.5 ]
		},
		"head": {
			"translation":  [ 5, -25.72, 0 ],
			"scale":  [ 3.1, 2.7, 2.7 ]
		},
		"ground": {
			"rotation":  [ 95, 0, 91 ],
			"scale":  [ 0.5, 0.5, 0.5 ]
		},
		"fixed": {
			"translation":  [ 0, -4.173, 0 ]
		}
	}
}