{
	"__comment": "Designed by MagicWorksMC with Cubik Studio - https://cubik.studio",
	"textures": {
		"particle": "item/othertextures/mrspell",
		"texture": "item/othertextures/mrspell"
	},
	"elements": [ 	 
		{
			"__comment": "Box1",
			"from": [ 2.8, -5.4667, -1.0667 ],
			"to": [ 10.8, 2.266634, 6.799967 ],
			"rotation": { "origin": [ 2.8, -5.466667, -1.066667 ], "axis": "y", "angle": 45 },
			"faces": {
				"down": { "uv": [ 8, 1, 9, 2 ], "texture": "#texture", "cullface": "north" },
				"up": { "uv": [ 8, 14, 9, 15 ], "texture": "#texture", "cullface": "north" },
				"north": { "uv": [ 7, 15, 8, 16 ], "texture": "#texture", "cullface": "north" },
				"south": { "uv": [ 8, 15, 9, 16 ], "texture": "#texture", "cullface": "north" },
				"west": { "uv": [ 14, 15, 15, 16 ], "texture": "#texture", "cullface": "north" },
				"east": { "uv": [ 1, 15, 2, 16 ], "texture": "#texture", "cullface": "north" }
			}
		},
		{
			"__comment": "Voxels",
			"from": [ 1.25, 3, -2.25 ],
			"to": [ 15.5, 4.25, 0 ],
			"faces": {
				"down": { "uv": [ 0, 15.4375, 3.5625, 16 ], "texture": "#texture", "cullface": "north" },
				"up": { "uv": [ 3.5625, 16, 7.125, 15.4375 ], "texture": "#texture", "cullface": "north" },
				"north": { "uv": [ 10.3125, 12.5625, 6.75, 12.875 ], "texture": "#texture", "cullface": "north" },
				"south": { "uv": [ 3.1875, 12.5625, 6.75, 12.875 ], "texture": "#texture", "cullface": "north" },
				"west": { "uv": [ 2.1875, 5.875, 2.75, 6.1875 ], "texture": "#texture", "cullface": "north" },
				"east": { "uv": [ 2.75, 5.5625, 2.1875, 5.875 ], "texture": "#texture", "cullface": "north" }
			}
		},
		{
			"__comment": "Voxels",
			"from": [ 1.5, 2.75, -2.25 ],
			"to": [ 15.25, 3, 0 ],
			"faces": {
				"down": { "uv": [ 7.125, 15.4375, 10.5625, 16 ], "texture": "#texture", "cullface": "north" },
				"north": { "uv": [ 14, 11.1875, 10.5625, 11.25 ], "texture": "#texture", "cullface": "north" },
				"south": { "uv": [ 10.0625, 14.3125, 13.5, 14.375 ], "texture": "#texture", "cullface": "north" },
				"west": { "uv": [ 3.625, 9.75, 4.1875, 9.8125 ], "texture": "#texture", "cullface": "north" },
				"east": { "uv": [ 4.1875, 9.6875, 3.625, 9.75 ], "texture": "#texture", "cullface": "north" }
			}
		},
		{
			"__comment": "Voxels",
			"from": [ 1.5, 3, -2.5 ],
			"to": [ 15.25, 4.25, -2.25 ],
			"faces": {
				"down": { "uv": [ 7.625, 11.0625, 11.0625, 11.125 ], "texture": "#texture", "cullface": "north" },
				"up": { "uv": [ 4.1875, 11.125, 7.625, 11.0625 ], "texture": "#texture", "cullface": "north" },
				"north": { "uv": [ 13.5, 12.25, 10.0625, 12.5625 ], "texture": "#texture", "cullface": "north" },
				"west": { "uv": [ 15.875, 11.625, 15.9375, 11.9375 ], "texture": "#texture", "cullface": "north" },
				"east": { "uv": [ 16, 11.625, 15.9375, 11.9375 ], "texture": "#texture", "cullface": "north" }
			}
		},
		{
			"__comment": "Voxels",
			"from": [ 1.5, 3, 0 ],
			"to": [ 15.25, 4.25, 0.25 ],
			"faces": {
				"down": { "uv": [ 10.5625, 11.125, 14, 11.1875 ], "texture": "#texture" },
				"up": { "uv": [ 6.625, 14.375, 10.0625, 14.3125 ], "texture": "#texture" },
				"south": { "uv": [ 10.3125, 12.5625, 13.75, 12.875 ], "texture": "#texture" },
				"west": { "uv": [ 3.5, 8.1875, 3.5625, 8.5 ], "texture": "#texture" },
				"east": { "uv": [ 3.625, 8.1875, 3.5625, 8.5 ], "texture": "#texture" }
			}
		},
		{
			"__comment": "Voxels",
			"from": [ 1.5, 4.25, -2.25 ],
			"to": [ 15.25, 6.25, 0 ],
			"faces": {
				"up": { "uv": [ 3.4375, 15.4375, 6.875, 14.875 ], "texture": "#texture", "cullface": "north" },
				"north": { "uv": [ 13.5, 14.375, 10.0625, 14.875 ], "texture": "#texture", "cullface": "north" },
				"south": { "uv": [ 6.625, 14.375, 10.0625, 14.875 ], "texture": "#texture", "cullface": "north" },
				"west": { "uv": [ 3.625, 10.625, 4.1875, 11.125 ], "texture": "#texture", "cullface": "north" },
				"east": { "uv": [ 3.125, 0.0625, 2.5625, 0.5625 ], "texture": "#texture", "cullface": "north" }
			}
		},
		{
			"__comment": "Voxels",
			"from": [ 1.75, 2.5, -2.25 ],
			"to": [ 15, 2.75, 0 ],
			"faces": {
				"down": { "uv": [ 6.875, 14.875, 10.1875, 15.4375 ], "texture": "#texture", "cullface": "north" },
				"north": { "uv": [ 10.8125, 10.875, 7.5, 10.9375 ], "texture": "#texture", "cullface": "north" },
				"south": { "uv": [ 4.1875, 10.875, 7.5, 10.9375 ], "texture": "#texture", "cullface": "north" },
				"west": { "uv": [ 3.625, 9.375, 4.1875, 9.4375 ], "texture": "#texture", "cullface": "north" },
				"east": { "uv": [ 4.1875, 9.3125, 3.625, 9.375 ], "texture": "#texture", "cullface": "north" }
			}
		},
		{
			"__comment": "Voxels",
			"from": [ 1.75, 2.75, -2.5 ],
			"to": [ 15, 3, -2.25 ],
			"faces": {
				"down": { "uv": [ 7.5, 10.9375, 10.8125, 11 ], "texture": "#texture", "cullface": "north" },
				"north": { "uv": [ 10.8125, 11, 7.5, 11.0625 ], "texture": "#texture", "cullface": "north" },
				"west": { "uv": [ 3.8125, 4.4375, 3.875, 4.5 ], "texture": "#texture", "cullface": "north" },
				"east": { "uv": [ 4.1875, 6.0625, 4.125, 6.125 ], "texture": "#texture", "cullface": "north" }
			}
		},
		{
			"__comment": "Voxels",
			"from": [ 1.75, 2.75, 0 ],
			"to": [ 15, 3, 0.25 ],
			"faces": {
				"down": { "uv": [ 11.0625, 11.0625, 14.375, 11.125 ], "texture": "#texture" },
				"south": { "uv": [ 4.1875, 10.625, 7.5, 10.6875 ], "texture": "#texture" },
				"west": { "uv": [ 4.125, 5.8125, 4.1875, 5.875 ], "texture": "#texture" },
				"east": { "uv": [ 3.9375, 4.9375, 3.875, 5 ], "texture": "#texture" }
			}
		},
		{
			"__comment": "Voxels",
			"from": [ 1.75, 4.25, -2.5 ],
			"to": [ 15, 6.25, -2.25 ],
			"faces": {
				"up": { "uv": [ 7.5, 10.75, 10.8125, 10.6875 ], "texture": "#texture", "cullface": "north" },
				"north": { "uv": [ 13.25, 13.8125, 9.9375, 14.3125 ], "texture": "#texture", "cullface": "north" },
				"west": { "uv": [ 3.25, 2.4375, 3.3125, 2.9375 ], "texture": "#texture", "cullface": "north" },
				"east": { "uv": [ 3.1875, 0.0625, 3.125, 0.5625 ], "texture": "#texture", "cullface": "north" }
			}
		},
		{
			"__comment": "Voxels",
			"from": [ 1.75, 4.25, 0 ],
			"to": [ 15, 6.25, 0.25 ],
			"faces": {
				"up": { "uv": [ 10.8125, 10.8125, 14.125, 10.75 ], "texture": "#texture" },
				"south": { "uv": [ 6.625, 13.8125, 9.9375, 14.3125 ], "texture": "#texture" },
				"west": { "uv": [ 3.3125, 2.4375, 3.375, 2.9375 ], "texture": "#texture" },
				"east": { "uv": [ 3.4375, 2.4375, 3.375, 2.9375 ], "texture": "#texture" }
			}
		},
		{
			"__comment": "Voxels",
			"from": [ 1.75, 6.25, -2.25 ],
			"to": [ 15, 8, 0 ],
			"faces": {
				"up": { "uv": [ 0, 14.875, 3.3125, 14.3125 ], "texture": "#texture", "cullface": "north" },
				"north": { "uv": [ 6.625, 12.875, 3.3125, 13.3125 ], "texture": "#texture", "cullface": "north" },
				"south": { "uv": [ 0, 12.875, 3.3125, 13.3125 ], "texture": "#texture", "cullface": "north" },
				"west": { "uv": [ 15.4375, 12.875, 16, 13.3125 ], "texture": "#texture", "cullface": "north" },
				"east": { "uv": [ 4.1875, 10.1875, 3.625, 10.625 ], "texture": "#texture", "cullface": "north" }
			}
		},
		{
			"__comment": "Voxels",
			"from": [ 1.75, 8.75, -1.5 ],
			"to": [ 15, 10.5, -0.75 ],
			"faces": {
				"down": { "uv": [ 6.5, 11.4375, 9.8125, 11.625 ], "texture": "#texture", "cullface": "north" },
				"up": { "uv": [ 9.8125, 11.625, 13.125, 11.4375 ], "texture": "#texture", "cullface": "north" },
				"north": { "uv": [ 15.5625, 13.375, 12.25, 13.8125 ], "texture": "#texture", "cullface": "north" },
				"south": { "uv": [ 6.625, 12.875, 9.9375, 13.3125 ], "texture": "#texture", "cullface": "north" },
				"west": { "uv": [ 3.375, 7.125, 3.5625, 7.5625 ], "texture": "#texture", "cullface": "north" },
				"east": { "uv": [ 3.375, 7.125, 3.1875, 7.5625 ], "texture": "#texture", "cullface": "north" }
			}
		},
		{
			"__comment": "Voxels",
			"from": [ 1.75, 9, -1.75 ],
			"to": [ 15, 10.25, -1.5 ],
			"faces": {
				"down": { "uv": [ 4.1875, 10.75, 7.5, 10.8125 ], "texture": "#texture", "cullface": "north" },
				"up": { "uv": [ 10.8125, 10.875, 14.125, 10.8125 ], "texture": "#texture", "cullface": "north" },
				"north": { "uv": [ 13.125, 11.9375, 9.8125, 12.25 ], "texture": "#texture", "cullface": "north" },
				"west": { "uv": [ 3.5, 7.875, 3.5625, 8.1875 ], "texture": "#texture", "cullface": "north" },
				"east": { "uv": [ 3.625, 7.5625, 3.5625, 7.875 ], "texture": "#texture", "cullface": "north" }
			}
		},
		{
			"__comment": "Voxels",
			"from": [ 1.75, 9, -0.75 ],
			"to": [ 15, 10.25, -0.5 ],
			"faces": {
				"down": { "uv": [ 7.5, 10.625, 10.8125, 10.6875 ], "texture": "#texture", "cullface": "north" },
				"up": { "uv": [ 4.1875, 10.875, 7.5, 10.8125 ], "texture": "#texture", "cullface": "north" },
				"south": { "uv": [ 6.5, 11.9375, 9.8125, 12.25 ], "texture": "#texture", "cullface": "north" },
				"west": { "uv": [ 3.5, 0.625, 3.5625, 0.9375 ], "texture": "#texture", "cullface": "north" },
				"east": { "uv": [ 3.625, 0.625, 3.5625, 0.9375 ], "texture": "#texture", "cullface": "north" }
			}
		},
		{
			"__comment": "Voxels",
			"from": [ 1.75, 9.25, -2 ],
			"to": [ 15, 10, -1.75 ],
			"faces": {
				"down": { "uv": [ 10.8125, 10.875, 14.125, 10.9375 ], "texture": "#texture", "cullface": "north" },
				"up": { "uv": [ 10.8125, 11, 14.125, 10.9375 ], "texture": "#texture", "cullface": "north" },
				"north": { "uv": [ 13.125, 11.75, 9.8125, 11.9375 ], "texture": "#texture", "cullface": "north" },
				"west": { "uv": [ 15.9375, 13.8125, 16, 14 ], "texture": "#texture", "cullface": "north" },
				"east": { "uv": [ 16, 13.3125, 15.9375, 13.5 ], "texture": "#texture", "cullface": "north" }
			}
		},
		{
			"__comment": "Voxels",
			"from": [ 1.75, 9.25, -0.5 ],
			"to": [ 15, 10, -0.25 ],
			"faces": {
				"down": { "uv": [ 7.5, 10.75, 10.8125, 10.8125 ], "texture": "#texture", "cullface": "north" },
				"up": { "uv": [ 10.8125, 11.0625, 14.125, 11 ], "texture": "#texture", "cullface": "north" },
				"south": { "uv": [ 6.5, 11.75, 9.8125, 11.9375 ], "texture": "#texture", "cullface": "north" },
				"west": { "uv": [ 3.125, 2.9375, 3.1875, 3.125 ], "texture": "#texture", "cullface": "north" },
				"east": { "uv": [ 3.1875, 2.75, 3.125, 2.9375 ], "texture": "#texture", "cullface": "north" }
			}
		},
		{
			"__comment": "Voxels",
			"from": [ 2, 2.25, -2.75 ],
			"to": [ 3.75, 2.75, -2.25 ],
			"faces": {
				"down": { "uv": [ 3.1875, 4, 3.625, 4.125 ], "texture": "#texture", "cullface": "north" },
				"up": { "uv": [ 3.1875, 4.6875, 3.625, 4.5625 ], "texture": "#texture", "cullface": "north" },
				"north": { "uv": [ 3.625, 4.6875, 3.1875, 4.8125 ], "texture": "#texture", "cullface": "north" },
				"south": { "uv": [ 3.1875, 4.8125, 3.625, 4.9375 ], "texture": "#texture", "cullface": "north" },
				"west": { "uv": [ 3.0625, 1.9375, 3.1875, 2.0625 ], "texture": "#texture", "cullface": "north" },
				"east": { "uv": [ 3.625, 3.5, 3.5, 3.625 ], "texture": "#texture", "cullface": "north" }
			}
		},
		{
			"__comment": "Voxels",
			"from": [ 2, 2.25, -2.25 ],
			"to": [ 3.75, 2.5, 0.5 ],
			"faces": {
				"down": { "uv": [ 3.1875, 10.5625, 3.625, 11.25 ], "texture": "#texture", "cullface": "north" },
				"up": { "uv": [ 3.1875, 10.5625, 3.625, 9.875 ], "texture": "#texture", "cullface": "north" },
				"south": { "uv": [ 3.1875, 1.0625, 3.625, 1.125 ], "texture": "#texture", "cullface": "north" },
				"west": { "uv": [ 15.125, 9.6875, 15.8125, 9.75 ], "texture": "#texture", "cullface": "north" },
				"east": { "uv": [ 4.875, 8.8125, 4.1875, 8.875 ], "texture": "#texture", "cullface": "north" }
			}
		},
		{
			"__comment": "Voxels",
			"from": [ 2, 2.5, 0 ],
			"to": [ 3.75, 2.75, 0.5 ],
			"faces": {
				"up": { "uv": [ 12.6875, 11.75, 13.125, 11.625 ], "texture": "#texture" },
				"south": { "uv": [ 15.5625, 11.4375, 16, 11.5 ], "texture": "#texture" },
				"west": { "uv": [ 3.0625, 9.6875, 3.1875, 9.75 ], "texture": "#texture" },
				"east": { "uv": [ 3.1875, 9.3125, 3.0625, 9.375 ], "texture": "#texture" }
			}
		},
		{
			"__comment": "Voxels",
			"from": [ 2, 6.25, -2.5 ],
			"to": [ 14.75, 8, -2.25 ],
			"faces": {
				"up": { "uv": [ 10.8125, 10.6875, 14, 10.625 ], "texture": "#texture", "cullface": "north" },
				"north": { "uv": [ 3.1875, 12.4375, 0, 12.875 ], "texture": "#texture", "cullface": "north" },
				"west": { "uv": [ 3.5625, 7.125, 3.625, 7.5625 ], "texture": "#texture", "cullface": "north" },
				"east": { "uv": [ 3.625, 5.125, 3.5625, 5.5625 ], "texture": "#texture", "cullface": "north" }
			}
		},
		{
			"__comment": "Voxels",
			"from": [ 2, 6.25, 0 ],
			"to": [ 14.75, 8, 0.25 ],
			"faces": {
				"up": { "uv": [ 4.1875, 10.4375, 7.375, 10.375 ], "texture": "#texture" },
				"south": { "uv": [ 0, 12, 3.1875, 12.4375 ], "texture": "#texture" },
				"west": { "uv": [ 3.3125, 2, 3.375, 2.4375 ], "texture": "#texture" },
				"east": { "uv": [ 3.4375, 2, 3.375, 2.4375 ], "texture": "#texture" }
			}
		},
		{
			"__comment": "Voxels",
			"from": [ 2, 8, -2.25 ],
			"to": [ 14.75, 9.25, -1.75 ],
			"faces": {
				"up": { "uv": [ 0, 2.3125, 3.1875, 2.1875 ], "texture": "#texture", "cullface": "north" },
				"north": { "uv": [ 3.1875, 8.25, 0, 8.5625 ], "texture": "#texture", "cullface": "north" },
				"south": { "uv": [ 0, 7.9375, 3.1875, 8.25 ], "texture": "#texture", "cullface": "north" },
				"west": { "uv": [ 3.0625, 9.375, 3.1875, 9.6875 ], "texture": "#texture", "cullface": "north" },
				"east": { "uv": [ 16, 14, 15.875, 14.3125 ], "texture": "#texture", "cullface": "north" }
			}
		},
		{
			"__comment": "Voxels",
			"from": [ 2, 8, -1.75 ],
			"to": [ 14.75, 9, -1.5 ],
			"faces": {
				"south": { "uv": [ 0, 6.4375, 3.1875, 6.6875 ], "texture": "#texture", "cullface": "north" },
				"west": { "uv": [ 4.0625, 5.8125, 4.125, 6.0625 ], "texture": "#texture", "cullface": "north" },
				"east": { "uv": [ 4.0625, 5.8125, 4, 6.0625 ], "texture": "#texture", "cullface": "north" }
			}
		},
		{
			"__comment": "Voxels",
			"from": [ 2, 8, -1.5 ],
			"to": [ 14.75, 8.75, 0 ],
			"faces": {
				"up": { "uv": [ 0, 11.5625, 3.1875, 11.1875 ], "texture": "#texture", "cullface": "north" },
				"south": { "uv": [ 0, 5.1875, 3.1875, 5.375 ], "texture": "#texture", "cullface": "north" },
				"west": { "uv": [ 15.5625, 13.3125, 15.9375, 13.5 ], "texture": "#texture", "cullface": "north" },
				"east": { "uv": [ 15.9375, 13.8125, 15.5625, 14 ], "texture": "#texture", "cullface": "north" }
			}
		},
		{
			"__comment": "Voxels",
			"from": [ 2, 8.75, -0.75 ],
			"to": [ 14.75, 9, 0 ],
			"faces": {
				"up": { "uv": [ 0, 5.5625, 3.1875, 5.375 ], "texture": "#texture", "cullface": "north" },
				"south": { "uv": [ 7.375, 10.4375, 10.5625, 10.5 ], "texture": "#texture", "cullface": "north" },
				"west": { "uv": [ 3.9375, 7.3125, 4.125, 7.375 ], "texture": "#texture", "cullface": "north" },
				"east": { "uv": [ 4.125, 7.25, 3.9375, 7.3125 ], "texture": "#texture", "cullface": "north" }
			}
		},
		{
			"__comment": "Voxels",
			"from": [ 2, 9, -0.5 ],
			"to": [ 14.75, 9.25, 0 ],
			"faces": {
				"up": { "uv": [ 0, 2.4375, 3.1875, 2.3125 ], "texture": "#texture", "cullface": "north" },
				"south": { "uv": [ 7.375, 10.5625, 10.5625, 10.625 ], "texture": "#texture", "cullface": "north" },
				"west": { "uv": [ 3.0625, 7.625, 3.1875, 7.6875 ], "texture": "#texture", "cullface": "north" },
				"east": { "uv": [ 3.1875, 7.3125, 3.0625, 7.375 ], "texture": "#texture", "cullface": "north" }
			}
		},
		{
			"__comment": "Voxels",
			"from": [ 2, 9.25, -0.25 ],
			"to": [ 14.75, 10, 0 ],
			"faces": {
				"up": { "uv": [ 4.1875, 10.5, 7.375, 10.4375 ], "texture": "#texture", "cullface": "north" },
				"south": { "uv": [ 0, 4.625, 3.1875, 4.8125 ], "texture": "#texture", "cullface": "north" },
				"west": { "uv": [ 3.5625, 2.9375, 3.625, 3.125 ], "texture": "#texture", "cullface": "north" },
				"east": { "uv": [ 4.1875, 10, 4.125, 10.1875 ], "texture": "#texture", "cullface": "north" }
			}
		},
		{
			"__comment": "Voxels",
			"from": [ 2.25, 2.75, -2.75 ],
			"to": [ 3.5, 3, -2.5 ],
			"faces": {
				"up": { "uv": [ 3.625, 7.25, 3.9375, 7.1875 ], "texture": "#texture", "cullface": "north" },
				"north": { "uv": [ 3.9375, 6.4375, 3.625, 6.5 ], "texture": "#texture", "cullface": "north" },
				"west": { "uv": [ 4.125, 4.0625, 4.1875, 4.125 ], "texture": "#texture", "cullface": "north" },
				"east": { "uv": [ 3.8125, 4.375, 3.75, 4.4375 ], "texture": "#texture", "cullface": "north" }
			}
		},
		{
			"__comment": "Voxels",
			"from": [ 2.25, 2.75, 0.25 ],
			"to": [ 3.5, 3, 0.5 ],
			"faces": {
				"up": { "uv": [ 3.625, 8.1875, 3.9375, 8.125 ], "texture": "#texture" },
				"south": { "uv": [ 3.625, 7.875, 3.9375, 7.9375 ], "texture": "#texture" },
				"west": { "uv": [ 4, 4.5625, 4.0625, 4.625 ], "texture": "#texture" },
				"east": { "uv": [ 4, 4.5625, 3.9375, 4.625 ], "texture": "#texture" }
			}
		},
		{
			"__comment": "Voxels",
			"from": [ 2.25, 8, -2.5 ],
			"to": [ 14.5, 10, -2.25 ],
			"faces": {
				"up": { "uv": [ 10.3125, 10.25, 13.375, 10.1875 ], "texture": "#texture", "cullface": "north" },
				"north": { "uv": [ 3.0625, 13.3125, 0, 13.8125 ], "texture": "#texture", "cullface": "north" },
				"south": { "uv": [ 6.125, 13.3125, 9.1875, 13.8125 ], "texture": "#texture", "cullface": "north" },
				"west": { "uv": [ 3.1875, 2.4375, 3.25, 2.9375 ], "texture": "#texture", "cullface": "north" },
				"east": { "uv": [ 3.5625, 2.4375, 3.5, 2.9375 ], "texture": "#texture", "cullface": "north" }
			}
		},
		{
			"__comment": "Voxels",
			"from": [ 2.25, 8, 0 ],
			"to": [ 14.5, 10, 0.25 ],
			"faces": {
				"up": { "uv": [ 10.3125, 10.3125, 13.375, 10.25 ], "texture": "#texture" },
				"north": { "uv": [ 12.25, 13.3125, 9.1875, 13.8125 ], "texture": "#texture", "cullface": "north" },
				"south": { "uv": [ 3.0625, 13.3125, 6.125, 13.8125 ], "texture": "#texture" },
				"west": { "uv": [ 3.4375, 2.4375, 3.5, 2.9375 ], "texture": "#texture" },
				"east": { "uv": [ 3.625, 2.4375, 3.5625, 2.9375 ], "texture": "#texture" }
			}
		},
		{
			"__comment": "Voxels",
			"from": [ 2.25, 9.25, -2.25 ],
			"to": [ 14.5, 10.75, -2 ],
			"faces": {
				"up": { "uv": [ 10.3125, 10.375, 13.375, 10.3125 ], "texture": "#texture", "cullface": "north" },
				"north": { "uv": [ 3.0625, 10.0625, 0, 10.4375 ], "texture": "#texture", "cullface": "north" },
				"south": { "uv": [ 0, 9.6875, 3.0625, 10.0625 ], "texture": "#texture", "cullface": "north" },
				"west": { "uv": [ 3.1875, 0.5625, 3.25, 0.9375 ], "texture": "#texture", "cullface": "north" },
				"east": { "uv": [ 3.3125, 0.5625, 3.25, 0.9375 ], "texture": "#texture", "cullface": "north" }
			}
		},
		{
			"__comment": "Voxels",
			"from": [ 2.25, 10, -2 ],
			"to": [ 14.5, 10.75, -1.75 ],
			"faces": {
				"up": { "uv": [ 4.1875, 10.375, 7.25, 10.3125 ], "texture": "#texture", "cullface": "north" },
				"south": { "uv": [ 0, 3.6875, 3.0625, 3.875 ], "texture": "#texture", "cullface": "north" },
				"west": { "uv": [ 3.6875, 4.9375, 3.75, 5.125 ], "texture": "#texture", "cullface": "north" },
				"east": { "uv": [ 3.6875, 4.9375, 3.625, 5.125 ], "texture": "#texture", "cullface": "north" }
			}
		},
		{
			"__comment": "Voxels",
			"from": [ 2.25, 10, -0.5 ],
			"to": [ 14.5, 10.75, 0 ],
			"faces": {
				"down": { "uv": [ 0, 1.8125, 3.0625, 1.9375 ], "texture": "#texture", "cullface": "north" },
				"up": { "uv": [ 0, 2.0625, 3.0625, 1.9375 ], "texture": "#texture", "cullface": "north" },
				"north": { "uv": [ 3.0625, 3.5, 0, 3.6875 ], "texture": "#texture", "cullface": "north" },
				"south": { "uv": [ 0, 3.3125, 3.0625, 3.5 ], "texture": "#texture", "cullface": "north" },
				"west": { "uv": [ 3.0625, 3.875, 3.1875, 4.0625 ], "texture": "#texture", "cullface": "north" },
				"east": { "uv": [ 3.1875, 3.3125, 3.0625, 3.5 ], "texture": "#texture", "cullface": "north" }
			}
		},
		{
			"__comment": "Voxels",
			"from": [ 2.25, 10.25, -1.75 ],
			"to": [ 14.5, 11.75, -1.5 ],
			"faces": {
				"up": { "uv": [ 4.1875, 10.1875, 7.25, 10.125 ], "texture": "#texture", "cullface": "north" },
				"north": { "uv": [ 3.0625, 8.9375, 0, 9.3125 ], "texture": "#texture", "cullface": "north" },
				"south": { "uv": [ 0, 8.5625, 3.0625, 8.9375 ], "texture": "#texture", "cullface": "north" },
				"west": { "uv": [ 3.4375, 0.5625, 3.5, 0.9375 ], "texture": "#texture", "cullface": "north" },
				"east": { "uv": [ 3.625, 2.0625, 3.5625, 2.4375 ], "texture": "#texture", "cullface": "north" }
			}
		},
		{
			"__comment": "Voxels",
			"from": [ 2.25, 10.25, -0.75 ],
			"to": [ 14.5, 11.75, -0.5 ],
			"faces": {
				"up": { "uv": [ 10.5625, 10.4375, 13.625, 10.375 ], "texture": "#texture", "cullface": "north" },
				"north": { "uv": [ 3.0625, 10.4375, 0, 10.8125 ], "texture": "#texture", "cullface": "north" },
				"south": { "uv": [ 0, 9.3125, 3.0625, 9.6875 ], "texture": "#texture", "cullface": "north" },
				"west": { "uv": [ 3.375, 0.5625, 3.4375, 0.9375 ], "texture": "#texture", "cullface": "north" },
				"east": { "uv": [ 3.375, 0.5625, 3.3125, 0.9375 ], "texture": "#texture", "cullface": "north" }
			}
		},
		{
			"__comment": "Voxels",
			"from": [ 2.25, 10.5, -1.5 ],
			"to": [ 14.5, 11.75, -0.75 ],
			"faces": {
				"up": { "uv": [ 0, 4.25, 3.0625, 4.0625 ], "texture": "#texture", "cullface": "north" },
				"west": { "uv": [ 3.4375, 6.5, 3.625, 6.8125 ], "texture": "#texture", "cullface": "north" },
				"east": { "uv": [ 3.625, 6.8125, 3.4375, 7.125 ], "texture": "#texture", "cullface": "north" }
			}
		},
		{
			"__comment": "Voxels",
			"from": [ 2.5, 3, -2.75 ],
			"to": [ 3.25, 3.25, -2.5 ],
			"faces": {
				"up": { "uv": [ 4, 5.3125, 4.1875, 5.25 ], "texture": "#texture", "cullface": "north" },
				"north": { "uv": [ 4.0625, 5.5, 3.875, 5.5625 ], "texture": "#texture", "cullface": "north" },
				"west": { "uv": [ 4, 4.375, 4.0625, 4.4375 ], "texture": "#texture", "cullface": "north" },
				"east": { "uv": [ 3.4375, 1.9375, 3.375, 2 ], "texture": "#texture", "cullface": "north" }
			}
		},
		{
			"__comment": "Voxels",
			"from": [ 2.5, 3, 0.25 ],
			"to": [ 3.25, 3.25, 0.5 ],
			"faces": {
				"up": { "uv": [ 3.8125, 5.4375, 4, 5.375 ], "texture": "#texture" },
				"south": { "uv": [ 3.875, 5.4375, 4.0625, 5.5 ], "texture": "#texture" },
				"west": { "uv": [ 4.125, 6.9375, 4.1875, 7 ], "texture": "#texture" },
				"east": { "uv": [ 4.0625, 4.0625, 4, 4.125 ], "texture": "#texture" }
			}
		},
		{
			"__comment": "Voxels",
			"from": [ 2.5, 4.25, 0.25 ],
			"to": [ 4, 4.5, 0.5 ],
			"faces": {
				"down": { "uv": [ 3.1875, 0.9375, 3.5625, 1 ], "texture": "#texture" },
				"up": { "uv": [ 3.1875, 0.25, 3.5625, 0.1875 ], "texture": "#texture" },
				"south": { "uv": [ 3.1875, 0.25, 3.5625, 0.3125 ], "texture": "#texture" },
				"west": { "uv": [ 3.4375, 1.9375, 3.5, 2 ], "texture": "#texture" },
				"east": { "uv": [ 3.625, 2, 3.5625, 2.0625 ], "texture": "#texture" }
			}
		},
		{
			"__comment": "Voxels",
			"from": [ 2.5, 4.5, 0.25 ],
			"to": [ 3.5, 4.75, 0.5 ],
			"faces": {
				"up": { "uv": [ 3.9375, 7.6875, 4.1875, 7.625 ], "texture": "#texture" },
				"south": { "uv": [ 3.9375, 8.25, 4.1875, 8.3125 ], "texture": "#texture" },
				"west": { "uv": [ 3.5625, 0.3125, 3.625, 0.375 ], "texture": "#texture" },
				"east": { "uv": [ 3.625, 0.25, 3.5625, 0.3125 ], "texture": "#texture" }
			}
		},
		{
			"__comment": "Voxels",
			"from": [ 2.5, 4.75, 0.25 ],
			"to": [ 3, 5.75, 0.5 ],
			"faces": {
				"up": { "uv": [ 3.5, 3.25, 3.625, 3.1875 ], "texture": "#texture" },
				"south": { "uv": [ 3.0625, 5.9375, 3.1875, 6.1875 ], "texture": "#texture" },
				"west": { "uv": [ 3.9375, 5.8125, 4, 6.0625 ], "texture": "#texture" },
				"east": { "uv": [ 3.9375, 5.8125, 3.875, 6.0625 ], "texture": "#texture" }
			}
		},
		{
			"__comment": "Voxels",
			"from": [ 2.5, 10, -2.5 ],
			"to": [ 14.25, 10.75, -2.25 ],
			"faces": {
				"up": { "uv": [ 7.125, 10.0625, 10.0625, 10 ], "texture": "#texture", "cullface": "north" },
				"north": { "uv": [ 2.9375, 2.9375, 0, 3.125 ], "texture": "#texture", "cullface": "north" },
				"west": { "uv": [ 4.0625, 5.625, 4.125, 5.8125 ], "texture": "#texture", "cullface": "north" },
				"east": { "uv": [ 4.0625, 5.625, 4, 5.8125 ], "texture": "#texture", "cullface": "north" }
			}
		},
		{
			"__comment": "Voxels",
			"from": [ 2.5, 10, 0 ],
			"to": [ 14.25, 10.75, 0.25 ],
			"faces": {
				"up": { "uv": [ 10.3125, 10.1875, 13.25, 10.125 ], "texture": "#texture" },
				"south": { "uv": [ 0, 2.5625, 2.9375, 2.75 ], "texture": "#texture" },
				"west": { "uv": [ 3.9375, 5.625, 4, 5.8125 ], "texture": "#texture" },
				"east": { "uv": [ 3.9375, 5.625, 3.875, 5.8125 ], "texture": "#texture" }
			}
		},
		{
			"__comment": "Voxels",
			"from": [ 2.5, 10.75, -2.25 ],
			"to": [ 14.25, 11, -1.75 ],
			"faces": {
				"down": { "uv": [ 0, 1.3125, 2.9375, 1.4375 ], "texture": "#texture", "cullface": "north" },
				"up": { "uv": [ 0, 1.8125, 2.9375, 1.6875 ], "texture": "#texture", "cullface": "north" },
				"north": { "uv": [ 7.125, 10.0625, 4.1875, 10.125 ], "texture": "#texture", "cullface": "north" },
				"west": { "uv": [ 3.0625, 10.4375, 3.1875, 10.5 ], "texture": "#texture", "cullface": "north" },
				"east": { "uv": [ 3.1875, 10.0625, 3.0625, 10.125 ], "texture": "#texture", "cullface": "north" }
			}
		},
		{
			"__comment": "Voxels",
			"from": [ 2.5, 10.75, -0.5 ],
			"to": [ 14.25, 11, 0 ],
			"faces": {
				"up": { "uv": [ 0, 1.3125, 2.9375, 1.1875 ], "texture": "#texture", "cullface": "north" },
				"south": { "uv": [ 10.0625, 10.0625, 13, 10.125 ], "texture": "#texture", "cullface": "north" },
				"west": { "uv": [ 3.5, 3.125, 3.625, 3.1875 ], "texture": "#texture", "cullface": "north" },
				"east": { "uv": [ 3.625, 0.5625, 3.5, 0.625 ], "texture": "#texture", "cullface": "north" }
			}
		},
		{
			"__comment": "Voxels",
			"from": [ 2.5, 11.75, -1.75 ],
			"to": [ 14.25, 12.25, -0.5 ],
			"faces": {
				"down": { "uv": [ 0, 7, 2.9375, 7.3125 ], "texture": "#texture", "cullface": "north" },
				"up": { "uv": [ 0, 7, 2.9375, 6.6875 ], "texture": "#texture", "cullface": "north" },
				"north": { "uv": [ 2.9375, 1.0625, 0, 1.1875 ], "texture": "#texture", "cullface": "north" },
				"south": { "uv": [ 0, 1.4375, 2.9375, 1.5625 ], "texture": "#texture", "cullface": "north" },
				"west": { "uv": [ 2.8125, 0.6875, 3.125, 0.8125 ], "texture": "#texture", "cullface": "north" },
				"east": { "uv": [ 3.125, 0.5625, 2.8125, 0.6875 ], "texture": "#texture", "cullface": "north" }
			}
		},
		{
			"__comment": "Voxels",
			"from": [ 2.75, 4, 0.25 ],
			"to": [ 5.25, 4.25, 0.5 ],
			"faces": {
				"down": { "uv": [ 2.5625, 0, 3.1875, 0.0625 ], "texture": "#texture" },
				"up": { "uv": [ 15.375, 9.8125, 16, 9.75 ], "texture": "#texture" },
				"south": { "uv": [ 4.1875, 8.75, 4.8125, 8.8125 ], "texture": "#texture" },
				"west": { "uv": [ 4.125, 7.5, 4.1875, 7.5625 ], "texture": "#texture" },
				"east": { "uv": [ 4.1875, 6.25, 4.125, 6.3125 ], "texture": "#texture" }
			}
		},
		{
			"__comment": "Voxels",
			"from": [ 2.75, 5.75, 0.25 ],
			"to": [ 3.25, 7.75, 0.5 ],
			"faces": {
				"down": { "uv": [ 3.5, 1.9375, 3.625, 2 ], "texture": "#texture" },
				"up": { "uv": [ 4.0625, 5.625, 4.1875, 5.5625 ], "texture": "#texture" },
				"north": { "uv": [ 3.3125, 5.0625, 3.1875, 5.5625 ], "texture": "#texture" },
				"south": { "uv": [ 3.3125, 5.0625, 3.4375, 5.5625 ], "texture": "#texture" },
				"west": { "uv": [ 3.25, 1.9375, 3.3125, 2.4375 ], "texture": "#texture" },
				"east": { "uv": [ 3.25, 1.9375, 3.1875, 2.4375 ], "texture": "#texture" }
			}
		},
		{
			"__comment": "Voxels",
			"from": [ 2.75, 10.75, -2.5 ],
			"to": [ 14, 11, -2.25 ],
			"faces": {
				"up": { "uv": [ 9.8125, 9.9375, 12.625, 9.875 ], "texture": "#texture", "cullface": "north" },
				"north": { "uv": [ 12.625, 9.9375, 9.8125, 10 ], "texture": "#texture", "cullface": "north" },
				"west": { "uv": [ 4.125, 6.5625, 4.1875, 6.625 ], "texture": "#texture", "cullface": "north" },
				"east": { "uv": [ 4.1875, 6.5, 4.125, 6.5625 ], "texture": "#texture", "cullface": "north" }
			}
		},
		{
			"__comment": "Voxels",
			"from": [ 2.75, 10.75, 0 ],
			"to": [ 14, 11, 0.25 ],
			"faces": {
				"up": { "uv": [ 7, 9.9375, 9.8125, 9.875 ], "texture": "#texture" },
				"south": { "uv": [ 7, 9.8125, 9.8125, 9.875 ], "texture": "#texture" },
				"west": { "uv": [ 4.125, 6.4375, 4.1875, 6.5 ], "texture": "#texture" },
				"east": { "uv": [ 3.6875, 4.4375, 3.625, 4.5 ], "texture": "#texture" }
			}
		},
		{
			"__comment": "Voxels",
			"from": [ 2.75, 11, -2.25 ],
			"to": [ 14, 11.25, -1.75 ],
			"faces": {
				"up": { "uv": [ 0, 1.0625, 2.8125, 0.9375 ], "texture": "#texture", "cullface": "north" },
				"north": { "uv": [ 9.8125, 9.9375, 7, 10 ], "texture": "#texture", "cullface": "north" },
				"west": { "uv": [ 4.0625, 5.4375, 4.1875, 5.5 ], "texture": "#texture", "cullface": "north" },
				"east": { "uv": [ 3.875, 4.9375, 3.75, 5 ], "texture": "#texture", "cullface": "north" }
			}
		},
		{
			"__comment": "Voxels",
			"from": [ 2.75, 11, -0.5 ],
			"to": [ 14, 11.25, 0 ],
			"faces": {
				"up": { "uv": [ 0, 0.8125, 2.8125, 0.6875 ], "texture": "#texture", "cullface": "north" },
				"south": { "uv": [ 12.625, 9.9375, 15.4375, 10 ], "texture": "#texture", "cullface": "north" },
				"west": { "uv": [ 4.0625, 5.0625, 4.1875, 5.125 ], "texture": "#texture", "cullface": "north" },
				"east": { "uv": [ 4.1875, 5, 4.0625, 5.0625 ], "texture": "#texture", "cullface": "north" }
			}
		},
		{
			"__comment": "Voxels",
			"from": [ 2.75, 12.25, -1.75 ],
			"to": [ 3.75, 12.75, -0.5 ],
			"faces": {
				"up": { "uv": [ 3.1875, 6.1875, 3.4375, 5.875 ], "texture": "#texture", "cullface": "north" },
				"north": { "uv": [ 3.1875, 1.3125, 2.9375, 1.4375 ], "texture": "#texture", "cullface": "north" },
				"south": { "uv": [ 2.9375, 1.5625, 3.1875, 1.6875 ], "texture": "#texture", "cullface": "north" },
				"west": { "uv": [ 3.1875, 3.25, 3.5, 3.375 ], "texture": "#texture", "cullface": "north" },
				"east": { "uv": [ 3.5, 3.125, 3.1875, 3.25 ], "texture": "#texture", "cullface": "north" }
			}
		},
		{
			"__comment": "Voxels",
			"from": [ 3, 5.5, 0.25 ],
			"to": [ 3.25, 5.75, 0.5 ],
			"faces": {
				"down": { "uv": [ 3.875, 4.5625, 3.9375, 4.625 ], "texture": "#texture" },
				"south": { "uv": [ 3.625, 4.5, 3.6875, 4.5625 ], "texture": "#texture" },
				"east": { "uv": [ 4.0625, 4.5, 4, 4.5625 ], "texture": "#texture" }
			}
		},
		{
			"__comment": "Voxels",
			"from": [ 3, 7.75, 0.25 ],
			"to": [ 3.5, 9.5, 0.5 ],
			"faces": {
				"down": { "uv": [ 3.6875, 4.8125, 3.8125, 4.875 ], "texture": "#texture" },
				"up": { "uv": [ 3.6875, 4.8125, 3.8125, 4.75 ], "texture": "#texture" },
				"north": { "uv": [ 3.5625, 5.125, 3.4375, 5.5625 ], "texture": "#texture" },
				"south": { "uv": [ 3.1875, 4.125, 3.3125, 4.5625 ], "texture": "#texture" },
				"west": { "uv": [ 3.4375, 2, 3.5, 2.4375 ], "texture": "#texture" },
				"east": { "uv": [ 3.5625, 2, 3.5, 2.4375 ], "texture": "#texture" }
			}
		},
		{
			"__comment": "Voxels",
			"from": [ 3, 12.75, -1.75 ],
			"to": [ 4, 13.5, -0.5 ],
			"faces": {
				"down": { "uv": [ 3.1875, 6.8125, 3.4375, 7.125 ], "texture": "#texture", "cullface": "north" },
				"up": { "uv": [ 3.1875, 6.8125, 3.4375, 6.5 ], "texture": "#texture", "cullface": "north" },
				"north": { "uv": [ 15.9375, 14.375, 15.6875, 14.5625 ], "texture": "#texture", "cullface": "north" },
				"south": { "uv": [ 2.9375, 3.125, 3.1875, 3.3125 ], "texture": "#texture", "cullface": "north" },
				"west": { "uv": [ 15.6875, 15.8125, 16, 16 ], "texture": "#texture", "cullface": "north" },
				"east": { "uv": [ 16, 14.9375, 15.6875, 15.125 ], "texture": "#texture", "cullface": "north" }
			}
		},
		{
			"__comment": "Voxels",
			"from": [ 3.25, 3.75, 0.25 ],
			"to": [ 7, 4, 0.5 ],
			"faces": {
				"down": { "uv": [ 14.1875, 9.6875, 15.125, 9.75 ], "texture": "#texture" },
				"up": { "uv": [ 15.0625, 10.8125, 16, 10.75 ], "texture": "#texture" },
				"south": { "uv": [ 15.0625, 10.6875, 16, 10.75 ], "texture": "#texture" },
				"west": { "uv": [ 3.6875, 4.375, 3.75, 4.4375 ], "texture": "#texture" },
				"east": { "uv": [ 3.875, 4.375, 3.8125, 4.4375 ], "texture": "#texture" }
			}
		},
		{
			"__comment": "Voxels",
			"from": [ 3.25, 7, 0.25 ],
			"to": [ 3.5, 7.75, 0.5 ],
			"faces": {
				"down": { "uv": [ 3.875, 4.375, 3.9375, 4.4375 ], "texture": "#texture" },
				"south": { "uv": [ 3.75, 5.625, 3.8125, 5.8125 ], "texture": "#texture" },
				"east": { "uv": [ 3.6875, 5.625, 3.625, 5.8125 ], "texture": "#texture" }
			}
		},
		{
			"__comment": "Voxels",
			"from": [ 3.25, 9.5, 0.25 ],
			"to": [ 3.75, 10.5, 0.5 ],
			"faces": {
				"down": { "uv": [ 3.625, 4.6875, 3.75, 4.75 ], "texture": "#texture" },
				"up": { "uv": [ 3.75, 4.75, 3.875, 4.6875 ], "texture": "#texture" },
				"north": { "uv": [ 3.1875, 8.6875, 3.0625, 8.9375 ], "texture": "#texture" },
				"south": { "uv": [ 3.0625, 9.0625, 3.1875, 9.3125 ], "texture": "#texture" },
				"west": { "uv": [ 3.625, 5.8125, 3.6875, 6.0625 ], "texture": "#texture" },
				"east": { "uv": [ 3.8125, 5.8125, 3.75, 6.0625 ], "texture": "#texture" }
			}
		},
		{
			"__comment": "Voxels",
			"from": [ 3.25, 11, -2.5 ],
			"to": [ 13.5, 11.25, -2.25 ],
			"faces": {
				"up": { "uv": [ 13.375, 10.25, 15.9375, 10.1875 ], "texture": "#texture", "cullface": "north" },
				"north": { "uv": [ 15.8125, 10.125, 13.25, 10.1875 ], "texture": "#texture", "cullface": "north" },
				"west": { "uv": [ 3.625, 4, 3.6875, 4.0625 ], "texture": "#texture", "cullface": "north" },
				"east": { "uv": [ 3.75, 4, 3.6875, 4.0625 ], "texture": "#texture", "cullface": "north" }
			}
		},
		{
			"__comment": "Voxels",
			"from": [ 3.25, 11, 0 ],
			"to": [ 13.5, 11.25, 0.25 ],
			"faces": {
				"up": { "uv": [ 6.75, 9.8125, 9.3125, 9.75 ], "texture": "#texture" },
				"south": { "uv": [ 4.1875, 9.6875, 6.75, 9.75 ], "texture": "#texture" },
				"west": { "uv": [ 4.125, 4.6875, 4.1875, 4.75 ], "texture": "#texture" },
				"east": { "uv": [ 4.1875, 4.875, 4.125, 4.9375 ], "texture": "#texture" }
			}
		},
		{
			"__comment": "Voxels",
			"from": [ 3.25, 11.25, -2.25 ],
			"to": [ 13.5, 11.5, -1.75 ],
			"faces": {
				"up": { "uv": [ 0, 0.1875, 2.5625, 0.0625 ], "texture": "#texture", "cullface": "north" },
				"north": { "uv": [ 2.5625, 0, 0, 0.0625 ], "texture": "#texture", "cullface": "north" },
				"west": { "uv": [ 3.5, 3.3125, 3.625, 3.375 ], "texture": "#texture", "cullface": "north" },
				"east": { "uv": [ 3.625, 3.375, 3.5, 3.4375 ], "texture": "#texture", "cullface": "north" }
			}
		},
		{
			"__comment": "Voxels",
			"from": [ 3.25, 11.25, -0.5 ],
			"to": [ 13.5, 11.5, 0 ],
			"faces": {
				"up": { "uv": [ 0, 0.5625, 2.5625, 0.4375 ], "texture": "#texture", "cullface": "north" },
				"south": { "uv": [ 11.875, 9.75, 14.4375, 9.8125 ], "texture": "#texture", "cullface": "north" },
				"west": { "uv": [ 3.5, 3.4375, 3.625, 3.5 ], "texture": "#texture", "cullface": "north" },
				"east": { "uv": [ 16, 11.25, 15.875, 11.3125 ], "texture": "#texture", "cullface": "north" }
			}
		},
		{
			"__comment": "Voxels",
			"from": [ 3.25, 13.5, -1.75 ],
			"to": [ 4.5, 14, -0.5 ],
			"faces": {
				"down": { "uv": [ 2.75, 5.875, 3.0625, 6.1875 ], "texture": "#texture", "cullface": "north" },
				"up": { "uv": [ 2.75, 5.875, 3.0625, 5.5625 ], "texture": "#texture", "cullface": "north" },
				"north": { "uv": [ 3.625, 4.3125, 3.3125, 4.4375 ], "texture": "#texture", "cullface": "north" },
				"south": { "uv": [ 3.1875, 3.625, 3.5, 3.75 ], "texture": "#texture", "cullface": "north" },
				"west": { "uv": [ 3.1875, 3.375, 3.5, 3.5 ], "texture": "#texture", "cullface": "north" },
				"east": { "uv": [ 3.625, 4.4375, 3.3125, 4.5625 ], "texture": "#texture", "cullface": "north" }
			}
		},
		{
			"__comment": "Voxels",
			"from": [ 3.5, 8, 0.25 ],
			"to": [ 4, 9, 0.5 ],
			"faces": {
				"down": { "uv": [ 3.0625, 5.5625, 3.1875, 5.625 ], "texture": "#texture" },
				"up": { "uv": [ 3.0625, 5.9375, 3.1875, 5.875 ], "texture": "#texture" },
				"south": { "uv": [ 3.0625, 7.375, 3.1875, 7.625 ], "texture": "#texture" },
				"east": { "uv": [ 3.875, 5.8125, 3.8125, 6.0625 ], "texture": "#texture" }
			}
		},
		{
			"__comment": "Voxels",
			"from": [ 3.5, 9, 0.25 ],
			"to": [ 3.75, 9.5, 0.5 ],
			"faces": {
				"south": { "uv": [ 3.125, 0.5625, 3.1875, 0.6875 ], "texture": "#texture" },
				"east": { "uv": [ 3.1875, 0.9375, 3.125, 1.0625 ], "texture": "#texture" }
			}
		},
		{
			"__comment": "Voxels",
			"from": [ 3.5, 10.5, 0.25 ],
			"to": [ 5.75, 10.75, 0.5 ],
			"faces": {
				"down": { "uv": [ 3.625, 9.25, 4.1875, 9.3125 ], "texture": "#texture" },
				"up": { "uv": [ 3.625, 9.25, 4.1875, 9.1875 ], "texture": "#texture" },
				"south": { "uv": [ 3.625, 9.0625, 4.1875, 9.125 ], "texture": "#texture" },
				"west": { "uv": [ 4.125, 7.125, 4.1875, 7.1875 ], "texture": "#texture" },
				"east": { "uv": [ 4.1875, 7.1875, 4.125, 7.25 ], "texture": "#texture" }
			}
		},
		{
			"__comment": "Voxels",
			"from": [ 3.5, 11.25, -2.5 ],
			"to": [ 13.25, 11.5, -2.25 ],
			"faces": {
				"up": { "uv": [ 13.5, 12.3125, 15.9375, 12.25 ], "texture": "#texture", "cullface": "north" },
				"north": { "uv": [ 15.5625, 11.9375, 13.125, 12 ], "texture": "#texture", "cullface": "north" },
				"west": { "uv": [ 3.875, 4.4375, 3.9375, 4.5 ], "texture": "#texture", "cullface": "north" },
				"east": { "uv": [ 4, 4.4375, 3.9375, 4.5 ], "texture": "#texture", "cullface": "north" }
			}
		},
		{
			"__comment": "Voxels",
			"from": [ 3.5, 11.25, 0 ],
			"to": [ 13.25, 11.5, 0.25 ],
			"faces": {
				"up": { "uv": [ 4.1875, 9.6875, 6.625, 9.625 ], "texture": "#texture" },
				"south": { "uv": [ 11.75, 9.6875, 14.1875, 9.75 ], "texture": "#texture" },
				"west": { "uv": [ 3.9375, 4.25, 4, 4.3125 ], "texture": "#texture" },
				"east": { "uv": [ 4.0625, 4.25, 4, 4.3125 ], "texture": "#texture" }
			}
		},
		{
			"__comment": "Voxels",
			"from": [ 3.5, 11.5, -2.25 ],
			"to": [ 13.25, 12, -1.75 ],
			"faces": {
				"up": { "uv": [ 13.5, 12.4375, 15.9375, 12.3125 ], "texture": "#texture", "cullface": "north" },
				"north": { "uv": [ 15.9375, 12.4375, 13.5, 12.5625 ], "texture": "#texture", "cullface": "north" },
				"south": { "uv": [ 6.5, 11.3125, 8.9375, 11.4375 ], "texture": "#texture", "cullface": "north" },
				"west": { "uv": [ 3.5, 3.625, 3.625, 3.75 ], "texture": "#texture", "cullface": "north" },
				"east": { "uv": [ 3.5625, 5.5625, 3.4375, 5.6875 ], "texture": "#texture", "cullface": "north" }
			}
		},
		{
			"__comment": "Voxels",
			"from": [ 3.5, 11.5, -0.5 ],
			"to": [ 13.25, 12, 0 ],
			"faces": {
				"up": { "uv": [ 13.125, 11.8125, 15.5625, 11.6875 ], "texture": "#texture", "cullface": "north" },
				"north": { "uv": [ 12.25, 11.625, 9.8125, 11.75 ], "texture": "#texture", "cullface": "north" },
				"south": { "uv": [ 13.125, 12, 15.5625, 12.125 ], "texture": "#texture", "cullface": "north" },
				"west": { "uv": [ 15.875, 11.3125, 16, 11.4375 ], "texture": "#texture", "cullface": "north" },
				"east": { "uv": [ 3.1875, 1.8125, 3.0625, 1.9375 ], "texture": "#texture", "cullface": "north" }
			}
		},
		{
			"__comment": "Voxels",
			"from": [ 3.5, 14, -1.75 ],
			"to": [ 5.5, 14.25, -0.5 ],
			"faces": {
				"down": { "uv": [ 14.75, 12.5625, 15.25, 12.875 ], "texture": "#texture", "cullface": "north" },
				"up": { "uv": [ 15.25, 12.875, 15.75, 12.5625 ], "texture": "#texture", "cullface": "north" },
				"north": { "uv": [ 4.125, 8.8125, 3.625, 8.875 ], "texture": "#texture", "cullface": "north" },
				"south": { "uv": [ 3.625, 8.75, 4.125, 8.8125 ], "texture": "#texture", "cullface": "north" },
				"west": { "uv": [ 15.6875, 14.875, 16, 14.9375 ], "texture": "#texture", "cullface": "north" },
				"east": { "uv": [ 16, 14.3125, 15.6875, 14.375 ], "texture": "#texture", "cullface": "north" }
			}
		},
		{
			"__comment": "Voxels",
			"from": [ 3.75, 10.25, 0.25 ],
			"to": [ 4, 10.5, 0.5 ],
			"faces": {
				"down": { "uv": [ 4.125, 4.625, 4.1875, 4.6875 ], "texture": "#texture" },
				"south": { "uv": [ 4, 4, 4.0625, 4.0625 ], "texture": "#texture" },
				"east": { "uv": [ 3.8125, 4, 3.75, 4.0625 ], "texture": "#texture" }
			}
		},
		{
			"__comment": "Voxels",
			"from": [ 3.75, 10.75, 0.25 ],
			"to": [ 13, 11, 0.5 ],
			"faces": {
				"down": { "uv": [ 13.4375, 9.5625, 15.75, 9.625 ], "texture": "#texture" },
				"up": { "uv": [ 8.8125, 9.5625, 11.125, 9.5 ], "texture": "#texture" },
				"south": { "uv": [ 11.5, 9.625, 13.8125, 9.6875 ], "texture": "#texture" },
				"west": { "uv": [ 3.625, 4.25, 3.6875, 4.3125 ], "texture": "#texture" },
				"east": { "uv": [ 4.1875, 4.3125, 4.125, 4.375 ], "texture": "#texture" }
			}
		},
		{
			"__comment": "Voxels",
			"from": [ 3.75, 11.5, -2.5 ],
			"to": [ 13, 12, -2.25 ],
			"faces": {
				"up": { "uv": [ 11.25, 11.3125, 13.5625, 11.25 ], "texture": "#texture", "cullface": "north" },
				"north": { "uv": [ 8.25, 11.125, 5.9375, 11.25 ], "texture": "#texture", "cullface": "north" },
				"west": { "uv": [ 4.125, 4.75, 4.1875, 4.875 ], "texture": "#texture", "cullface": "north" },
				"east": { "uv": [ 4.125, 4.75, 4.0625, 4.875 ], "texture": "#texture", "cullface": "north" }
			}
		},
		{
			"__comment": "Voxels",
			"from": [ 3.75, 11.5, 0 ],
			"to": [ 13, 12, 0.25 ],
			"faces": {
				"up": { "uv": [ 4.1875, 9.5625, 6.5, 9.5 ], "texture": "#texture" },
				"south": { "uv": [ 3.625, 11.125, 5.9375, 11.25 ], "texture": "#texture" },
				"west": { "uv": [ 4, 4.75, 4.0625, 4.875 ], "texture": "#texture" },
				"east": { "uv": [ 4, 4.75, 3.9375, 4.875 ], "texture": "#texture" }
			}
		},
		{
			"__comment": "Voxels",
			"from": [ 3.75, 12, -2.25 ],
			"to": [ 13, 12.25, -1.75 ],
			"faces": {
				"up": { "uv": [ 8.9375, 11.4375, 11.25, 11.3125 ], "texture": "#texture", "cullface": "north" },
				"north": { "uv": [ 13.4375, 9.5625, 11.125, 9.625 ], "texture": "#texture", "cullface": "north" },
				"west": { "uv": [ 3.8125, 4.75, 3.9375, 4.8125 ], "texture": "#texture", "cullface": "north" },
				"east": { "uv": [ 3.9375, 4.8125, 3.8125, 4.875 ], "texture": "#texture", "cullface": "north" }
			}
		},
		{
			"__comment": "Voxels",
			"from": [ 3.75, 12, -0.5 ],
			"to": [ 13, 12.25, 0 ],
			"faces": {
				"up": { "uv": [ 13.25, 14, 15.5625, 13.875 ], "texture": "#texture", "cullface": "north" },
				"south": { "uv": [ 13.25, 13.8125, 15.5625, 13.875 ], "texture": "#texture", "cullface": "north" },
				"west": { "uv": [ 4, 4.875, 4.125, 4.9375 ], "texture": "#texture", "cullface": "north" },
				"east": { "uv": [ 4, 4.875, 3.875, 4.9375 ], "texture": "#texture", "cullface": "north" }
			}
		},
		{
			"__comment": "Voxels",
			"from": [ 3.75, 14.25, -1.75 ],
			"to": [ 13, 14.5, -0.5 ],
			"faces": {
				"down": { "uv": [ 13.125, 13, 15.4375, 13.3125 ], "texture": "#texture", "cullface": "north" },
				"up": { "uv": [ 13.25, 14.3125, 15.5625, 14 ], "texture": "#texture", "cullface": "north" },
				"north": { "uv": [ 15.9375, 10.375, 13.625, 10.4375 ], "texture": "#texture", "cullface": "north" },
				"south": { "uv": [ 13.5625, 11.25, 15.875, 11.3125 ], "texture": "#texture", "cullface": "north" },
				"west": { "uv": [ 3.625, 8, 3.9375, 8.0625 ], "texture": "#texture", "cullface": "north" },
				"east": { "uv": [ 3.9375, 7.9375, 3.625, 8 ], "texture": "#texture", "cullface": "north" }
			}
		},
		{
			"__comment": "Voxels",
			"from": [ 4, 8.25, 0.25 ],
			"to": [ 13.75, 8.75, 0.5 ],
			"faces": {
				"down": { "uv": [ 6.625, 9.625, 9.0625, 9.6875 ], "texture": "#texture" },
				"up": { "uv": [ 6.5, 11.3125, 8.9375, 11.25 ], "texture": "#texture" },
				"south": { "uv": [ 13.125, 11.8125, 15.5625, 11.9375 ], "texture": "#texture" },
				"east": { "uv": [ 16, 12.4375, 15.9375, 12.5625 ], "texture": "#texture" }
			}
		},
		{
			"__comment": "Voxels",
			"from": [ 4, 12, -2.5 ],
			"to": [ 12.75, 12.25, -2.25 ],
			"faces": {
				"up": { "uv": [ 13.75, 10.625, 15.9375, 10.5625 ], "texture": "#texture", "cullface": "north" },
				"north": { "uv": [ 6.375, 9.125, 4.1875, 9.1875 ], "texture": "#texture", "cullface": "north" },
				"west": { "uv": [ 4.125, 6.125, 4.1875, 6.1875 ], "texture": "#texture", "cullface": "north" },
				"east": { "uv": [ 4.1875, 6.1875, 4.125, 6.25 ], "texture": "#texture", "cullface": "north" }
			}
		},
		{
			"__comment": "Voxels",
			"from": [ 4, 12, 0 ],
			"to": [ 12.75, 12.25, 0.25 ],
			"faces": {
				"up": { "uv": [ 4.1875, 9.375, 6.375, 9.3125 ], "texture": "#texture" },
				"south": { "uv": [ 13.75, 10.4375, 15.9375, 10.5 ], "texture": "#texture" },
				"west": { "uv": [ 4.125, 6.625, 4.1875, 6.6875 ], "texture": "#texture" },
				"east": { "uv": [ 4.1875, 6.6875, 4.125, 6.75 ], "texture": "#texture" }
			}
		},
		{
			"__comment": "Voxels",
			"from": [ 4, 12.25, -2.25 ],
			"to": [ 12.75, 12.5, 0 ],
			"faces": {
				"down": { "uv": [ 13.5, 14.3125, 15.6875, 14.875 ], "texture": "#texture", "cullface": "north" },
				"up": { "uv": [ 13.5, 15.4375, 15.6875, 14.875 ], "texture": "#texture", "cullface": "north" },
				"north": { "uv": [ 6.375, 9.375, 4.1875, 9.4375 ], "texture": "#texture", "cullface": "north" },
				"south": { "uv": [ 13.3125, 9.5, 15.5, 9.5625 ], "texture": "#texture", "cullface": "north" },
				"west": { "uv": [ 3.625, 9, 4.1875, 9.0625 ], "texture": "#texture", "cullface": "north" },
				"east": { "uv": [ 4.1875, 8.9375, 3.625, 9 ], "texture": "#texture", "cullface": "north" }
			}
		},
		{
			"__comment": "Voxels",
			"from": [ 4, 13.25, -1.75 ],
			"to": [ 4.25, 13.5, -0.5 ],
			"faces": {
				"down": { "uv": [ 3.5625, 7.875, 3.625, 8.1875 ], "texture": "#texture", "cullface": "north" },
				"north": { "uv": [ 4.1875, 7.25, 4.125, 7.3125 ], "texture": "#texture", "cullface": "north" },
				"south": { "uv": [ 4.125, 7.4375, 4.1875, 7.5 ], "texture": "#texture", "cullface": "north" },
				"east": { "uv": [ 3.9375, 7.375, 3.625, 7.4375 ], "texture": "#texture", "cullface": "north" }
			}
		},
		{
			"__comment": "Voxels",
			"from": [ 4, 14.5, -1.75 ],
			"to": [ 12.75, 14.75, -0.5 ],
			"faces": {
				"up": { "uv": [ 0, 6.1875, 2.1875, 5.875 ], "texture": "#texture", "cullface": "north" },
				"north": { "uv": [ 6.375, 9.4375, 4.1875, 9.5 ], "texture": "#texture", "cullface": "north" },
				"south": { "uv": [ 11.125, 9.5, 13.3125, 9.5625 ], "texture": "#texture", "cullface": "north" },
				"west": { "uv": [ 3.625, 7.3125, 3.9375, 7.375 ], "texture": "#texture", "cullface": "north" },
				"east": { "uv": [ 3.9375, 7.25, 3.625, 7.3125 ], "texture": "#texture", "cullface": "north" }
			}
		},
		{
			"__comment": "Voxels",
			"from": [ 4.25, 3.5, 0.25 ],
			"to": [ 12.5, 3.75, 0.5 ],
			"faces": {
				"down": { "uv": [ 4.1875, 8.9375, 6.25, 9 ], "texture": "#texture" },
				"up": { "uv": [ 4.1875, 8.9375, 6.25, 8.875 ], "texture": "#texture" },
				"south": { "uv": [ 4.1875, 9, 6.25, 9.0625 ], "texture": "#texture" },
				"west": { "uv": [ 4.125, 8.6875, 4.1875, 8.75 ], "texture": "#texture" },
				"east": { "uv": [ 4.1875, 8.75, 4.125, 8.8125 ], "texture": "#texture" }
			}
		},
		{
			"__comment": "Voxels",
			"from": [ 4.5, 13.75, -1.75 ],
			"to": [ 5, 14, -0.5 ],
			"faces": {
				"down": { "uv": [ 15.875, 13.5, 16, 13.8125 ], "texture": "#texture", "cullface": "north" },
				"north": { "uv": [ 3.625, 0, 3.5, 0.0625 ], "texture": "#texture", "cullface": "north" },
				"south": { "uv": [ 3.5, 0.0625, 3.625, 0.125 ], "texture": "#texture", "cullface": "north" },
				"east": { "uv": [ 3.9375, 6.75, 3.625, 6.8125 ], "texture": "#texture", "cullface": "north" }
			}
		},
		{
			"__comment": "Voxels",
			"from": [ 5, 11, 0.25 ],
			"to": [ 11.75, 11.25, 0.5 ],
			"faces": {
				"up": { "uv": [ 14, 15.5, 15.6875, 15.4375 ], "texture": "#texture" },
				"south": { "uv": [ 14, 15.5625, 15.6875, 15.625 ], "texture": "#texture" },
				"west": { "uv": [ 4.125, 8.8125, 4.1875, 8.875 ], "texture": "#texture" },
				"east": { "uv": [ 4.1875, 8.875, 4.125, 8.9375 ], "texture": "#texture" }
			}
		},
		{
			"__comment": "Voxels",
			"from": [ 5, 13.75, -1.5 ],
			"to": [ 5.25, 14, -0.75 ],
			"faces": {
				"down": { "uv": [ 4.125, 5.625, 4.1875, 5.8125 ], "texture": "#texture", "cullface": "north" },
				"north": { "uv": [ 3.625, 0.125, 3.5625, 0.1875 ], "texture": "#texture", "cullface": "north" },
				"south": { "uv": [ 3.5625, 0.1875, 3.625, 0.25 ], "texture": "#texture", "cullface": "north" },
				"east": { "uv": [ 4.125, 6.4375, 3.9375, 6.5 ], "texture": "#texture", "cullface": "north" }
			}
		},
		{
			"__comment": "Voxels",
			"from": [ 5, 14.75, -1.5 ],
			"to": [ 11.75, 15, -0.75 ],
			"faces": {
				"up": { "uv": [ 14, 16, 15.6875, 15.8125 ], "texture": "#texture", "cullface": "north" },
				"north": { "uv": [ 15.8125, 11, 14.125, 11.0625 ], "texture": "#texture", "cullface": "north" },
				"south": { "uv": [ 14, 11.125, 15.6875, 11.1875 ], "texture": "#texture", "cullface": "north" },
				"west": { "uv": [ 3.9375, 6.375, 4.125, 6.4375 ], "texture": "#texture", "cullface": "north" },
				"east": { "uv": [ 4.125, 6.3125, 3.9375, 6.375 ], "texture": "#texture", "cullface": "north" }
			}
		},
		{
			"__comment": "Voxels",
			"from": [ 5.25, 3.25, 0.25 ],
			"to": [ 11.5, 3.5, 0.5 ],
			"faces": {
				"down": { "uv": [ 14.125, 10.9375, 15.6875, 11 ], "texture": "#texture" },
				"south": { "uv": [ 14.125, 10.8125, 15.6875, 10.875 ], "texture": "#texture" },
				"west": { "uv": [ 3.5625, 0.375, 3.625, 0.4375 ], "texture": "#texture" },
				"east": { "uv": [ 3.625, 0.9375, 3.5625, 1 ], "texture": "#texture" }
			}
		},
		{
			"__comment": "Voxels",
			"from": [ 6, 14, -1.75 ],
			"to": [ 7.25, 14.25, -0.5 ],
			"faces": {
				"down": { "uv": [ 15.6875, 15.5, 16, 15.8125 ], "texture": "#texture", "cullface": "north" },
				"north": { "uv": [ 3.9375, 7.125, 3.625, 7.1875 ], "texture": "#texture", "cullface": "north" },
				"south": { "uv": [ 3.625, 7, 3.9375, 7.0625 ], "texture": "#texture", "cullface": "north" },
				"west": { "uv": [ 3.625, 6.6875, 3.9375, 6.75 ], "texture": "#texture", "cullface": "north" },
				"east": { "uv": [ 3.9375, 6.625, 3.625, 6.6875 ], "texture": "#texture", "cullface": "north" }
			}
		},
		{
			"__comment": "Voxels",
			"from": [ 6.25, 13.75, -1.5 ],
			"to": [ 7, 14, -0.75 ],
			"faces": {
				"down": { "uv": [ 2.9375, 2.5625, 3.125, 2.75 ], "texture": "#texture", "cullface": "north" },
				"north": { "uv": [ 4.125, 6.25, 3.9375, 6.3125 ], "texture": "#texture", "cullface": "north" },
				"south": { "uv": [ 3.9375, 6.1875, 4.125, 6.25 ], "texture": "#texture", "cullface": "north" },
				"west": { "uv": [ 3.9375, 6.125, 4.125, 6.1875 ], "texture": "#texture", "cullface": "north" },
				"east": { "uv": [ 4.125, 6.0625, 3.9375, 6.125 ], "texture": "#texture", "cullface": "north" }
			}
		},
		{
			"__comment": "Voxels",
			"from": [ 6.5, 13.75, -1.75 ],
			"to": [ 6.75, 14, -1.5 ],
			"faces": {
				"down": { "uv": [ 3.875, 4, 3.9375, 4.0625 ], "texture": "#texture", "cullface": "north" },
				"north": { "uv": [ 4.125, 4.0625, 4.0625, 4.125 ], "texture": "#texture", "cullface": "north" },
				"west": { "uv": [ 3.75, 4.1875, 3.8125, 4.25 ], "texture": "#texture", "cullface": "north" },
				"east": { "uv": [ 3.75, 4.1875, 3.6875, 4.25 ], "texture": "#texture", "cullface": "north" }
			}
		},
		{
			"__comment": "Voxels",
			"from": [ 6.5, 13.75, -0.75 ],
			"to": [ 6.75, 14, -0.5 ],
			"faces": {
				"down": { "uv": [ 3.625, 4.375, 3.6875, 4.4375 ], "texture": "#texture", "cullface": "north" },
				"south": { "uv": [ 4, 4.4375, 4.0625, 4.5 ], "texture": "#texture", "cullface": "north" },
				"west": { "uv": [ 4.0625, 4.5, 4.125, 4.5625 ], "texture": "#texture", "cullface": "north" },
				"east": { "uv": [ 4.1875, 4, 4.125, 4.0625 ], "texture": "#texture", "cullface": "north" }
			}
		},
		{
			"__comment": "Voxels",
			"from": [ 7.75, 14, -1.75 ],
			"to": [ 9, 14.25, -0.5 ],
			"faces": {
				"down": { "uv": [ 15.6875, 15.125, 16, 15.4375 ], "texture": "#texture", "cullface": "north" },
				"north": { "uv": [ 3.9375, 6.375, 3.625, 6.4375 ], "texture": "#texture", "cullface": "north" },
				"south": { "uv": [ 3.625, 6.1875, 3.9375, 6.25 ], "texture": "#texture", "cullface": "north" },
				"west": { "uv": [ 3.625, 6.125, 3.9375, 6.1875 ], "texture": "#texture", "cullface": "north" },
				"east": { "uv": [ 3.9375, 7.6875, 3.625, 7.75 ], "texture": "#texture", "cullface": "north" }
			}
		},
		{
			"__comment": "Voxels",
			"from": [ 8, 13.75, -1.5 ],
			"to": [ 8.75, 14, -0.75 ],
			"faces": {
				"down": { "uv": [ 3.4375, 6, 3.625, 6.1875 ], "texture": "#texture", "cullface": "north" },
				"north": { "uv": [ 3.875, 5.5625, 3.6875, 5.625 ], "texture": "#texture", "cullface": "north" },
				"south": { "uv": [ 3.6875, 5.5, 3.875, 5.5625 ], "texture": "#texture", "cullface": "north" },
				"west": { "uv": [ 3.6875, 5.4375, 3.875, 5.5 ], "texture": "#texture", "cullface": "north" },
				"east": { "uv": [ 4.0625, 5.5625, 3.875, 5.625 ], "texture": "#texture", "cullface": "north" }
			}
		},
		{
			"__comment": "Voxels",
			"from": [ 8.25, 13.75, -1.75 ],
			"to": [ 8.5, 14, -1.5 ],
			"faces": {
				"down": { "uv": [ 3.625, 4.1875, 3.6875, 4.25 ], "texture": "#texture", "cullface": "north" },
				"north": { "uv": [ 3.75, 4.3125, 3.6875, 4.375 ], "texture": "#texture", "cullface": "north" },
				"west": { "uv": [ 4.125, 6.875, 4.1875, 6.9375 ], "texture": "#texture", "cullface": "north" },
				"east": { "uv": [ 4.1875, 6.375, 4.125, 6.4375 ], "texture": "#texture", "cullface": "north" }
			}
		},
		{
			"__comment": "Voxels",
			"from": [ 8.25, 13.75, -0.75 ],
			"to": [ 8.5, 14, -0.5 ],
			"faces": {
				"down": { "uv": [ 4.125, 6.3125, 4.1875, 6.375 ], "texture": "#texture", "cullface": "north" },
				"south": { "uv": [ 3.875, 4.25, 3.9375, 4.3125 ], "texture": "#texture", "cullface": "north" },
				"west": { "uv": [ 4.0625, 4.25, 4.125, 4.3125 ], "texture": "#texture", "cullface": "north" },
				"east": { "uv": [ 3.8125, 4.4375, 3.75, 4.5 ], "texture": "#texture", "cullface": "north" }
			}
		},
		{
			"__comment": "Voxels",
			"from": [ 9.5, 14, -1.75 ],
			"to": [ 10.75, 14.25, -0.5 ],
			"faces": {
				"down": { "uv": [ 15.5625, 11.9375, 15.875, 12.25 ], "texture": "#texture", "cullface": "north" },
				"north": { "uv": [ 16, 15.4375, 15.6875, 15.5 ], "texture": "#texture", "cullface": "north" },
				"south": { "uv": [ 3.625, 7.75, 3.9375, 7.8125 ], "texture": "#texture", "cullface": "north" },
				"west": { "uv": [ 3.625, 6.3125, 3.9375, 6.375 ], "texture": "#texture", "cullface": "north" },
				"east": { "uv": [ 3.9375, 7.625, 3.625, 7.6875 ], "texture": "#texture", "cullface": "north" }
			}
		},
		{
			"__comment": "Voxels",
			"from": [ 9.75, 3.75, 0.25 ],
			"to": [ 13.5, 4, 0.5 ],
			"faces": {
				"down": { "uv": [ 14.4375, 9.75, 15.375, 9.8125 ], "texture": "#texture" },
				"up": { "uv": [ 14, 10.6875, 14.9375, 10.625 ], "texture": "#texture" },
				"south": { "uv": [ 14.125, 10.75, 15.0625, 10.8125 ], "texture": "#texture" },
				"west": { "uv": [ 3.8125, 4.5, 3.875, 4.5625 ], "texture": "#texture" },
				"east": { "uv": [ 3.9375, 4.5, 3.875, 4.5625 ], "texture": "#texture" }
			}
		},
		{
			"__comment": "Voxels",
			"from": [ 9.75, 13.75, -1.5 ],
			"to": [ 10.5, 14, -0.75 ],
			"faces": {
				"down": { "uv": [ 3.1875, 2.9375, 3.375, 3.125 ], "texture": "#texture", "cullface": "north" },
				"north": { "uv": [ 4.1875, 5.375, 4, 5.4375 ], "texture": "#texture", "cullface": "north" },
				"south": { "uv": [ 3.625, 5.3125, 3.8125, 5.375 ], "texture": "#texture", "cullface": "north" },
				"west": { "uv": [ 3.8125, 5.3125, 4, 5.375 ], "texture": "#texture", "cullface": "north" },
				"east": { "uv": [ 4.1875, 5.3125, 4, 5.375 ], "texture": "#texture", "cullface": "north" }
			}
		},
		{
			"__comment": "Voxels",
			"from": [ 10, 13.75, -1.75 ],
			"to": [ 10.25, 14, -1.5 ],
			"faces": {
				"down": { "uv": [ 4.125, 4.25, 4.1875, 4.3125 ], "texture": "#texture", "cullface": "north" },
				"north": { "uv": [ 4.125, 4.1875, 4.0625, 4.25 ], "texture": "#texture", "cullface": "north" },
				"west": { "uv": [ 3.625, 4.125, 3.6875, 4.1875 ], "texture": "#texture", "cullface": "north" },
				"east": { "uv": [ 3.875, 4.125, 3.8125, 4.1875 ], "texture": "#texture", "cullface": "north" }
			}
		},
		{
			"__comment": "Voxels",
			"from": [ 10, 13.75, -0.75 ],
			"to": [ 10.25, 14, -0.5 ],
			"faces": {
				"down": { "uv": [ 3.875, 4.125, 3.9375, 4.1875 ], "texture": "#texture", "cullface": "north" },
				"south": { "uv": [ 3.625, 4.0625, 3.6875, 4.125 ], "texture": "#texture", "cullface": "north" },
				"west": { "uv": [ 3.6875, 4.0625, 3.75, 4.125 ], "texture": "#texture", "cullface": "north" },
				"east": { "uv": [ 3.8125, 4.0625, 3.75, 4.125 ], "texture": "#texture", "cullface": "north" }
			}
		},
		{
			"__comment": "Voxels",
			"from": [ 11, 10.5, 0.25 ],
			"to": [ 13.25, 10.75, 0.5 ],
			"faces": {
				"down": { "uv": [ 3.625, 9.625, 4.1875, 9.6875 ], "texture": "#texture" },
				"up": { "uv": [ 3.625, 9.625, 4.1875, 9.5625 ], "texture": "#texture" },
				"south": { "uv": [ 3.625, 9.4375, 4.1875, 9.5 ], "texture": "#texture" },
				"west": { "uv": [ 4.125, 4.5, 4.1875, 4.5625 ], "texture": "#texture" },
				"east": { "uv": [ 3.75, 4.4375, 3.6875, 4.5 ], "texture": "#texture" }
			}
		},
		{
			"__comment": "Voxels",
			"from": [ 11.25, 14, -1.75 ],
			"to": [ 13.25, 14.25, -0.5 ],
			"faces": {
				"down": { "uv": [ 13.75, 12.5625, 14.25, 12.875 ], "texture": "#texture", "cullface": "north" },
				"up": { "uv": [ 14.25, 12.875, 14.75, 12.5625 ], "texture": "#texture", "cullface": "north" },
				"north": { "uv": [ 4.125, 8.5625, 3.625, 8.625 ], "texture": "#texture", "cullface": "north" },
				"south": { "uv": [ 3.625, 8.875, 4.125, 8.9375 ], "texture": "#texture", "cullface": "north" },
				"west": { "uv": [ 15.6875, 11.125, 16, 11.1875 ], "texture": "#texture", "cullface": "north" },
				"east": { "uv": [ 16, 11.1875, 15.6875, 11.25 ], "texture": "#texture", "cullface": "north" }
			}
		},
		{
			"__comment": "Voxels",
			"from": [ 11.5, 4, 0.25 ],
			"to": [ 14, 4.25, 0.5 ],
			"faces": {
				"down": { "uv": [ 4.8125, 8.75, 5.4375, 8.8125 ], "texture": "#texture" },
				"up": { "uv": [ 5.4375, 8.8125, 6.0625, 8.75 ], "texture": "#texture" },
				"south": { "uv": [ 4.8125, 8.6875, 5.4375, 8.75 ], "texture": "#texture" },
				"west": { "uv": [ 4, 4.3125, 4.0625, 4.375 ], "texture": "#texture" },
				"east": { "uv": [ 4.125, 4.3125, 4.0625, 4.375 ], "texture": "#texture" }
			}
		},
		{
			"__comment": "Voxels",
			"from": [ 11.5, 13.75, -1.5 ],
			"to": [ 13.5, 14, -0.75 ],
			"faces": {
				"down": { "uv": [ 3.625, 9.8125, 4.125, 10 ], "texture": "#texture", "cullface": "north" },
				"up": { "uv": [ 3.625, 10.1875, 4.125, 10 ], "texture": "#texture", "cullface": "north" },
				"north": { "uv": [ 4.125, 8.625, 3.625, 8.6875 ], "texture": "#texture", "cullface": "north" },
				"south": { "uv": [ 3.625, 8.6875, 4.125, 8.75 ], "texture": "#texture", "cullface": "north" },
				"west": { "uv": [ 3.8125, 5.1875, 4, 5.25 ], "texture": "#texture", "cullface": "north" },
				"east": { "uv": [ 4.1875, 5.1875, 4, 5.25 ], "texture": "#texture", "cullface": "north" }
			}
		},
		{
			"__comment": "Voxels",
			"from": [ 11.75, 13.75, -1.75 ],
			"to": [ 13.5, 14, -1.5 ],
			"faces": {
				"down": { "uv": [ 3.1875, 1.25, 3.625, 1.3125 ], "texture": "#texture", "cullface": "north" },
				"up": { "uv": [ 3.1875, 1.4375, 3.625, 1.375 ], "texture": "#texture", "cullface": "north" },
				"north": { "uv": [ 3.625, 1.4375, 3.1875, 1.5 ], "texture": "#texture", "cullface": "north" },
				"west": { "uv": [ 15.9375, 12.25, 16, 12.3125 ], "texture": "#texture", "cullface": "north" },
				"east": { "uv": [ 3.375, 1.9375, 3.3125, 2 ], "texture": "#texture", "cullface": "north" }
			}
		},
		{
			"__comment": "Voxels",
			"from": [ 11.75, 13.75, -0.75 ],
			"to": [ 13.5, 14, -0.5 ],
			"faces": {
				"down": { "uv": [ 3.1875, 1.625, 3.625, 1.6875 ], "texture": "#texture", "cullface": "north" },
				"up": { "uv": [ 3.1875, 1.8125, 3.625, 1.75 ], "texture": "#texture", "cullface": "north" },
				"south": { "uv": [ 3.1875, 1.875, 3.625, 1.9375 ], "texture": "#texture", "cullface": "north" },
				"west": { "uv": [ 3.5625, 0.5, 3.625, 0.5625 ], "texture": "#texture", "cullface": "north" },
				"east": { "uv": [ 3.625, 0.4375, 3.5625, 0.5 ], "texture": "#texture", "cullface": "north" }
			}
		},
		{
			"__comment": "Voxels",
			"from": [ 12.25, 13.5, -1.75 ],
			"to": [ 13.5, 13.75, -0.5 ],
			"faces": {
				"down": { "uv": [ 15.5625, 11.625, 15.875, 11.9375 ], "texture": "#texture", "cullface": "north" },
				"up": { "uv": [ 3.1875, 8.5, 3.5, 8.1875 ], "texture": "#texture", "cullface": "north" },
				"north": { "uv": [ 3.9375, 7.8125, 3.625, 7.875 ], "texture": "#texture", "cullface": "north" },
				"south": { "uv": [ 3.625, 7.0625, 3.9375, 7.125 ], "texture": "#texture", "cullface": "north" },
				"west": { "uv": [ 3.625, 6.0625, 3.9375, 6.125 ], "texture": "#texture", "cullface": "north" },
				"east": { "uv": [ 3.9375, 6.25, 3.625, 6.3125 ], "texture": "#texture", "cullface": "north" }
			}
		},
		{
			"__comment": "Voxels",
			"from": [ 12.5, 13.25, -1.75 ],
			"to": [ 13.75, 13.5, -0.5 ],
			"faces": {
				"down": { "uv": [ 3.1875, 7.875, 3.5, 8.1875 ], "texture": "#texture", "cullface": "north" },
				"up": { "uv": [ 3.1875, 7.875, 3.5, 7.5625 ], "texture": "#texture", "cullface": "north" },
				"north": { "uv": [ 3.9375, 6.5625, 3.625, 6.625 ], "texture": "#texture", "cullface": "north" },
				"south": { "uv": [ 3.625, 6.875, 3.9375, 6.9375 ], "texture": "#texture", "cullface": "north" },
				"west": { "uv": [ 3.625, 6.9375, 3.9375, 7 ], "texture": "#texture", "cullface": "north" },
				"east": { "uv": [ 3.9375, 7.5, 3.625, 7.5625 ], "texture": "#texture", "cullface": "north" }
			}
		},
		{
			"__comment": "Voxels",
			"from": [ 12.75, 4.25, 0.25 ],
			"to": [ 14.25, 4.5, 0.5 ],
			"faces": {
				"down": { "uv": [ 3.1875, 0.3125, 3.5625, 0.375 ], "texture": "#texture" },
				"up": { "uv": [ 3.1875, 0.4375, 3.5625, 0.375 ], "texture": "#texture" },
				"south": { "uv": [ 3.1875, 0.5, 3.5625, 0.5625 ], "texture": "#texture" },
				"west": { "uv": [ 4.125, 8.625, 4.1875, 8.6875 ], "texture": "#texture" },
				"east": { "uv": [ 4.1875, 8.5625, 4.125, 8.625 ], "texture": "#texture" }
			}
		},
		{
			"__comment": "Voxels",
			"from": [ 12.75, 8, 0.25 ],
			"to": [ 13.75, 8.25, 0.5 ],
			"faces": {
				"down": { "uv": [ 3.9375, 8.375, 4.1875, 8.4375 ], "texture": "#texture" },
				"south": { "uv": [ 3.9375, 7.75, 4.1875, 7.8125 ], "texture": "#texture" },
				"west": { "uv": [ 4.125, 7.375, 4.1875, 7.4375 ], "texture": "#texture" },
				"east": { "uv": [ 4.1875, 7.3125, 4.125, 7.375 ], "texture": "#texture" }
			}
		},
		{
			"__comment": "Voxels",
			"from": [ 12.75, 8.75, 0.25 ],
			"to": [ 13.75, 9, 0.5 ],
			"faces": {
				"up": { "uv": [ 3.9375, 7.9375, 4.1875, 7.875 ], "texture": "#texture" },
				"south": { "uv": [ 3.9375, 7.5625, 4.1875, 7.625 ], "texture": "#texture" },
				"west": { "uv": [ 4.125, 7.0625, 4.1875, 7.125 ], "texture": "#texture" },
				"east": { "uv": [ 4.1875, 7, 4.125, 7.0625 ], "texture": "#texture" }
			}
		},
		{
			"__comment": "Voxels",
			"from": [ 12.75, 10.25, 0.25 ],
			"to": [ 13.5, 10.5, 0.5 ],
			"faces": {
				"down": { "uv": [ 3.625, 5.125, 3.8125, 5.1875 ], "texture": "#texture" },
				"up": { "uv": [ 3.4375, 5.125, 3.625, 5.0625 ], "texture": "#texture" },
				"south": { "uv": [ 4, 5.125, 4.1875, 5.1875 ], "texture": "#texture" },
				"west": { "uv": [ 4.125, 6.8125, 4.1875, 6.875 ], "texture": "#texture" },
				"east": { "uv": [ 4.1875, 6.75, 4.125, 6.8125 ], "texture": "#texture" }
			}
		},
		{
			"__comment": "Voxels",
			"from": [ 12.75, 12.75, -1.75 ],
			"to": [ 13.75, 13.25, -0.5 ],
			"faces": {
				"down": { "uv": [ 15.75, 12.5625, 16, 12.875 ], "texture": "#texture", "cullface": "north" },
				"north": { "uv": [ 3.1875, 1.0625, 2.9375, 1.1875 ], "texture": "#texture", "cullface": "north" },
				"south": { "uv": [ 2.9375, 1.1875, 3.1875, 1.3125 ], "texture": "#texture", "cullface": "north" },
				"west": { "uv": [ 2.8125, 0.9375, 3.125, 1.0625 ], "texture": "#texture", "cullface": "north" },
				"east": { "uv": [ 3.125, 0.8125, 2.8125, 0.9375 ], "texture": "#texture", "cullface": "north" }
			}
		},
		{
			"__comment": "Voxels",
			"from": [ 13, 2.25, -2.75 ],
			"to": [ 14.75, 2.75, -2.25 ],
			"faces": {
				"down": { "uv": [ 12.25, 11.625, 12.6875, 11.75 ], "texture": "#texture", "cullface": "north" },
				"up": { "uv": [ 9.375, 11.75, 9.8125, 11.625 ], "texture": "#texture", "cullface": "north" },
				"north": { "uv": [ 3.625, 3.75, 3.1875, 3.875 ], "texture": "#texture", "cullface": "north" },
				"south": { "uv": [ 8.9375, 11.625, 9.375, 11.75 ], "texture": "#texture", "cullface": "north" },
				"west": { "uv": [ 3.0625, 8.5625, 3.1875, 8.6875 ], "texture": "#texture", "cullface": "north" },
				"east": { "uv": [ 3.1875, 8.9375, 3.0625, 9.0625 ], "texture": "#texture", "cullface": "north" }
			}
		},
		{
			"__comment": "Voxels",
			"from": [ 13, 2.25, -2.25 ],
			"to": [ 14.75, 2.5, 0.5 ],
			"faces": {
				"down": { "uv": [ 3.1875, 9.1875, 3.625, 9.875 ], "texture": "#texture", "cullface": "north" },
				"up": { "uv": [ 3.1875, 9.1875, 3.625, 8.5 ], "texture": "#texture", "cullface": "north" },
				"south": { "uv": [ 3.1875, 1.1875, 3.625, 1.25 ], "texture": "#texture", "cullface": "north" },
				"west": { "uv": [ 4.875, 8.8125, 5.5625, 8.875 ], "texture": "#texture", "cullface": "north" },
				"east": { "uv": [ 15.875, 9.8125, 15.1875, 9.875 ], "texture": "#texture", "cullface": "north" }
			}
		},
		{
			"__comment": "Voxels",
			"from": [ 13, 2.5, 0 ],
			"to": [ 14.75, 2.75, 0.5 ],
			"faces": {
				"up": { "uv": [ 3.1875, 5.0625, 3.625, 4.9375 ], "texture": "#texture" },
				"south": { "uv": [ 3.1875, 1.5, 3.625, 1.5625 ], "texture": "#texture" },
				"west": { "uv": [ 4.0625, 4.9375, 4.1875, 5 ], "texture": "#texture" },
				"east": { "uv": [ 3.75, 4.875, 3.625, 4.9375 ], "texture": "#texture" }
			}
		},
		{
			"__comment": "Voxels",
			"from": [ 13, 9, 0.25 ],
			"to": [ 13.75, 9.5, 0.5 ],
			"faces": {
				"up": { "uv": [ 3.75, 5.0625, 3.9375, 5 ], "texture": "#texture" },
				"south": { "uv": [ 3.4375, 5.875, 3.625, 6 ], "texture": "#texture" },
				"west": { "uv": [ 3.5625, 5.5625, 3.625, 5.6875 ], "texture": "#texture" },
				"east": { "uv": [ 3.6875, 4.75, 3.625, 4.875 ], "texture": "#texture" }
			}
		},
		{
			"__comment": "Voxels",
			"from": [ 13, 9.5, 0.25 ],
			"to": [ 13.5, 10.25, 0.5 ],
			"faces": {
				"north": { "uv": [ 3.1875, 4.0625, 3.0625, 4.25 ], "texture": "#texture" },
				"south": { "uv": [ 3.0625, 3.6875, 3.1875, 3.875 ], "texture": "#texture" },
				"west": { "uv": [ 3.9375, 4.9375, 4, 5.125 ], "texture": "#texture" },
				"east": { "uv": [ 4.0625, 4.9375, 4, 5.125 ], "texture": "#texture" }
			}
		},
		{
			"__comment": "Voxels",
			"from": [ 13, 12.25, -1.75 ],
			"to": [ 14, 12.75, -0.5 ],
			"faces": {
				"up": { "uv": [ 2.9375, 7.3125, 3.1875, 7 ], "texture": "#texture", "cullface": "north" },
				"north": { "uv": [ 3.1875, 1.6875, 2.9375, 1.8125 ], "texture": "#texture", "cullface": "north" },
				"south": { "uv": [ 2.9375, 1.4375, 3.1875, 1.5625 ], "texture": "#texture", "cullface": "north" },
				"west": { "uv": [ 3.3125, 4.1875, 3.625, 4.3125 ], "texture": "#texture", "cullface": "north" },
				"east": { "uv": [ 3.5, 3.5, 3.1875, 3.625 ], "texture": "#texture", "cullface": "north" }
			}
		},
		{
			"__comment": "Voxels",
			"from": [ 13.25, 2.75, -2.75 ],
			"to": [ 14.5, 3, -2.5 ],
			"faces": {
				"up": { "uv": [ 3.625, 8.375, 3.9375, 8.3125 ], "texture": "#texture", "cullface": "north" },
				"north": { "uv": [ 3.9375, 8.375, 3.625, 8.4375 ], "texture": "#texture", "cullface": "north" },
				"west": { "uv": [ 4.0625, 4.375, 4.125, 4.4375 ], "texture": "#texture", "cullface": "north" },
				"east": { "uv": [ 4.1875, 4.375, 4.125, 4.4375 ], "texture": "#texture", "cullface": "north" }
			}
		},
		{
			"__comment": "Voxels",
			"from": [ 13.25, 2.75, 0.25 ],
			"to": [ 14.5, 3, 0.5 ],
			"faces": {
				"up": { "uv": [ 3.625, 8.5625, 3.9375, 8.5 ], "texture": "#texture" },
				"south": { "uv": [ 3.1875, 0.0625, 3.5, 0.125 ], "texture": "#texture" },
				"west": { "uv": [ 3.875, 4.3125, 3.9375, 4.375 ], "texture": "#texture" },
				"east": { "uv": [ 4, 4.3125, 3.9375, 4.375 ], "texture": "#texture" }
			}
		},
		{
			"__comment": "Voxels",
			"from": [ 13.25, 4.5, 0.25 ],
			"to": [ 14.25, 4.75, 0.5 ],
			"faces": {
				"up": { "uv": [ 3.9375, 8.25, 4.1875, 8.1875 ], "texture": "#texture" },
				"south": { "uv": [ 3.9375, 8.0625, 4.1875, 8.125 ], "texture": "#texture" },
				"west": { "uv": [ 3.6875, 4.25, 3.75, 4.3125 ], "texture": "#texture" },
				"east": { "uv": [ 3.8125, 4.25, 3.75, 4.3125 ], "texture": "#texture" }
			}
		},
		{
			"__comment": "Voxels",
			"from": [ 13.25, 7, 0.25 ],
			"to": [ 14, 7.75, 0.5 ],
			"faces": {
				"down": { "uv": [ 3.9375, 7.5, 4.125, 7.5625 ], "texture": "#texture" },
				"up": { "uv": [ 3.9375, 7.5, 4.125, 7.4375 ], "texture": "#texture" },
				"south": { "uv": [ 2.9375, 2.75, 3.125, 2.9375 ], "texture": "#texture" },
				"west": { "uv": [ 15.9375, 14.375, 16, 14.5625 ], "texture": "#texture" },
				"east": { "uv": [ 3.1875, 2.5625, 3.125, 2.75 ], "texture": "#texture" }
			}
		},
		{
			"__comment": "Voxels",
			"from": [ 13.25, 7.75, 0.25 ],
			"to": [ 13.75, 8, 0.5 ],
			"faces": {
				"south": { "uv": [ 3.75, 4.625, 3.875, 4.6875 ], "texture": "#texture" },
				"west": { "uv": [ 3.875, 4.1875, 3.9375, 4.25 ], "texture": "#texture" },
				"east": { "uv": [ 4, 4.1875, 3.9375, 4.25 ], "texture": "#texture" }
			}
		},
		{
			"__comment": "Voxels",
			"from": [ 13.5, 3, -2.75 ],
			"to": [ 14.25, 3.25, -2.5 ],
			"faces": {
				"up": { "uv": [ 3.9375, 7.25, 4.125, 7.1875 ], "texture": "#texture", "cullface": "north" },
				"north": { "uv": [ 4.125, 7.125, 3.9375, 7.1875 ], "texture": "#texture", "cullface": "north" },
				"west": { "uv": [ 3.6875, 4.125, 3.75, 4.1875 ], "texture": "#texture", "cullface": "north" },
				"east": { "uv": [ 3.8125, 4.125, 3.75, 4.1875 ], "texture": "#texture", "cullface": "north" }
			}
		},
		{
			"__comment": "Voxels",
			"from": [ 13.5, 3, 0.25 ],
			"to": [ 14.25, 3.25, 0.5 ],
			"faces": {
				"up": { "uv": [ 3.9375, 7, 4.125, 6.9375 ], "texture": "#texture" },
				"south": { "uv": [ 3.9375, 6.8125, 4.125, 6.875 ], "texture": "#texture" },
				"west": { "uv": [ 4.0625, 4.125, 4.125, 4.1875 ], "texture": "#texture" },
				"east": { "uv": [ 4.1875, 4.125, 4.125, 4.1875 ], "texture": "#texture" }
			}
		},
		{
			"__comment": "Voxels",
			"from": [ 13.5, 5.5, 0.25 ],
			"to": [ 14.25, 5.75, 0.5 ],
			"faces": {
				"down": { "uv": [ 3.9375, 6.75, 4.125, 6.8125 ], "texture": "#texture" },
				"up": { "uv": [ 3.9375, 6.75, 4.125, 6.6875 ], "texture": "#texture" },
				"south": { "uv": [ 3.9375, 6.5625, 4.125, 6.625 ], "texture": "#texture" },
				"west": { "uv": [ 3.875, 4.0625, 3.9375, 4.125 ], "texture": "#texture" },
				"east": { "uv": [ 4, 4.0625, 3.9375, 4.125 ], "texture": "#texture" }
			}
		},
		{
			"__comment": "Voxels",
			"from": [ 13.5, 5.75, 0.25 ],
			"to": [ 14, 7, 0.5 ],
			"faces": {
				"north": { "uv": [ 3.1875, 10.125, 3.0625, 10.4375 ], "texture": "#texture" },
				"south": { "uv": [ 3.0625, 9.75, 3.1875, 10.0625 ], "texture": "#texture" },
				"west": { "uv": [ 15.9375, 11.9375, 16, 12.25 ], "texture": "#texture" },
				"east": { "uv": [ 15.9375, 11.9375, 15.875, 12.25 ], "texture": "#texture" }
			}
		},
		{
			"__comment": "Voxels",
			"from": [ 13.75, 4.75, 0.25 ],
			"to": [ 14.25, 5.5, 0.5 ],
			"faces": {
				"south": { "uv": [ 3.0625, 4.25, 3.1875, 4.4375 ], "texture": "#texture" },
				"west": { "uv": [ 4.125, 9.8125, 4.1875, 10 ], "texture": "#texture" },
				"east": { "uv": [ 4.1875, 5.875, 4.125, 6.0625 ], "texture": "#texture" }
			}
		}
	],
	"display": {
		"head": {
			"rotation":  [ 0, 180, 0 ],
			"translation":  [ 1.3913, -16, -36.86 ],
			"scale":  [ 4, 4, 4 ]
		},
		"ground": {
			"rotation":  [ -64, 0, 0 ],
			"translation":  [ 0, 6.2601, 0 ],
			"scale":  [ 0.5478, 0.5913, 0.5825 ]
		}
	}
}