{
	"__comment": "Designed by CapenGoggles with Cubik Studio - https://cubik.studio",
	"textures": {
		"particle": "item/signtextures/rrcentrancesign",
		"texture": "item/signtextures/rrcentrancesign",
		"texture1": "item/signtextures/rrcentrancetext"
	},
	"elements": [ 	 
		{
			"__comment": "Voxels",
			"from": [ 0, 0, 6.75 ],
			"to": [ 16, 1.5, 7 ],
			"faces": {
				"down": { "uv": [ 7.9375, 15.4375, 11.9375, 15.5 ], "texture": "#texture", "cullface": "down" },
				"up": { "uv": [ 10.0625, 15.625, 14.0625, 15.5625 ], "texture": "#texture" },
				"north": { "uv": [ 4, 8.375, 0, 8.75 ], "texture": "#texture" },
				"south": { "uv": [ 0, 8, 4, 8.375 ], "texture": "#texture" },
				"west": { "uv": [ 8.6875, 11, 8.75, 11.375 ], "texture": "#texture", "cullface": "west" },
				"east": { "uv": [ 8, 9.875, 7.9375, 10.25 ], "texture": "#texture", "cullface": "east" }
			}
		},
		{
			"__comment": "Voxels",
			"from": [ 0, 0, 7 ],
			"to": [ 16, 0.25, 12.5 ],
			"faces": {
				"down": { "uv": [ 0, 14.625, 4, 16 ], "texture": "#texture", "cullface": "down" },
				"up": { "uv": [ 0, 14.625, 4, 13.25 ], "texture": "#texture" },
				"south": { "uv": [ 10.0625, 15.5, 14.0625, 15.5625 ], "texture": "#texture" },
				"west": { "uv": [ 7.9375, 12.3125, 9.3125, 12.375 ], "texture": "#texture", "cullface": "west" },
				"east": { "uv": [ 9.3125, 12.375, 7.9375, 12.4375 ], "texture": "#texture", "cullface": "east" }
			}
		},
		{
			"__comment": "Voxels",
			"from": [ 0, 0.25, 7 ],
			"to": [ 0.25, 1.5, 12.5 ],
			"faces": {
				"up": { "uv": [ 7.9375, 13.8125, 8, 12.4375 ], "texture": "#texture" },
				"south": { "uv": [ 8.4375, 9.875, 8.5, 10.1875 ], "texture": "#texture" },
				"west": { "uv": [ 4, 11.5, 5.375, 11.8125 ], "texture": "#texture", "cullface": "west" },
				"east": { "uv": [ 6.75, 11.5, 5.375, 11.8125 ], "texture": "#texture" }
			}
		},
		{
			"__comment": "Voxels",
			"from": [ 0.25, 0.25, 12.25 ],
			"to": [ 16, 1.5, 12.5 ],
			"faces": {
				"up": { "uv": [ 11.875, 15.4375, 15.8125, 15.375 ], "texture": "#texture" },
				"north": { "uv": [ 7.9375, 15.6875, 4, 16 ], "texture": "#texture" },
				"south": { "uv": [ 4, 15.375, 7.9375, 15.6875 ], "texture": "#texture" },
				"east": { "uv": [ 8.375, 9.875, 8.3125, 10.1875 ], "texture": "#texture", "cullface": "east" }
			}
		},
		{
			"__comment": "Voxels",
			"from": [ 0.25, 1, 7 ],
			"to": [ 16, 1.5, 9 ],
			"faces": {
				"down": { "uv": [ 0, 11.125, 3.9375, 11.625 ], "texture": "#texture" },
				"up": { "uv": [ 0, 11.125, 3.9375, 10.625 ], "texture": "#texture" },
				"south": { "uv": [ 4, 11.8125, 7.9375, 11.9375 ], "texture": "#texture" },
				"east": { "uv": [ 4, 9.875, 3.5, 10 ], "texture": "#texture", "cullface": "east" }
			}
		},
		{
			"__comment": "Voxels",
			"from": [ 0.25, 1, 9 ],
			"to": [ 16, 1.25, 12.25 ],
			"faces": {
				"down": { "uv": [ 0, 12.4375, 3.9375, 13.25 ], "texture": "#texture" },
				"up": { "uv": [ 0, 12.4375, 3.9375, 11.625 ], "texture": "#texture" },
				"east": { "uv": [ 7.9375, 9.5, 7.125, 9.5625 ], "texture": "#texture", "cullface": "east" }
			}
		},
		{
			"__comment": "Voxels",
			"from": [ 0.25, 1.25, 9 ],
			"to": [ 5.5, 1.5, 12.25 ],
			"faces": {
				"up": { "uv": [ 4, 14.5, 5.3125, 13.6875 ], "texture": "#texture" },
				"east": { "uv": [ 7.9375, 9.875, 7.125, 9.9375 ], "texture": "#texture" }
			}
		},
		{
			"__comment": "Voxels",
			"from": [ 0.75, 1.5, 10.5 ],
			"to": [ 2, 1.75, 10.75 ],
			"faces": {
				"up": { "uv": [ 9.0625, 10.875, 9.375, 10.8125 ], "texture": "#texture" },
				"north": { "uv": [ 9.375, 10.875, 9.0625, 10.9375 ], "texture": "#texture" },
				"south": { "uv": [ 9.0625, 12.75, 9.375, 12.8125 ], "texture": "#texture" },
				"west": { "uv": [ 9.3125, 12.125, 9.375, 12.1875 ], "texture": "#texture" },
				"east": { "uv": [ 9.375, 12.3125, 9.3125, 12.375 ], "texture": "#texture" }
			}
		},
		{
			"__comment": "Voxels",
			"from": [ 1, 0, 4.75 ],
			"to": [ 15, 0.25, 6.75 ],
			"faces": {
				"down": { "uv": [ 0, 10.125, 3.5, 10.625 ], "texture": "#texture", "cullface": "down" },
				"up": { "uv": [ 0, 10.125, 3.5, 9.625 ], "texture": "#texture" },
				"north": { "uv": [ 13.375, 15.25, 9.875, 15.3125 ], "texture": "#texture" },
				"west": { "uv": [ 7.9375, 11.375, 8.4375, 11.4375 ], "texture": "#texture" },
				"east": { "uv": [ 8.9375, 11.375, 8.4375, 11.4375 ], "texture": "#texture" }
			}
		},
		{
			"__comment": "Voxels",
			"from": [ 1, 0.25, 4.75 ],
			"to": [ 1.5, 1.25, 5 ],
			"faces": {
				"up": { "uv": [ 15.5, 13.875, 15.625, 13.8125 ], "texture": "#texture" },
				"north": { "uv": [ 7.9375, 15.125, 7.8125, 15.375 ], "texture": "#texture" },
				"south": { "uv": [ 7.8125, 14.6875, 7.9375, 14.9375 ], "texture": "#texture" },
				"west": { "uv": [ 9.125, 10, 9.1875, 10.25 ], "texture": "#texture" },
				"east": { "uv": [ 9.25, 10, 9.1875, 10.25 ], "texture": "#texture" }
			}
		},
		{
			"__comment": "Voxels",
			"from": [ 1, 0.25, 5 ],
			"to": [ 1.25, 1.25, 6.75 ],
			"faces": {
				"up": { "uv": [ 7.9375, 11.375, 8, 10.9375 ], "texture": "#texture" },
				"west": { "uv": [ 3.5, 10.375, 3.9375, 10.625 ], "texture": "#texture" },
				"east": { "uv": [ 3.9375, 10.125, 3.5, 10.375 ], "texture": "#texture" }
			}
		},
		{
			"__comment": "Voxels",
			"from": [ 1, 0.25, 7 ],
			"to": [ 1.25, 1, 8.25 ],
			"faces": {
				"south": { "uv": [ 8.5625, 8.75, 8.625, 8.9375 ], "texture": "#texture" },
				"west": { "uv": [ 3.4375, 9.4375, 3.75, 9.625 ], "texture": "#texture" },
				"east": { "uv": [ 3.75, 9.25, 3.4375, 9.4375 ], "texture": "#texture" }
			}
		},
		{
			"__comment": "Voxels",
			"from": [ 1, 1.5, 10.75 ],
			"to": [ 3.25, 1.75, 11 ],
			"faces": {
				"up": { "uv": [ 7.375, 13, 7.9375, 12.9375 ], "texture": "#texture" },
				"north": { "uv": [ 7.8125, 10.5, 7.25, 10.5625 ], "texture": "#texture" },
				"south": { "uv": [ 7.25, 10.5625, 7.8125, 10.625 ], "texture": "#texture" },
				"west": { "uv": [ 9.3125, 12.375, 9.375, 12.4375 ], "texture": "#texture" },
				"east": { "uv": [ 9.375, 13.6875, 9.3125, 13.75 ], "texture": "#texture" }
			}
		},
		{
			"__comment": "Voxels",
			"from": [ 1.25, 0, 4 ],
			"to": [ 14.75, 0.25, 4.75 ],
			"faces": {
				"down": { "uv": [ 4, 13, 7.375, 13.1875 ], "texture": "#texture", "cullface": "down" },
				"up": { "uv": [ 4, 13, 7.375, 12.8125 ], "texture": "#texture" },
				"north": { "uv": [ 11.3125, 15.0625, 7.9375, 15.125 ], "texture": "#texture" },
				"west": { "uv": [ 9.1875, 11.75, 9.375, 11.8125 ], "texture": "#texture" },
				"east": { "uv": [ 9.375, 13.0625, 9.1875, 13.125 ], "texture": "#texture" }
			}
		},
		{
			"__comment": "Voxels",
			"from": [ 1.25, 0.25, 4 ],
			"to": [ 1.75, 1.25, 4.25 ],
			"faces": {
				"up": { "uv": [ 15.75, 13.875, 15.875, 13.8125 ], "texture": "#texture" },
				"north": { "uv": [ 7.125, 8.3125, 7, 8.5625 ], "texture": "#texture" },
				"south": { "uv": [ 7, 8.0625, 7.125, 8.3125 ], "texture": "#texture" },
				"west": { "uv": [ 8, 9.625, 8.0625, 9.875 ], "texture": "#texture" },
				"east": { "uv": [ 8.1875, 9.625, 8.125, 9.875 ], "texture": "#texture" }
			}
		},
		{
			"__comment": "Voxels",
			"from": [ 1.25, 0.25, 4.25 ],
			"to": [ 1.5, 1.25, 4.75 ],
			"faces": {
				"up": { "uv": [ 10.8125, 11.5, 10.875, 11.375 ], "texture": "#texture" },
				"west": { "uv": [ 7.125, 8.3125, 7.25, 8.5625 ], "texture": "#texture" },
				"east": { "uv": [ 7.25, 8.0625, 7.125, 8.3125 ], "texture": "#texture" }
			}
		},
		{
			"__comment": "Voxels",
			"from": [ 1.25, 0.25, 8 ],
			"to": [ 2, 1, 8.25 ],
			"faces": {
				"north": { "uv": [ 7.9375, 13, 7.75, 13.1875 ], "texture": "#texture" },
				"south": { "uv": [ 7, 8.8125, 7.1875, 9 ], "texture": "#texture" },
				"east": { "uv": [ 8.5625, 8.375, 8.5, 8.5625 ], "texture": "#texture" }
			}
		},
		{
			"__comment": "Voxels",
			"from": [ 1.25, 0.25, 8.25 ],
			"to": [ 1.5, 1, 9 ],
			"faces": {
				"south": { "uv": [ 9.3125, 12.5625, 9.375, 12.75 ], "texture": "#texture" },
				"west": { "uv": [ 7.625, 14.5, 7.8125, 14.6875 ], "texture": "#texture" },
				"east": { "uv": [ 7.5625, 13, 7.375, 13.1875 ], "texture": "#texture" }
			}
		},
		{
			"__comment": "Voxels",
			"from": [ 1.25, 0.75, 5 ],
			"to": [ 15, 1.25, 6.75 ],
			"faces": {
				"down": { "uv": [ 0, 9.1875, 3.4375, 9.625 ], "texture": "#texture" },
				"up": { "uv": [ 0, 9.1875, 3.4375, 8.75 ], "texture": "#texture" },
				"north": { "uv": [ 7.4375, 11.25, 4, 11.375 ], "texture": "#texture" },
				"east": { "uv": [ 3.875, 9.0625, 3.4375, 9.1875 ], "texture": "#texture" }
			}
		},
		{
			"__comment": "Voxels",
			"from": [ 1.25, 0.75, 7 ],
			"to": [ 15, 1, 8 ],
			"faces": {
				"down": { "uv": [ 4, 13.1875, 7.4375, 13.4375 ], "texture": "#texture" },
				"south": { "uv": [ 11.375, 15.125, 14.8125, 15.1875 ], "texture": "#texture" },
				"east": { "uv": [ 8.9375, 9.875, 8.6875, 9.9375 ], "texture": "#texture" }
			}
		},
		{
			"__comment": "Voxels",
			"from": [ 1.5, 0, 3.5 ],
			"to": [ 14.5, 0.25, 4 ],
			"faces": {
				"down": { "uv": [ 4, 10.625, 7.25, 10.75 ], "texture": "#texture", "cullface": "down" },
				"up": { "uv": [ 4, 10.625, 7.25, 10.5 ], "texture": "#texture" },
				"north": { "uv": [ 14.4375, 14.75, 11.1875, 14.8125 ], "texture": "#texture" },
				"west": { "uv": [ 15, 13.75, 15.125, 13.8125 ], "texture": "#texture" },
				"east": { "uv": [ 15.25, 13.75, 15.125, 13.8125 ], "texture": "#texture" }
			}
		},
		{
			"__comment": "Voxels",
			"from": [ 1.5, 0.25, 3.5 ],
			"to": [ 2, 1.25, 3.75 ],
			"faces": {
				"up": { "uv": [ 15.375, 13.8125, 15.5, 13.75 ], "texture": "#texture" },
				"north": { "uv": [ 7.375, 8.125, 7.25, 8.375 ], "texture": "#texture" },
				"south": { "uv": [ 7.375, 8.125, 7.5, 8.375 ], "texture": "#texture" },
				"west": { "uv": [ 8.3125, 9.625, 8.375, 9.875 ], "texture": "#texture" },
				"east": { "uv": [ 8.4375, 9.625, 8.375, 9.875 ], "texture": "#texture" }
			}
		},
		{
			"__comment": "Voxels",
			"from": [ 1.5, 0.25, 3.75 ],
			"to": [ 1.75, 1.25, 4 ],
			"faces": {
				"up": { "uv": [ 9.3125, 13.875, 9.375, 13.8125 ], "texture": "#texture" },
				"west": { "uv": [ 8.5, 9.625, 8.5625, 9.875 ], "texture": "#texture" },
				"east": { "uv": [ 8.625, 9.625, 8.5625, 9.875 ], "texture": "#texture" }
			}
		},
		{
			"__comment": "Voxels",
			"from": [ 1.5, 0.25, 7.75 ],
			"to": [ 2, 0.75, 8 ],
			"faces": {
				"north": { "uv": [ 7.625, 14.5, 7.5, 14.625 ], "texture": "#texture" },
				"west": { "uv": [ 9.5, 11.25, 9.5625, 11.375 ], "texture": "#texture" },
				"east": { "uv": [ 9.75, 11.25, 9.6875, 11.375 ], "texture": "#texture" }
			}
		},
		{
			"__comment": "Voxels",
			"from": [ 1.5, 0.25, 8.75 ],
			"to": [ 2, 1, 9.5 ],
			"faces": {
				"up": { "uv": [ 7.9375, 10.5625, 8.0625, 10.375 ], "texture": "#texture" },
				"north": { "uv": [ 9.1875, 10.625, 9.0625, 10.8125 ], "texture": "#texture" },
				"south": { "uv": [ 8.5625, 10.625, 8.6875, 10.8125 ], "texture": "#texture" },
				"west": { "uv": [ 7.1875, 8.8125, 7.375, 9 ], "texture": "#texture" },
				"east": { "uv": [ 7.75, 13, 7.5625, 13.1875 ], "texture": "#texture" }
			}
		},
		{
			"__comment": "Voxels",
			"from": [ 1.5, 0.75, 4.25 ],
			"to": [ 14.75, 1.25, 5 ],
			"faces": {
				"down": { "uv": [ 4, 12.625, 7.3125, 12.8125 ], "texture": "#texture" },
				"up": { "uv": [ 4, 12.625, 7.3125, 12.4375 ], "texture": "#texture" },
				"north": { "uv": [ 7.3125, 10.875, 4, 11 ], "texture": "#texture" },
				"west": { "uv": [ 8.375, 10.6875, 8.5625, 10.8125 ], "texture": "#texture" },
				"east": { "uv": [ 8.375, 10.6875, 8.1875, 10.8125 ], "texture": "#texture" }
			}
		},
		{
			"__comment": "Voxels",
			"from": [ 1.5, 0.75, 8.25 ],
			"to": [ 14.75, 1, 8.75 ],
			"faces": {
				"down": { "uv": [ 4, 11, 7.3125, 11.125 ], "texture": "#texture" },
				"north": { "uv": [ 12.9375, 14.9375, 9.625, 15 ], "texture": "#texture" },
				"south": { "uv": [ 9.625, 15, 12.9375, 15.0625 ], "texture": "#texture" },
				"east": { "uv": [ 16, 14.8125, 15.875, 14.875 ], "texture": "#texture" }
			}
		},
		{
			"__comment": "Voxels",
			"from": [ 1.5, 1.5, 11 ],
			"to": [ 4.75, 1.75, 11.25 ],
			"faces": {
				"up": { "uv": [ 7.125, 10, 7.9375, 9.9375 ], "texture": "#texture" },
				"north": { "uv": [ 7.9375, 9.8125, 7.125, 9.875 ], "texture": "#texture" },
				"south": { "uv": [ 7.125, 9.6875, 7.9375, 9.75 ], "texture": "#texture" },
				"west": { "uv": [ 15.9375, 14, 16, 14.0625 ], "texture": "#texture" },
				"east": { "uv": [ 16, 14.0625, 15.9375, 14.125 ], "texture": "#texture" }
			}
		},
		{
			"__comment": "Voxels",
			"from": [ 1.5, 1.75, 10.75 ],
			"to": [ 2, 2, 11 ],
			"faces": {
				"up": { "uv": [ 8.0625, 11, 8.1875, 10.9375 ], "texture": "#texture" },
				"north": { "uv": [ 8.3125, 10.9375, 8.1875, 11 ], "texture": "#texture" },
				"south": { "uv": [ 9.1875, 10.375, 9.3125, 10.4375 ], "texture": "#texture" },
				"west": { "uv": [ 15.9375, 14.125, 16, 14.1875 ], "texture": "#texture" },
				"east": { "uv": [ 16, 14.9375, 15.9375, 15 ], "texture": "#texture" }
			}
		},
		{
			"__comment": "Voxels",
			"from": [ 1.75, 0, 3 ],
			"to": [ 14.25, 0.25, 3.5 ],
			"faces": {
				"down": { "uv": [ 4, 9.75, 7.125, 9.875 ], "texture": "#texture", "cullface": "down" },
				"up": { "uv": [ 4, 9.625, 7.125, 9.5 ], "texture": "#texture" },
				"north": { "uv": [ 11.0625, 14.5625, 7.9375, 14.625 ], "texture": "#texture" },
				"west": { "uv": [ 8.5, 9.875, 8.625, 9.9375 ], "texture": "#texture" },
				"east": { "uv": [ 9.375, 9.3125, 9.25, 9.375 ], "texture": "#texture" }
			}
		},
		{
			"__comment": "Voxels",
			"from": [ 1.75, 0.25, 3 ],
			"to": [ 2.25, 1.25, 3.25 ],
			"faces": {
				"up": { "uv": [ 8.875, 9.0625, 9, 9 ], "texture": "#texture" },
				"north": { "uv": [ 8.3125, 12.5625, 8.1875, 12.8125 ], "texture": "#texture" },
				"south": { "uv": [ 8.3125, 12.8125, 8.4375, 13.0625 ], "texture": "#texture" },
				"west": { "uv": [ 8.9375, 9.625, 9, 9.875 ], "texture": "#texture" },
				"east": { "uv": [ 9.0625, 9.625, 9, 9.875 ], "texture": "#texture" }
			}
		},
		{
			"__comment": "Voxels",
			"from": [ 1.75, 0.25, 3.25 ],
			"to": [ 2, 1.25, 3.5 ],
			"faces": {
				"up": { "uv": [ 15.9375, 15.125, 16, 15.0625 ], "texture": "#texture" },
				"west": { "uv": [ 9.1875, 9.625, 9.25, 9.875 ], "texture": "#texture" },
				"east": { "uv": [ 9.3125, 9.625, 9.25, 9.875 ], "texture": "#texture" }
			}
		},
		{
			"__comment": "Voxels",
			"from": [ 1.75, 0.25, 7 ],
			"to": [ 2, 0.75, 7.75 ],
			"faces": {
				"west": { "uv": [ 8.8125, 10.4375, 9, 10.5625 ], "texture": "#texture" },
				"east": { "uv": [ 9.1875, 10.4375, 9, 10.5625 ], "texture": "#texture" }
			}
		},
		{
			"__comment": "Voxels",
			"from": [ 1.75, 0.25, 8.25 ],
			"to": [ 2, 0.75, 8.75 ],
			"faces": {
				"west": { "uv": [ 7.8125, 10.5, 7.9375, 10.625 ], "texture": "#texture" },
				"east": { "uv": [ 7, 8.375, 6.875, 8.5 ], "texture": "#texture" }
			}
		},
		{
			"__comment": "Voxels",
			"from": [ 1.75, 0.25, 9.5 ],
			"to": [ 2.25, 1, 10 ],
			"faces": {
				"north": { "uv": [ 9.3125, 12.5625, 9.1875, 12.75 ], "texture": "#texture" },
				"south": { "uv": [ 8.0625, 11.1875, 8.1875, 11.375 ], "texture": "#texture" },
				"west": { "uv": [ 8.0625, 11, 8.1875, 11.1875 ], "texture": "#texture" },
				"east": { "uv": [ 8.3125, 11.1875, 8.1875, 11.375 ], "texture": "#texture" }
			}
		},
		{
			"__comment": "Voxels",
			"from": [ 1.75, 0.75, 3.75 ],
			"to": [ 14.5, 1.25, 4.25 ],
			"faces": {
				"down": { "uv": [ 4, 10.125, 7.1875, 10.25 ], "texture": "#texture" },
				"up": { "uv": [ 4, 10.5, 7.1875, 10.375 ], "texture": "#texture" },
				"north": { "uv": [ 7.1875, 10.25, 4, 10.375 ], "texture": "#texture" },
				"west": { "uv": [ 7.375, 8, 7.5, 8.125 ], "texture": "#texture" },
				"east": { "uv": [ 7.625, 8, 7.5, 8.125 ], "texture": "#texture" }
			}
		},
		{
			"__comment": "Voxels",
			"from": [ 2, 0, 2.75 ],
			"to": [ 14, 0.25, 3 ],
			"faces": {
				"down": { "uv": [ 10.9375, 14.3125, 13.9375, 14.375 ], "texture": "#texture", "cullface": "down" },
				"up": { "uv": [ 12.9375, 15.0625, 15.9375, 15 ], "texture": "#texture" },
				"north": { "uv": [ 10.9375, 14.3125, 7.9375, 14.375 ], "texture": "#texture" },
				"west": { "uv": [ 7.875, 9, 7.9375, 9.0625 ], "texture": "#texture" },
				"east": { "uv": [ 7.9375, 9.1875, 7.875, 9.25 ], "texture": "#texture" }
			}
		},
		{
			"__comment": "Voxels",
			"from": [ 2, 0.25, 2.75 ],
			"to": [ 2.5, 1.25, 3 ],
			"faces": {
				"up": { "uv": [ 8.75, 8.75, 8.875, 8.6875 ], "texture": "#texture" },
				"north": { "uv": [ 8.4375, 12.5625, 8.3125, 12.8125 ], "texture": "#texture" },
				"south": { "uv": [ 8.4375, 12.8125, 8.5625, 13.0625 ], "texture": "#texture" },
				"west": { "uv": [ 9.3125, 9.625, 9.375, 9.875 ], "texture": "#texture" },
				"east": { "uv": [ 8, 9.25, 7.9375, 9.5 ], "texture": "#texture" }
			}
		},
		{
			"__comment": "Voxels",
			"from": [ 2, 0.25, 10 ],
			"to": [ 2.5, 1, 10.5 ],
			"faces": {
				"north": { "uv": [ 8.5625, 11.0625, 8.4375, 11.25 ], "texture": "#texture" },
				"south": { "uv": [ 8.5625, 11.0625, 8.6875, 11.25 ], "texture": "#texture" },
				"west": { "uv": [ 8.75, 11.1875, 8.875, 11.375 ], "texture": "#texture" },
				"east": { "uv": [ 8.875, 11, 8.75, 11.1875 ], "texture": "#texture" }
			}
		},
		{
			"__comment": "Voxels",
			"from": [ 2, 0.75, 3.25 ],
			"to": [ 14.25, 1.25, 3.75 ],
			"faces": {
				"down": { "uv": [ 4, 9, 7.0625, 9.125 ], "texture": "#texture" },
				"up": { "uv": [ 4, 9.25, 7.0625, 9.125 ], "texture": "#texture" },
				"north": { "uv": [ 7.0625, 9.25, 4, 9.375 ], "texture": "#texture" },
				"west": { "uv": [ 8.25, 9.375, 8.375, 9.5 ], "texture": "#texture" },
				"east": { "uv": [ 8.5, 9.375, 8.375, 9.5 ], "texture": "#texture" }
			}
		},
		{
			"__comment": "Voxels",
			"from": [ 2, 0.75, 8 ],
			"to": [ 15, 1, 8.25 ],
			"faces": {
				"down": { "uv": [ 7.9375, 14.8125, 11.1875, 14.875 ], "texture": "#texture" },
				"south": { "uv": [ 7.9375, 14.75, 11.1875, 14.8125 ], "texture": "#texture" },
				"east": { "uv": [ 7.9375, 10.8125, 7.875, 10.875 ], "texture": "#texture" }
			}
		},
		{
			"__comment": "Voxels",
			"from": [ 2, 0.75, 8.75 ],
			"to": [ 14.75, 1, 9 ],
			"faces": {
				"down": { "uv": [ 11.125, 14.625, 14.3125, 14.6875 ], "texture": "#texture" },
				"south": { "uv": [ 7.9375, 14.625, 11.125, 14.6875 ], "texture": "#texture" },
				"east": { "uv": [ 7.9375, 11.6875, 7.875, 11.75 ], "texture": "#texture" }
			}
		},
		{
			"__comment": "Voxels",
			"from": [ 2, 0.75, 9 ],
			"to": [ 14.5, 1, 9.5 ],
			"faces": {
				"down": { "uv": [ 4, 9.625, 7.125, 9.75 ], "texture": "#texture" },
				"south": { "uv": [ 7.9375, 14.5, 11.0625, 14.5625 ], "texture": "#texture" },
				"east": { "uv": [ 9.25, 8.6875, 9.125, 8.75 ], "texture": "#texture" }
			}
		},
		{
			"__comment": "Voxels",
			"from": [ 2, 1.5, 11.25 ],
			"to": [ 6, 1.75, 11.5 ],
			"faces": {
				"down": { "uv": [ 8.1875, 13.125, 9.1875, 13.1875 ], "texture": "#texture" },
				"up": { "uv": [ 8.1875, 13.125, 9.1875, 13.0625 ], "texture": "#texture" },
				"north": { "uv": [ 9.1875, 13.625, 8.1875, 13.6875 ], "texture": "#texture" },
				"south": { "uv": [ 8.1875, 13.5625, 9.1875, 13.625 ], "texture": "#texture" },
				"west": { "uv": [ 7.875, 11.75, 7.9375, 11.8125 ], "texture": "#texture" },
				"east": { "uv": [ 7.9375, 12.0625, 7.875, 12.125 ], "texture": "#texture" }
			}
		},
		{
			"__comment": "Voxels",
			"from": [ 2, 1.75, 11 ],
			"to": [ 3, 2, 11.25 ],
			"faces": {
				"up": { "uv": [ 8.5, 9.4375, 8.75, 9.375 ], "texture": "#texture" },
				"north": { "uv": [ 9, 9.4375, 8.75, 9.5 ], "texture": "#texture" },
				"south": { "uv": [ 8.25, 9.3125, 8.5, 9.375 ], "texture": "#texture" },
				"west": { "uv": [ 7.875, 12.125, 7.9375, 12.1875 ], "texture": "#texture" },
				"east": { "uv": [ 7.9375, 12.1875, 7.875, 12.25 ], "texture": "#texture" }
			}
		},
		{
			"__comment": "Voxels",
			"from": [ 2.25, 0, 2.5 ],
			"to": [ 13.75, 0.25, 2.75 ],
			"faces": {
				"down": { "uv": [ 10.8125, 14.125, 13.6875, 14.1875 ], "texture": "#texture", "cullface": "down" },
				"up": { "uv": [ 10.8125, 14.125, 13.6875, 14.0625 ], "texture": "#texture" },
				"north": { "uv": [ 10.8125, 14.0625, 7.9375, 14.125 ], "texture": "#texture" },
				"west": { "uv": [ 7.875, 12.25, 7.9375, 12.3125 ], "texture": "#texture" },
				"east": { "uv": [ 7.9375, 12.375, 7.875, 12.4375 ], "texture": "#texture" }
			}
		},
		{
			"__comment": "Voxels",
			"from": [ 2.25, 0.25, 2.5 ],
			"to": [ 2.75, 1.25, 2.75 ],
			"faces": {
				"up": { "uv": [ 8.9375, 8.625, 9.0625, 8.5625 ], "texture": "#texture" },
				"north": { "uv": [ 7.625, 8.125, 7.5, 8.375 ], "texture": "#texture" },
				"south": { "uv": [ 7.625, 8.125, 7.75, 8.375 ], "texture": "#texture" },
				"west": { "uv": [ 8.125, 8.9375, 8.1875, 9.1875 ], "texture": "#texture" },
				"east": { "uv": [ 8.1875, 8.6875, 8.125, 8.9375 ], "texture": "#texture" }
			}
		},
		{
			"__comment": "Voxels",
			"from": [ 2.25, 0.25, 10.5 ],
			"to": [ 2.75, 1, 11 ],
			"faces": {
				"north": { "uv": [ 8.4375, 11.0625, 8.3125, 11.25 ], "texture": "#texture" },
				"south": { "uv": [ 9.125, 11.0625, 9.25, 11.25 ], "texture": "#texture" },
				"west": { "uv": [ 7.9375, 10.625, 8.0625, 10.8125 ], "texture": "#texture" },
				"east": { "uv": [ 8.1875, 10.625, 8.0625, 10.8125 ], "texture": "#texture" }
			}
		},
		{
			"__comment": "Voxels",
			"from": [ 2.25, 0.25, 11.75 ],
			"to": [ 2.5, 0.5, 12.25 ],
			"faces": {
				"up": { "uv": [ 8.6875, 8.1875, 8.75, 8.0625 ], "texture": "#texture" },
				"north": { "uv": [ 7.9375, 13.6875, 7.875, 13.75 ], "texture": "#texture" },
				"west": { "uv": [ 9.0625, 8.5625, 9.1875, 8.625 ], "texture": "#texture" },
				"east": { "uv": [ 9.3125, 8.5625, 9.1875, 8.625 ], "texture": "#texture" }
			}
		},
		{
			"__comment": "Voxels",
			"from": [ 2.25, 0.75, 3 ],
			"to": [ 14.25, 1.25, 3.25 ],
			"faces": {
				"down": { "uv": [ 12.9375, 14.9375, 15.9375, 15 ], "texture": "#texture" },
				"up": { "uv": [ 7.9375, 14.5, 10.9375, 14.4375 ], "texture": "#texture" },
				"north": { "uv": [ 7, 8.875, 4, 9 ], "texture": "#texture" },
				"east": { "uv": [ 8.875, 8.3125, 8.8125, 8.4375 ], "texture": "#texture" }
			}
		},
		{
			"__comment": "Voxels",
			"from": [ 2.25, 0.75, 9.5 ],
			"to": [ 14.25, 1, 10 ],
			"faces": {
				"down": { "uv": [ 4, 8.625, 7, 8.75 ], "texture": "#texture" },
				"south": { "uv": [ 7.9375, 14.375, 10.9375, 14.4375 ], "texture": "#texture" },
				"east": { "uv": [ 9.125, 8.5, 9, 8.5625 ], "texture": "#texture" }
			}
		},
		{
			"__comment": "Voxels",
			"from": [ 2.5, 0, 2.25 ],
			"to": [ 13.5, 0.25, 2.5 ],
			"faces": {
				"down": { "uv": [ 9.375, 13.75, 12.125, 13.8125 ], "texture": "#texture", "cullface": "down" },
				"up": { "uv": [ 12.125, 13.8125, 14.875, 13.75 ], "texture": "#texture" },
				"north": { "uv": [ 14.875, 13.625, 12.125, 13.6875 ], "texture": "#texture" },
				"west": { "uv": [ 15.875, 13.4375, 15.9375, 13.5 ], "texture": "#texture" },
				"east": { "uv": [ 15.875, 13.4375, 15.8125, 13.5 ], "texture": "#texture" }
			}
		},
		{
			"__comment": "Voxels",
			"from": [ 2.5, 0.25, 2.25 ],
			"to": [ 2.75, 1.25, 2.5 ],
			"faces": {
				"up": { "uv": [ 15.6875, 13.5, 15.75, 13.4375 ], "texture": "#texture" },
				"north": { "uv": [ 8.1875, 8.4375, 8.125, 8.6875 ], "texture": "#texture" },
				"west": { "uv": [ 8.3125, 8.8125, 8.375, 9.0625 ], "texture": "#texture" },
				"east": { "uv": [ 8.4375, 8.4375, 8.375, 8.6875 ], "texture": "#texture" }
			}
		},
		{
			"__comment": "Voxels",
			"from": [ 2.5, 0.25, 10.25 ],
			"to": [ 2.75, 1, 10.5 ],
			"faces": {
				"north": { "uv": [ 4, 12.4375, 3.9375, 12.625 ], "texture": "#texture" },
				"east": { "uv": [ 8.625, 8.1875, 8.5625, 8.375 ], "texture": "#texture" }
			}
		},
		{
			"__comment": "Voxels",
			"from": [ 2.5, 0.25, 11 ],
			"to": [ 3.5, 1, 11.25 ],
			"faces": {
				"north": { "uv": [ 7.875, 14.9375, 7.625, 15.125 ], "texture": "#texture" },
				"south": { "uv": [ 3.75, 9.4375, 4, 9.625 ], "texture": "#texture" },
				"west": { "uv": [ 8.5625, 8.375, 8.625, 8.5625 ], "texture": "#texture" },
				"east": { "uv": [ 8.25, 8, 8.1875, 8.1875 ], "texture": "#texture" }
			}
		},
		{
			"__comment": "Voxels",
			"from": [ 2.5, 0.75, 2.75 ],
			"to": [ 14, 1.25, 3 ],
			"faces": {
				"down": { "uv": [ 7.9375, 14, 10.8125, 14.0625 ], "texture": "#texture" },
				"up": { "uv": [ 7.9375, 14.1875, 10.8125, 14.125 ], "texture": "#texture" },
				"north": { "uv": [ 6.875, 8.375, 4, 8.5 ], "texture": "#texture" },
				"east": { "uv": [ 9.0625, 8.375, 9, 8.5 ], "texture": "#texture" }
			}
		},
		{
			"__comment": "Voxels",
			"from": [ 2.5, 0.75, 10 ],
			"to": [ 14, 1, 10.25 ],
			"faces": {
				"down": { "uv": [ 10.8125, 14.1875, 13.6875, 14.25 ], "texture": "#texture" },
				"south": { "uv": [ 10.8125, 14, 13.6875, 14.0625 ], "texture": "#texture" },
				"east": { "uv": [ 15.25, 13.4375, 15.1875, 13.5 ], "texture": "#texture" }
			}
		},
		{
			"__comment": "Voxels",
			"from": [ 2.5, 1.5, 11.5 ],
			"to": [ 7.5, 1.75, 11.75 ],
			"faces": {
				"down": { "uv": [ 7.9375, 11.4375, 9.1875, 11.5 ], "texture": "#texture" },
				"up": { "uv": [ 7.9375, 11.625, 9.1875, 11.5625 ], "texture": "#texture" },
				"north": { "uv": [ 9.1875, 11.625, 7.9375, 11.6875 ], "texture": "#texture" },
				"south": { "uv": [ 7.9375, 11.5, 9.1875, 11.5625 ], "texture": "#texture" },
				"west": { "uv": [ 15, 13.4375, 15.0625, 13.5 ], "texture": "#texture" },
				"east": { "uv": [ 15, 13.4375, 14.9375, 13.5 ], "texture": "#texture" }
			}
		},
		{
			"__comment": "Voxels",
			"from": [ 2.75, 0, 2 ],
			"to": [ 13.25, 0.25, 2.25 ],
			"faces": {
				"down": { "uv": [ 9.375, 13.375, 12, 13.4375 ], "texture": "#texture", "cullface": "down" },
				"up": { "uv": [ 9.375, 13.375, 12, 13.3125 ], "texture": "#texture" },
				"north": { "uv": [ 12, 13.4375, 9.375, 13.5 ], "texture": "#texture" },
				"west": { "uv": [ 14.875, 13.4375, 14.9375, 13.5 ], "texture": "#texture" },
				"east": { "uv": [ 15.875, 13.5, 15.8125, 13.5625 ], "texture": "#texture" }
			}
		},
		{
			"__comment": "Voxels",
			"from": [ 2.75, 0.25, 2 ],
			"to": [ 3, 1.25, 2.25 ],
			"faces": {
				"up": { "uv": [ 15.5625, 13.5625, 15.625, 13.5 ], "texture": "#texture" },
				"north": { "uv": [ 8.5, 8.4375, 8.4375, 8.6875 ], "texture": "#texture" },
				"south": { "uv": [ 3.9375, 10.375, 4, 10.625 ], "texture": "#texture" },
				"west": { "uv": [ 3.9375, 10.125, 4, 10.375 ], "texture": "#texture" },
				"east": { "uv": [ 4, 9.1875, 3.9375, 9.4375 ], "texture": "#texture" }
			}
		},
		{
			"__comment": "Voxels",
			"from": [ 2.75, 0.25, 10.75 ],
			"to": [ 3, 1, 11 ],
			"faces": {
				"north": { "uv": [ 8.5, 8.0625, 8.4375, 8.25 ], "texture": "#texture" },
				"east": { "uv": [ 8.5625, 8, 8.5, 8.1875 ], "texture": "#texture" }
			}
		},
		{
			"__comment": "Voxels",
			"from": [ 2.75, 0.25, 11.25 ],
			"to": [ 3, 1, 11.75 ],
			"faces": {
				"south": { "uv": [ 8.75, 8.75, 8.8125, 8.9375 ], "texture": "#texture" },
				"west": { "uv": [ 3.875, 8.75, 4, 8.9375 ], "texture": "#texture" },
				"east": { "uv": [ 9.375, 11.0625, 9.25, 11.25 ], "texture": "#texture" }
			}
		},
		{
			"__comment": "Voxels",
			"from": [ 2.75, 0.75, 2.25 ],
			"to": [ 13.5, 1.25, 2.75 ],
			"faces": {
				"down": { "uv": [ 10.625, 15.875, 13.3125, 16 ], "texture": "#texture" },
				"up": { "uv": [ 4, 8.25, 6.6875, 8.125 ], "texture": "#texture" },
				"north": { "uv": [ 6.6875, 8, 4, 8.125 ], "texture": "#texture" },
				"west": { "uv": [ 3.875, 9.0625, 4, 9.1875 ], "texture": "#texture" },
				"east": { "uv": [ 4, 8.9375, 3.875, 9.0625 ], "texture": "#texture" }
			}
		},
		{
			"__comment": "Voxels",
			"from": [ 2.75, 0.75, 10.25 ],
			"to": [ 14, 1, 10.5 ],
			"faces": {
				"down": { "uv": [ 9.375, 13.875, 12.1875, 13.9375 ], "texture": "#texture" },
				"south": { "uv": [ 12.1875, 13.875, 15, 13.9375 ], "texture": "#texture" },
				"east": { "uv": [ 15.25, 13.5, 15.1875, 13.5625 ], "texture": "#texture" }
			}
		},
		{
			"__comment": "Voxels",
			"from": [ 2.75, 0.75, 10.5 ],
			"to": [ 13.75, 1, 10.75 ],
			"faces": {
				"down": { "uv": [ 9.375, 13.6875, 12.125, 13.75 ], "texture": "#texture" },
				"south": { "uv": [ 9.375, 13.8125, 12.125, 13.875 ], "texture": "#texture" },
				"east": { "uv": [ 15.125, 13.5, 15.0625, 13.5625 ], "texture": "#texture" }
			}
		},
		{
			"__comment": "Voxels",
			"from": [ 3, 0, 1.75 ],
			"to": [ 13, 0.25, 2 ],
			"faces": {
				"down": { "uv": [ 11.875, 12.875, 14.375, 12.9375 ], "texture": "#texture", "cullface": "down" },
				"up": { "uv": [ 9.375, 12.875, 11.875, 12.8125 ], "texture": "#texture" },
				"north": { "uv": [ 14.375, 12.8125, 11.875, 12.875 ], "texture": "#texture" },
				"west": { "uv": [ 14.875, 13.5, 14.9375, 13.5625 ], "texture": "#texture" },
				"east": { "uv": [ 14.875, 13.5, 14.8125, 13.5625 ], "texture": "#texture" }
			}
		},
		{
			"__comment": "Voxels",
			"from": [ 3, 0.25, 1.75 ],
			"to": [ 3.5, 1.25, 2 ],
			"faces": {
				"up": { "uv": [ 9.25, 8.5625, 9.375, 8.5 ], "texture": "#texture" },
				"north": { "uv": [ 8.3125, 12.8125, 8.1875, 13.0625 ], "texture": "#texture" },
				"south": { "uv": [ 7.75, 8.125, 7.875, 8.375 ], "texture": "#texture" },
				"west": { "uv": [ 8.5, 9.9375, 8.5625, 10.1875 ], "texture": "#texture" },
				"east": { "uv": [ 8.625, 9.9375, 8.5625, 10.1875 ], "texture": "#texture" }
			}
		},
		{
			"__comment": "Voxels",
			"from": [ 3, 0.25, 11.5 ],
			"to": [ 3.25, 1, 12 ],
			"faces": {
				"north": { "uv": [ 4, 11.625, 3.9375, 11.8125 ], "texture": "#texture" },
				"south": { "uv": [ 7.875, 14.9375, 7.9375, 15.125 ], "texture": "#texture" },
				"west": { "uv": [ 9, 11.0625, 9.125, 11.25 ], "texture": "#texture" },
				"east": { "uv": [ 8.3125, 11, 8.1875, 11.1875 ], "texture": "#texture" }
			}
		},
		{
			"__comment": "Voxels",
			"from": [ 3, 0.75, 2 ],
			"to": [ 13.25, 1.25, 2.25 ],
			"faces": {
				"down": { "uv": [ 11.9375, 13.1875, 14.5, 13.25 ], "texture": "#texture" },
				"up": { "uv": [ 11.9375, 13.1875, 14.5, 13.125 ], "texture": "#texture" },
				"north": { "uv": [ 10.5, 15.75, 7.9375, 15.875 ], "texture": "#texture" },
				"east": { "uv": [ 9.0625, 8.125, 9, 8.25 ], "texture": "#texture" }
			}
		},
		{
			"__comment": "Voxels",
			"from": [ 3, 0.75, 10.75 ],
			"to": [ 13.75, 1, 11 ],
			"faces": {
				"down": { "uv": [ 9.375, 13.5, 12.0625, 13.5625 ], "texture": "#texture" },
				"south": { "uv": [ 12.0625, 13.5, 14.75, 13.5625 ], "texture": "#texture" },
				"east": { "uv": [ 16, 13.5625, 15.9375, 13.625 ], "texture": "#texture" }
			}
		},
		{
			"__comment": "Voxels",
			"from": [ 3, 0.75, 11.25 ],
			"to": [ 13.25, 1, 11.5 ],
			"faces": {
				"down": { "uv": [ 9.375, 13.125, 11.9375, 13.1875 ], "texture": "#texture" },
				"north": { "uv": [ 14.5, 13.25, 11.9375, 13.3125 ], "texture": "#texture" },
				"south": { "uv": [ 9.375, 13.25, 11.9375, 13.3125 ], "texture": "#texture" },
				"east": { "uv": [ 15.5, 13.5625, 15.4375, 13.625 ], "texture": "#texture" }
			}
		},
		{
			"__comment": "Voxels",
			"from": [ 3, 1.5, 11.75 ],
			"to": [ 13, 1.75, 12 ],
			"faces": {
				"down": { "uv": [ 9.375, 12.625, 11.875, 12.6875 ], "texture": "#texture" },
				"up": { "uv": [ 11.875, 12.6875, 14.375, 12.625 ], "texture": "#texture" },
				"north": { "uv": [ 11.875, 13.0625, 9.375, 13.125 ], "texture": "#texture" },
				"south": { "uv": [ 11.875, 13.0625, 14.375, 13.125 ], "texture": "#texture" },
				"west": { "uv": [ 14.75, 13.5625, 14.8125, 13.625 ], "texture": "#texture" },
				"east": { "uv": [ 16, 13.625, 15.9375, 13.6875 ], "texture": "#texture" }
			}
		},
		{
			"__comment": "Voxels",
			"from": [ 3, 1.75, 11.25 ],
			"to": [ 3.75, 2, 11.5 ],
			"faces": {
				"up": { "uv": [ 9.1875, 13.625, 9.375, 13.5625 ], "texture": "#texture" },
				"north": { "uv": [ 9.375, 13.375, 9.1875, 13.4375 ], "texture": "#texture" },
				"south": { "uv": [ 9.1875, 13.3125, 9.375, 13.375 ], "texture": "#texture" },
				"west": { "uv": [ 15.875, 13.625, 15.9375, 13.6875 ], "texture": "#texture" },
				"east": { "uv": [ 15.875, 13.625, 15.8125, 13.6875 ], "texture": "#texture" }
			}
		},
		{
			"__comment": "Voxels",
			"from": [ 3.25, 0, 1.5 ],
			"to": [ 12.75, 0.25, 1.75 ],
			"faces": {
				"down": { "uv": [ 11.75, 12.3125, 14.125, 12.375 ], "texture": "#texture", "cullface": "down" },
				"up": { "uv": [ 9.375, 12.4375, 11.75, 12.375 ], "texture": "#texture" },
				"north": { "uv": [ 14.125, 12.375, 11.75, 12.4375 ], "texture": "#texture" },
				"west": { "uv": [ 15.625, 13.625, 15.6875, 13.6875 ], "texture": "#texture" },
				"east": { "uv": [ 15.625, 13.625, 15.5625, 13.6875 ], "texture": "#texture" }
			}
		},
		{
			"__comment": "Voxels",
			"from": [ 3.25, 0.25, 1.5 ],
			"to": [ 3.75, 1.25, 1.75 ],
			"faces": {
				"up": { "uv": [ 9.25, 8.3125, 9.375, 8.25 ], "texture": "#texture" },
				"north": { "uv": [ 7, 8, 6.875, 8.25 ], "texture": "#texture" },
				"south": { "uv": [ 7.8125, 13.1875, 7.9375, 13.4375 ], "texture": "#texture" },
				"west": { "uv": [ 9, 10, 9.0625, 10.25 ], "texture": "#texture" },
				"east": { "uv": [ 9.125, 10, 9.0625, 10.25 ], "texture": "#texture" }
			}
		},
		{
			"__comment": "Voxels",
			"from": [ 3.25, 0.25, 11.25 ],
			"to": [ 3.75, 0.75, 11.5 ],
			"faces": {
				"north": { "uv": [ 8.875, 8.9375, 8.75, 9.0625 ], "texture": "#texture" },
				"south": { "uv": [ 8.625, 8.9375, 8.75, 9.0625 ], "texture": "#texture" },
				"west": { "uv": [ 10.9375, 11.5, 11, 11.625 ], "texture": "#texture" },
				"east": { "uv": [ 10.9375, 11.5, 10.875, 11.625 ], "texture": "#texture" }
			}
		},
		{
			"__comment": "Voxels",
			"from": [ 3.25, 0.25, 11.75 ],
			"to": [ 3.5, 1, 12.25 ],
			"faces": {
				"north": { "uv": [ 9.1875, 8.75, 9.125, 8.9375 ], "texture": "#texture" },
				"west": { "uv": [ 7.8125, 14.5, 7.9375, 14.6875 ], "texture": "#texture" },
				"east": { "uv": [ 9, 11.1875, 8.875, 11.375 ], "texture": "#texture" }
			}
		},
		{
			"__comment": "Voxels",
			"from": [ 3.25, 0.75, 11.5 ],
			"to": [ 13.25, 1, 11.75 ],
			"faces": {
				"down": { "uv": [ 9.375, 13, 11.875, 13.0625 ], "texture": "#texture" },
				"south": { "uv": [ 11.875, 12.9375, 14.375, 13 ], "texture": "#texture" },
				"east": { "uv": [ 15.5625, 13.5625, 15.5, 13.625 ], "texture": "#texture" }
			}
		},
		{
			"__comment": "Voxels",
			"from": [ 3.25, 1.75, 11.5 ],
			"to": [ 4.75, 2, 11.75 ],
			"faces": {
				"up": { "uv": [ 7.5625, 8.75, 7.9375, 8.6875 ], "texture": "#texture" },
				"north": { "uv": [ 7.9375, 8.625, 7.5625, 8.6875 ], "texture": "#texture" },
				"south": { "uv": [ 8.3125, 11.25, 8.6875, 11.3125 ], "texture": "#texture" },
				"west": { "uv": [ 14.625, 13.375, 14.6875, 13.4375 ], "texture": "#texture" },
				"east": { "uv": [ 15.8125, 13.5, 15.75, 13.5625 ], "texture": "#texture" }
			}
		},
		{
			"__comment": "Voxels",
			"from": [ 3.5, 0, 1.25 ],
			"to": [ 12.5, 0.25, 1.5 ],
			"faces": {
				"down": { "uv": [ 13.6875, 14.1875, 15.9375, 14.25 ], "texture": "#texture", "cullface": "down" },
				"up": { "uv": [ 13.6875, 14.3125, 15.9375, 14.25 ], "texture": "#texture" },
				"north": { "uv": [ 11.625, 12.125, 9.375, 12.1875 ], "texture": "#texture" },
				"west": { "uv": [ 15.9375, 13.4375, 16, 13.5 ], "texture": "#texture" },
				"east": { "uv": [ 7.9375, 12.3125, 7.875, 12.375 ], "texture": "#texture" }
			}
		},
		{
			"__comment": "Voxels",
			"from": [ 3.5, 0.25, 1.25 ],
			"to": [ 4, 1.25, 1.5 ],
			"faces": {
				"up": { "uv": [ 15, 13.9375, 15.125, 13.875 ], "texture": "#texture" },
				"north": { "uv": [ 9.1875, 12.5, 9.0625, 12.75 ], "texture": "#texture" },
				"south": { "uv": [ 8.4375, 12.5625, 8.5625, 12.8125 ], "texture": "#texture" },
				"west": { "uv": [ 8.0625, 9.625, 8.125, 9.875 ], "texture": "#texture" },
				"east": { "uv": [ 9, 10, 8.9375, 10.25 ], "texture": "#texture" }
			}
		},
		{
			"__comment": "Voxels",
			"from": [ 3.5, 0.25, 11.5 ],
			"to": [ 4, 0.75, 11.75 ],
			"faces": {
				"north": { "uv": [ 7.625, 14.9375, 7.5, 15.0625 ], "texture": "#texture" },
				"south": { "uv": [ 9, 9.1875, 9.125, 9.3125 ], "texture": "#texture" },
				"west": { "uv": [ 10.3125, 11.5, 10.375, 11.625 ], "texture": "#texture" },
				"east": { "uv": [ 10.3125, 11.5, 10.25, 11.625 ], "texture": "#texture" }
			}
		},
		{
			"__comment": "Voxels",
			"from": [ 3.5, 0.25, 12 ],
			"to": [ 3.75, 1, 12.25 ],
			"faces": {
				"north": { "uv": [ 8.875, 8.75, 8.8125, 8.9375 ], "texture": "#texture" },
				"east": { "uv": [ 9.3125, 8.75, 9.25, 8.9375 ], "texture": "#texture" }
			}
		},
		{
			"__comment": "Voxels",
			"from": [ 3.5, 0.75, 1.75 ],
			"to": [ 13, 1.25, 2 ],
			"faces": {
				"down": { "uv": [ 11.75, 12.4375, 14.125, 12.5 ], "texture": "#texture" },
				"up": { "uv": [ 9.375, 12.5, 11.75, 12.4375 ], "texture": "#texture" },
				"north": { "uv": [ 12.875, 15.75, 10.5, 15.875 ], "texture": "#texture" },
				"east": { "uv": [ 9.6875, 11.5, 9.625, 11.625 ], "texture": "#texture" }
			}
		},
		{
			"__comment": "Voxels",
			"from": [ 3.5, 0.75, 11 ],
			"to": [ 13.5, 1, 11.25 ],
			"faces": {
				"down": { "uv": [ 11.875, 12.75, 14.375, 12.8125 ], "texture": "#texture" },
				"south": { "uv": [ 9.375, 12.875, 11.875, 12.9375 ], "texture": "#texture" },
				"east": { "uv": [ 9.375, 8.5625, 9.3125, 8.625 ], "texture": "#texture" }
			}
		},
		{
			"__comment": "Voxels",
			"from": [ 3.5, 0.75, 11.75 ],
			"to": [ 13, 1, 12 ],
			"faces": {
				"down": { "uv": [ 9.375, 12.5, 11.75, 12.5625 ], "texture": "#texture" },
				"south": { "uv": [ 9.375, 12.3125, 11.75, 12.375 ], "texture": "#texture" },
				"east": { "uv": [ 9.1875, 8, 9.125, 8.0625 ], "texture": "#texture" }
			}
		},
		{
			"__comment": "Voxels",
			"from": [ 3.5, 1.5, 12 ],
			"to": [ 5.5, 1.75, 12.25 ],
			"faces": {
				"up": { "uv": [ 7.25, 8.5, 7.75, 8.4375 ], "texture": "#texture" },
				"south": { "uv": [ 7.4375, 11.375, 7.9375, 11.4375 ], "texture": "#texture" },
				"west": { "uv": [ 9.1875, 8, 9.25, 8.0625 ], "texture": "#texture" },
				"east": { "uv": [ 15.6875, 13.6875, 15.625, 13.75 ], "texture": "#texture" }
			}
		},
		{
			"__comment": "Voxels",
			"from": [ 3.75, 0, 1 ],
			"to": [ 12.25, 0.25, 1.25 ],
			"faces": {
				"down": { "uv": [ 9.375, 11.875, 11.5, 11.9375 ], "texture": "#texture", "cullface": "down" },
				"up": { "uv": [ 9.375, 11.6875, 11.5, 11.625 ], "texture": "#texture" },
				"north": { "uv": [ 11.5, 11.6875, 9.375, 11.75 ], "texture": "#texture" },
				"west": { "uv": [ 15.9375, 13.6875, 16, 13.75 ], "texture": "#texture" },
				"east": { "uv": [ 14.9375, 13.625, 14.875, 13.6875 ], "texture": "#texture" }
			}
		},
		{
			"__comment": "Voxels",
			"from": [ 3.75, 0.25, 1 ],
			"to": [ 4.5, 1.25, 1.25 ],
			"faces": {
				"up": { "uv": [ 8.375, 10.6875, 8.5625, 10.625 ], "texture": "#texture" },
				"north": { "uv": [ 7.8125, 13.1875, 7.625, 13.4375 ], "texture": "#texture" },
				"south": { "uv": [ 3.75, 9.1875, 3.9375, 9.4375 ], "texture": "#texture" },
				"west": { "uv": [ 9.3125, 10, 9.375, 10.25 ], "texture": "#texture" },
				"east": { "uv": [ 8.9375, 9.625, 8.875, 9.875 ], "texture": "#texture" }
			}
		},
		{
			"__comment": "Voxels",
			"from": [ 3.75, 0.25, 11.75 ],
			"to": [ 4.5, 0.75, 12 ],
			"faces": {
				"north": { "uv": [ 7.9375, 13.875, 7.75, 14 ], "texture": "#texture" },
				"south": { "uv": [ 9.1875, 10.6875, 9.375, 10.8125 ], "texture": "#texture" },
				"west": { "uv": [ 11.0625, 11.5, 11.125, 11.625 ], "texture": "#texture" },
				"east": { "uv": [ 11.0625, 11.5, 11, 11.625 ], "texture": "#texture" }
			}
		},
		{
			"__comment": "Voxels",
			"from": [ 3.75, 0.75, 1.5 ],
			"to": [ 12.75, 1.25, 1.75 ],
			"faces": {
				"down": { "uv": [ 13.6875, 14, 15.9375, 14.0625 ], "texture": "#texture" },
				"up": { "uv": [ 9.375, 12.0625, 11.625, 12 ], "texture": "#texture" },
				"north": { "uv": [ 10.1875, 15.625, 7.9375, 15.75 ], "texture": "#texture" },
				"east": { "uv": [ 11.25, 11.5, 11.1875, 11.625 ], "texture": "#texture" }
			}
		},
		{
			"__comment": "Voxels",
			"from": [ 3.75, 0.75, 12 ],
			"to": [ 12.75, 1, 12.25 ],
			"faces": {
				"down": { "uv": [ 13.6875, 14.0625, 15.9375, 14.125 ], "texture": "#texture" },
				"east": { "uv": [ 15.0625, 13.5625, 15, 13.625 ], "texture": "#texture" }
			}
		},
		{
			"__comment": "Voxels",
			"from": [ 3.75, 1.75, 11.75 ],
			"to": [ 5.75, 2, 12 ],
			"faces": {
				"up": { "uv": [ 8.5625, 13.0625, 9.0625, 13 ], "texture": "#texture" },
				"north": { "uv": [ 7.9375, 13.4375, 7.4375, 13.5 ], "texture": "#texture" },
				"south": { "uv": [ 8.5625, 12.875, 9.0625, 12.9375 ], "texture": "#texture" },
				"west": { "uv": [ 15.5, 13.625, 15.5625, 13.6875 ], "texture": "#texture" },
				"east": { "uv": [ 15.5, 13.625, 15.4375, 13.6875 ], "texture": "#texture" }
			}
		},
		{
			"__comment": "Voxels",
			"from": [ 4, 0.75, 1.25 ],
			"to": [ 12.5, 1.25, 1.5 ],
			"faces": {
				"down": { "uv": [ 9.375, 11.75, 11.5, 11.8125 ], "texture": "#texture" },
				"up": { "uv": [ 9.375, 12, 11.5, 11.9375 ], "texture": "#texture" },
				"north": { "uv": [ 14.5625, 15.625, 12.4375, 15.75 ], "texture": "#texture" },
				"east": { "uv": [ 9.25, 8.0625, 9.1875, 8.1875 ], "texture": "#texture" }
			}
		},
		{
			"__comment": "Voxels",
			"from": [ 4, 1.5, 12.25 ],
			"to": [ 5.25, 1.75, 12.5 ],
			"faces": {
				"up": { "uv": [ 8.8125, 10.3125, 9.125, 10.25 ], "texture": "#texture" },
				"south": { "uv": [ 8.5, 10.25, 8.8125, 10.3125 ], "texture": "#texture" },
				"west": { "uv": [ 15.25, 13.625, 15.3125, 13.6875 ], "texture": "#texture" },
				"east": { "uv": [ 15, 13.625, 14.9375, 13.6875 ], "texture": "#texture" }
			}
		},
		{
			"__comment": "Voxels",
			"from": [ 4.25, 0, 0.75 ],
			"to": [ 11.75, 0.25, 1 ],
			"faces": {
				"down": { "uv": [ 14.125, 12.5625, 16, 12.625 ], "texture": "#texture", "cullface": "down" },
				"up": { "uv": [ 14.125, 12.5625, 16, 12.5 ], "texture": "#texture" },
				"north": { "uv": [ 16, 12.4375, 14.125, 12.5 ], "texture": "#texture" },
				"west": { "uv": [ 15.5625, 13.6875, 15.625, 13.75 ], "texture": "#texture" },
				"east": { "uv": [ 15.5625, 13.6875, 15.5, 13.75 ], "texture": "#texture" }
			}
		},
		{
			"__comment": "Voxels",
			"from": [ 4.25, 0.25, 0.75 ],
			"to": [ 5, 1.25, 1 ],
			"faces": {
				"up": { "uv": [ 7.75, 8.5625, 7.9375, 8.5 ], "texture": "#texture" },
				"north": { "uv": [ 7.625, 13.1875, 7.4375, 13.4375 ], "texture": "#texture" },
				"south": { "uv": [ 7.625, 15.125, 7.8125, 15.375 ], "texture": "#texture" },
				"west": { "uv": [ 8.75, 9.625, 8.8125, 9.875 ], "texture": "#texture" },
				"east": { "uv": [ 8.875, 9.625, 8.8125, 9.875 ], "texture": "#texture" }
			}
		},
		{
			"__comment": "Voxels",
			"from": [ 4.25, 0.25, 12 ],
			"to": [ 5, 0.75, 12.25 ],
			"faces": {
				"north": { "uv": [ 8.875, 10.6875, 8.6875, 10.8125 ], "texture": "#texture" },
				"west": { "uv": [ 9.25, 8.0625, 9.3125, 8.1875 ], "texture": "#texture" },
				"east": { "uv": [ 9.375, 8.0625, 9.3125, 8.1875 ], "texture": "#texture" }
			}
		},
		{
			"__comment": "Voxels",
			"from": [ 4.25, 1.75, 12 ],
			"to": [ 6.5, 2, 12.25 ],
			"faces": {
				"down": { "uv": [ 7.3125, 10.75, 7.875, 10.8125 ], "texture": "#texture" },
				"up": { "uv": [ 7.3125, 10.875, 7.875, 10.8125 ], "texture": "#texture" },
				"north": { "uv": [ 7.9375, 8.875, 7.375, 8.9375 ], "texture": "#texture" },
				"south": { "uv": [ 7, 8.625, 7.5625, 8.6875 ], "texture": "#texture" },
				"west": { "uv": [ 15.4375, 13.6875, 15.5, 13.75 ], "texture": "#texture" },
				"east": { "uv": [ 15.3125, 13.6875, 15.25, 13.75 ], "texture": "#texture" }
			}
		},
		{
			"__comment": "Voxels",
			"from": [ 4.5, 0.75, 1 ],
			"to": [ 12.25, 1.25, 1.25 ],
			"faces": {
				"down": { "uv": [ 13.9375, 14.4375, 15.875, 14.5 ], "texture": "#texture" },
				"up": { "uv": [ 13.9375, 14.4375, 15.875, 14.375 ], "texture": "#texture" },
				"north": { "uv": [ 9.875, 15.1875, 7.9375, 15.3125 ], "texture": "#texture" },
				"east": { "uv": [ 9.625, 11.5, 9.5625, 11.625 ], "texture": "#texture" }
			}
		},
		{
			"__comment": "Voxels",
			"from": [ 4.75, 0, 0.5 ],
			"to": [ 11.25, 0.25, 0.75 ],
			"faces": {
				"down": { "uv": [ 14.375, 12.9375, 16, 13 ], "texture": "#texture", "cullface": "down" },
				"up": { "uv": [ 14.375, 12.9375, 16, 12.875 ], "texture": "#texture" },
				"north": { "uv": [ 16, 12.8125, 14.375, 12.875 ], "texture": "#texture" },
				"west": { "uv": [ 8.625, 8, 8.6875, 8.0625 ], "texture": "#texture" },
				"east": { "uv": [ 8.5, 8, 8.4375, 8.0625 ], "texture": "#texture" }
			}
		},
		{
			"__comment": "Voxels",
			"from": [ 4.75, 0.25, 0.5 ],
			"to": [ 5.5, 1.25, 0.75 ],
			"faces": {
				"up": { "uv": [ 8.625, 10.4375, 8.8125, 10.375 ], "texture": "#texture" },
				"north": { "uv": [ 7.8125, 14.6875, 7.625, 14.9375 ], "texture": "#texture" },
				"south": { "uv": [ 6.6875, 8, 6.875, 8.25 ], "texture": "#texture" },
				"west": { "uv": [ 8.625, 9.625, 8.6875, 9.875 ], "texture": "#texture" },
				"east": { "uv": [ 8.75, 9.625, 8.6875, 9.875 ], "texture": "#texture" }
			}
		},
		{
			"__comment": "Voxels",
			"from": [ 4.75, 1.5, 12.5 ],
			"to": [ 11.25, 1.75, 12.75 ],
			"faces": {
				"down": { "uv": [ 14.375, 13, 16, 13.0625 ], "texture": "#texture" },
				"up": { "uv": [ 14.375, 12.8125, 16, 12.75 ], "texture": "#texture" },
				"north": { "uv": [ 15.8125, 14.5625, 14.1875, 14.625 ], "texture": "#texture" },
				"south": { "uv": [ 14.375, 13.0625, 16, 13.125 ], "texture": "#texture" },
				"west": { "uv": [ 8.1875, 9.875, 8.25, 9.9375 ], "texture": "#texture" },
				"east": { "uv": [ 8.1875, 9.875, 8.125, 9.9375 ], "texture": "#texture" }
			}
		},
		{
			"__comment": "Voxels",
			"from": [ 5, 0.75, 0.75 ],
			"to": [ 11.75, 1.25, 1 ],
			"faces": {
				"down": { "uv": [ 14.3125, 14.625, 16, 14.6875 ], "texture": "#texture" },
				"up": { "uv": [ 14.3125, 14.75, 16, 14.6875 ], "texture": "#texture" },
				"north": { "uv": [ 9.625, 14.9375, 7.9375, 15.0625 ], "texture": "#texture" },
				"east": { "uv": [ 10.25, 11.5, 10.1875, 11.625 ], "texture": "#texture" }
			}
		},
		{
			"__comment": "Voxels",
			"from": [ 5, 1.75, 12.25 ],
			"to": [ 7.5, 2, 12.5 ],
			"faces": {
				"down": { "uv": [ 7.3125, 12.75, 7.9375, 12.8125 ], "texture": "#texture" },
				"up": { "uv": [ 7.3125, 11, 7.9375, 10.9375 ], "texture": "#texture" },
				"north": { "uv": [ 7.9375, 10.875, 7.3125, 10.9375 ], "texture": "#texture" },
				"south": { "uv": [ 7.3125, 12.6875, 7.9375, 12.75 ], "texture": "#texture" },
				"west": { "uv": [ 8, 9.875, 8.0625, 9.9375 ], "texture": "#texture" },
				"east": { "uv": [ 9.375, 11.875, 9.3125, 11.9375 ], "texture": "#texture" }
			}
		},
		{
			"__comment": "Voxels",
			"from": [ 5.25, 0, 0.25 ],
			"to": [ 10.75, 0.25, 0.5 ],
			"faces": {
				"down": { "uv": [ 14.4375, 14.75, 15.8125, 14.8125 ], "texture": "#texture", "cullface": "down" },
				"up": { "uv": [ 7.9375, 12.3125, 9.3125, 12.25 ], "texture": "#texture" },
				"north": { "uv": [ 9.3125, 12.1875, 7.9375, 12.25 ], "texture": "#texture" },
				"west": { "uv": [ 8.125, 12.4375, 8.1875, 12.5 ], "texture": "#texture" },
				"east": { "uv": [ 8.125, 12.4375, 8.0625, 12.5 ], "texture": "#texture" }
			}
		},
		{
			"__comment": "Voxels",
			"from": [ 5.25, 0.25, 0.25 ],
			"to": [ 6.25, 1.25, 0.5 ],
			"faces": {
				"up": { "uv": [ 9.125, 10.375, 9.375, 10.3125 ], "texture": "#texture" },
				"north": { "uv": [ 4, 9.625, 3.75, 9.875 ], "texture": "#texture" },
				"south": { "uv": [ 3.5, 9.625, 3.75, 9.875 ], "texture": "#texture" },
				"west": { "uv": [ 7.875, 8.125, 7.9375, 8.375 ], "texture": "#texture" },
				"east": { "uv": [ 8.6875, 9.9375, 8.625, 10.1875 ], "texture": "#texture" }
			}
		},
		{
			"__comment": "Voxels",
			"from": [ 5.25, 1.5, 12.75 ],
			"to": [ 10.75, 1.75, 13 ],
			"faces": {
				"down": { "uv": [ 7.9375, 12.125, 9.3125, 12.1875 ], "texture": "#texture" },
				"up": { "uv": [ 7.9375, 12.0625, 9.3125, 12 ], "texture": "#texture" },
				"south": { "uv": [ 7.9375, 11.9375, 9.3125, 12 ], "texture": "#texture" },
				"west": { "uv": [ 15.9375, 14.1875, 16, 14.25 ], "texture": "#texture" },
				"east": { "uv": [ 16, 14.25, 15.9375, 14.3125 ], "texture": "#texture" }
			}
		},
		{
			"__comment": "Voxels",
			"from": [ 5.5, 0.75, 0.5 ],
			"to": [ 11.25, 1.25, 0.75 ],
			"faces": {
				"down": { "uv": [ 14.4375, 14.8125, 15.875, 14.875 ], "texture": "#texture" },
				"up": { "uv": [ 14.4375, 14.9375, 15.875, 14.875 ], "texture": "#texture" },
				"north": { "uv": [ 16, 15.625, 14.5625, 15.75 ], "texture": "#texture" },
				"east": { "uv": [ 10.75, 11.5, 10.6875, 11.625 ], "texture": "#texture" }
			}
		},
		{
			"__comment": "Voxels",
			"from": [ 5.5, 1.25, 10.5 ],
			"to": [ 16, 1.5, 12.25 ],
			"faces": {
				"up": { "uv": [ 4, 15.375, 6.625, 14.9375 ], "texture": "#texture" },
				"north": { "uv": [ 14.625, 13.3125, 12, 13.375 ], "texture": "#texture" },
				"east": { "uv": [ 3.875, 8.75, 3.4375, 8.8125 ], "texture": "#texture", "cullface": "east" }
			}
		},
		{
			"__comment": "Voxels",
			"from": [ 5.75, 1.5, 12 ],
			"to": [ 10.25, 1.75, 12.25 ],
			"faces": {
				"up": { "uv": [ 6.75, 12.3125, 7.875, 12.25 ], "texture": "#texture" },
				"south": { "uv": [ 6.75, 12.125, 7.875, 12.1875 ], "texture": "#texture" },
				"west": { "uv": [ 15.0625, 13.5625, 15.125, 13.625 ], "texture": "#texture" },
				"east": { "uv": [ 9.375, 10.375, 9.3125, 10.4375 ], "texture": "#texture" }
			}
		},
		{
			"__comment": "Voxels",
			"from": [ 5.75, 1.5, 13 ],
			"to": [ 10.25, 1.75, 13.25 ],
			"faces": {
				"down": { "uv": [ 6.75, 12.0625, 7.875, 12.125 ], "texture": "#texture" },
				"up": { "uv": [ 6.75, 11.8125, 7.875, 11.75 ], "texture": "#texture" },
				"south": { "uv": [ 6.75, 11.625, 7.875, 11.6875 ], "texture": "#texture" },
				"west": { "uv": [ 8.3125, 8, 8.375, 8.0625 ], "texture": "#texture" },
				"east": { "uv": [ 9.375, 11.8125, 9.3125, 11.875 ], "texture": "#texture" }
			}
		},
		{
			"__comment": "Voxels",
			"from": [ 5.75, 1.75, 12.5 ],
			"to": [ 10.25, 2, 12.75 ],
			"faces": {
				"up": { "uv": [ 6.75, 11.5625, 7.875, 11.5 ], "texture": "#texture" },
				"north": { "uv": [ 15.9375, 15.125, 14.8125, 15.1875 ], "texture": "#texture" },
				"south": { "uv": [ 6.75, 12.375, 7.875, 12.4375 ], "texture": "#texture" },
				"west": { "uv": [ 15.25, 13.5625, 15.3125, 13.625 ], "texture": "#texture" },
				"east": { "uv": [ 15.75, 13.5, 15.6875, 13.5625 ], "texture": "#texture" }
			}
		},
		{
			"__comment": "Voxels",
			"from": [ 6, 0, 0 ],
			"to": [ 10, 1.25, 0.25 ],
			"faces": {
				"down": { "uv": [ 8.1875, 13.1875, 9.1875, 13.25 ], "texture": "#texture", "cullface": "down" },
				"up": { "uv": [ 8.1875, 13.5625, 9.1875, 13.5 ], "texture": "#texture" },
				"north": { "uv": [ 7.625, 15.0625, 6.625, 15.375 ], "texture": "#texture", "cullface": "north" },
				"south": { "uv": [ 6.625, 14.625, 7.625, 14.9375 ], "texture": "#texture" },
				"west": { "uv": [ 8.0625, 9.9375, 8.125, 10.25 ], "texture": "#texture" },
				"east": { "uv": [ 8.0625, 9.9375, 8, 10.25 ], "texture": "#texture" }
			}
		},
		{
			"__comment": "Voxels",
			"from": [ 6.25, 0.75, 0.25 ],
			"to": [ 10.75, 1.25, 0.5 ],
			"faces": {
				"down": { "uv": [ 8.1875, 13.75, 9.3125, 13.8125 ], "texture": "#texture" },
				"up": { "uv": [ 8.1875, 13.75, 9.3125, 13.6875 ], "texture": "#texture" },
				"north": { "uv": [ 7.75, 14, 6.625, 14.125 ], "texture": "#texture" },
				"east": { "uv": [ 11.4375, 11.5, 11.375, 11.625 ], "texture": "#texture" }
			}
		},
		{
			"__comment": "Voxels",
			"from": [ 6.25, 1.5, 13.25 ],
			"to": [ 9.75, 1.75, 13.5 ],
			"faces": {
				"down": { "uv": [ 7.0625, 9.25, 7.9375, 9.3125 ], "texture": "#texture" },
				"up": { "uv": [ 7.0625, 9.5, 7.9375, 9.4375 ], "texture": "#texture" },
				"south": { "uv": [ 7.0625, 9.3125, 7.9375, 9.375 ], "texture": "#texture" },
				"west": { "uv": [ 8.25, 9.875, 8.3125, 9.9375 ], "texture": "#texture" },
				"east": { "uv": [ 8.6875, 9.875, 8.625, 9.9375 ], "texture": "#texture" }
			}
		},
		{
			"__comment": "Voxels",
			"from": [ 6.5, 1.5, 12.25 ],
			"to": [ 9.5, 1.75, 12.5 ],
			"faces": {
				"up": { "uv": [ 7.1875, 10.5, 7.9375, 10.4375 ], "texture": "#texture" },
				"west": { "uv": [ 8.6875, 8, 8.75, 8.0625 ], "texture": "#texture" },
				"east": { "uv": [ 8.8125, 8, 8.75, 8.0625 ], "texture": "#texture" }
			}
		},
		{
			"__comment": "Voxels",
			"from": [ 6.5, 1.75, 12.75 ],
			"to": [ 9.5, 2, 13 ],
			"faces": {
				"up": { "uv": [ 7.1875, 10.0625, 7.9375, 10 ], "texture": "#texture" },
				"south": { "uv": [ 7.1875, 10.3125, 7.9375, 10.375 ], "texture": "#texture" },
				"west": { "uv": [ 15.3125, 13.6875, 15.375, 13.75 ], "texture": "#texture" },
				"east": { "uv": [ 15.4375, 13.6875, 15.375, 13.75 ], "texture": "#texture" }
			}
		},
		{
			"__comment": "Voxels",
			"from": [ 6.75, 1.5, 13.5 ],
			"to": [ 9.25, 1.75, 13.75 ],
			"faces": {
				"down": { "uv": [ 7.3125, 11, 7.9375, 11.0625 ], "texture": "#texture" },
				"up": { "uv": [ 7.3125, 11.25, 7.9375, 11.1875 ], "texture": "#texture" },
				"south": { "uv": [ 7.3125, 12.4375, 7.9375, 12.5 ], "texture": "#texture" },
				"west": { "uv": [ 15.6875, 13.6875, 15.75, 13.75 ], "texture": "#texture" },
				"east": { "uv": [ 15.9375, 13.6875, 15.875, 13.75 ], "texture": "#texture" }
			}
		},
		{
			"__comment": "Voxels",
			"from": [ 7, 1.75, 13 ],
			"to": [ 9, 2, 13.25 ],
			"faces": {
				"up": { "uv": [ 8.5625, 12.75, 9.0625, 12.6875 ], "texture": "#texture" },
				"south": { "uv": [ 8.5625, 12.8125, 9.0625, 12.875 ], "texture": "#texture" },
				"west": { "uv": [ 15.3125, 13.625, 15.375, 13.6875 ], "texture": "#texture" },
				"east": { "uv": [ 15.4375, 13.625, 15.375, 13.6875 ], "texture": "#texture" }
			}
		},
		{
			"__comment": "Voxels",
			"from": [ 7.25, 1.5, 13.75 ],
			"to": [ 8.75, 1.75, 14 ],
			"faces": {
				"down": { "uv": [ 8.3125, 10.8125, 8.6875, 10.875 ], "texture": "#texture" },
				"up": { "uv": [ 7.9375, 10.875, 8.3125, 10.8125 ], "texture": "#texture" },
				"south": { "uv": [ 8.3125, 10.875, 8.6875, 10.9375 ], "texture": "#texture" },
				"west": { "uv": [ 15.6875, 13.625, 15.75, 13.6875 ], "texture": "#texture" },
				"east": { "uv": [ 15.8125, 13.625, 15.75, 13.6875 ], "texture": "#texture" }
			}
		},
		{
			"__comment": "Voxels",
			"from": [ 7.5, 1.75, 13.25 ],
			"to": [ 8.5, 2, 13.5 ],
			"faces": {
				"up": { "uv": [ 8.6875, 10.125, 8.9375, 10.0625 ], "texture": "#texture" },
				"south": { "uv": [ 9.125, 10.25, 9.375, 10.3125 ], "texture": "#texture" },
				"west": { "uv": [ 14.8125, 13.5625, 14.875, 13.625 ], "texture": "#texture" },
				"east": { "uv": [ 14.9375, 13.5625, 14.875, 13.625 ], "texture": "#texture" }
			}
		},
		{
			"__comment": "Voxels",
			"from": [ 7.75, 1.5, 14 ],
			"to": [ 8.25, 1.75, 14.25 ],
			"faces": {
				"down": { "uv": [ 15.75, 13.875, 15.875, 13.9375 ], "texture": "#texture" },
				"up": { "uv": [ 15.875, 13.9375, 16, 13.875 ], "texture": "#texture" },
				"south": { "uv": [ 15, 13.8125, 15.125, 13.875 ], "texture": "#texture" },
				"west": { "uv": [ 15.3125, 13.5625, 15.375, 13.625 ], "texture": "#texture" },
				"east": { "uv": [ 15.4375, 13.5625, 15.375, 13.625 ], "texture": "#texture" }
			}
		},
		{
			"__comment": "Voxels",
			"from": [ 8.5, 1.5, 11.5 ],
			"to": [ 13.5, 1.75, 11.75 ],
			"faces": {
				"up": { "uv": [ 7.9375, 11.8125, 9.1875, 11.75 ], "texture": "#texture" },
				"north": { "uv": [ 15.9375, 15.0625, 14.6875, 15.125 ], "texture": "#texture" },
				"south": { "uv": [ 6.625, 13.6875, 7.875, 13.75 ], "texture": "#texture" },
				"west": { "uv": [ 15.6875, 13.5625, 15.75, 13.625 ], "texture": "#texture" },
				"east": { "uv": [ 15.9375, 13.5625, 15.875, 13.625 ], "texture": "#texture" }
			}
		},
		{
			"__comment": "Voxels",
			"from": [ 8.5, 1.75, 12.25 ],
			"to": [ 11, 2, 12.5 ],
			"faces": {
				"down": { "uv": [ 7.3125, 12.5, 7.9375, 12.5625 ], "texture": "#texture" },
				"up": { "uv": [ 7.3125, 11.1875, 7.9375, 11.125 ], "texture": "#texture" },
				"north": { "uv": [ 7.9375, 11.0625, 7.3125, 11.125 ], "texture": "#texture" },
				"south": { "uv": [ 7.3125, 12.5625, 7.9375, 12.625 ], "texture": "#texture" },
				"west": { "uv": [ 14.9375, 13.5, 15, 13.5625 ], "texture": "#texture" },
				"east": { "uv": [ 15.0625, 13.5, 15, 13.5625 ], "texture": "#texture" }
			}
		},
		{
			"__comment": "Voxels",
			"from": [ 9.5, 1.75, 12 ],
			"to": [ 11.75, 2, 12.25 ],
			"faces": {
				"down": { "uv": [ 7.25, 10.625, 7.8125, 10.6875 ], "texture": "#texture" },
				"up": { "uv": [ 7.375, 9, 7.9375, 8.9375 ], "texture": "#texture" },
				"north": { "uv": [ 7.8125, 10.6875, 7.25, 10.75 ], "texture": "#texture" },
				"south": { "uv": [ 7, 8.5625, 7.5625, 8.625 ], "texture": "#texture" },
				"west": { "uv": [ 15.3125, 13.5, 15.375, 13.5625 ], "texture": "#texture" },
				"east": { "uv": [ 15.4375, 13.5, 15.375, 13.5625 ], "texture": "#texture" }
			}
		},
		{
			"__comment": "Voxels",
			"from": [ 9.75, 0.25, 0.25 ],
			"to": [ 10.75, 0.75, 0.5 ],
			"faces": {
				"north": { "uv": [ 7.5, 14.9375, 7.25, 15.0625 ], "texture": "#texture" },
				"south": { "uv": [ 7.25, 14.5, 7.5, 14.625 ], "texture": "#texture" },
				"west": { "uv": [ 9.6875, 11.375, 9.75, 11.5 ], "texture": "#texture" },
				"east": { "uv": [ 9.8125, 11.375, 9.75, 11.5 ], "texture": "#texture" }
			}
		},
		{
			"__comment": "Voxels",
			"from": [ 10, 1.5, 11.25 ],
			"to": [ 14, 1.75, 11.5 ],
			"faces": {
				"up": { "uv": [ 8.1875, 13.375, 9.1875, 13.3125 ], "texture": "#texture" },
				"north": { "uv": [ 9.1875, 13.375, 8.1875, 13.4375 ], "texture": "#texture" },
				"south": { "uv": [ 8.1875, 13.4375, 9.1875, 13.5 ], "texture": "#texture" },
				"west": { "uv": [ 15.0625, 13.4375, 15.125, 13.5 ], "texture": "#texture" },
				"east": { "uv": [ 15.1875, 13.4375, 15.125, 13.5 ], "texture": "#texture" }
			}
		},
		{
			"__comment": "Voxels",
			"from": [ 10.25, 1.75, 11.75 ],
			"to": [ 12.25, 2, 12 ],
			"faces": {
				"up": { "uv": [ 7.4375, 11.5, 7.9375, 11.4375 ], "texture": "#texture" },
				"north": { "uv": [ 15.75, 15.75, 15.25, 15.8125 ], "texture": "#texture" },
				"south": { "uv": [ 15.25, 15.8125, 15.75, 15.875 ], "texture": "#texture" },
				"west": { "uv": [ 15.4375, 13.4375, 15.5, 13.5 ], "texture": "#texture" },
				"east": { "uv": [ 15.6875, 13.4375, 15.625, 13.5 ], "texture": "#texture" }
			}
		},
		{
			"__comment": "Voxels",
			"from": [ 10.5, 0.25, 0.5 ],
			"to": [ 11.25, 0.75, 0.75 ],
			"faces": {
				"north": { "uv": [ 9.375, 12.4375, 9.1875, 12.5625 ], "texture": "#texture" },
				"south": { "uv": [ 15.8125, 15.1875, 16, 15.3125 ], "texture": "#texture" },
				"west": { "uv": [ 9.8125, 11.375, 9.875, 11.5 ], "texture": "#texture" },
				"east": { "uv": [ 10.3125, 11.375, 10.25, 11.5 ], "texture": "#texture" }
			}
		},
		{
			"__comment": "Voxels",
			"from": [ 10.5, 1.25, 9 ],
			"to": [ 16, 1.5, 10.5 ],
			"faces": {
				"up": { "uv": [ 4, 12.4375, 5.375, 12.0625 ], "texture": "#texture" },
				"west": { "uv": [ 7.5625, 8.75, 7.9375, 8.8125 ], "texture": "#texture" },
				"east": { "uv": [ 8.6875, 11.3125, 8.3125, 11.375 ], "texture": "#texture", "cullface": "east" }
			}
		},
		{
			"__comment": "Voxels",
			"from": [ 10.5, 1.5, 12 ],
			"to": [ 12.5, 1.75, 12.25 ],
			"faces": {
				"up": { "uv": [ 7.4375, 13.5625, 7.9375, 13.5 ], "texture": "#texture" },
				"south": { "uv": [ 8.5625, 12.9375, 9.0625, 13 ], "texture": "#texture" },
				"west": { "uv": [ 7.875, 11.625, 7.9375, 11.6875 ], "texture": "#texture" },
				"east": { "uv": [ 7.9375, 11.5625, 7.875, 11.625 ], "texture": "#texture" }
			}
		},
		{
			"__comment": "Voxels",
			"from": [ 10.75, 1.5, 12.25 ],
			"to": [ 12, 1.75, 12.5 ],
			"faces": {
				"up": { "uv": [ 9.0625, 13, 9.375, 12.9375 ], "texture": "#texture" },
				"south": { "uv": [ 3.4375, 9.1875, 3.75, 9.25 ], "texture": "#texture" },
				"west": { "uv": [ 7.875, 9.125, 7.9375, 9.1875 ], "texture": "#texture" },
				"east": { "uv": [ 7.9375, 9.0625, 7.875, 9.125 ], "texture": "#texture" }
			}
		},
		{
			"__comment": "Voxels",
			"from": [ 11, 0.25, 0.75 ],
			"to": [ 11.75, 0.75, 1 ],
			"faces": {
				"north": { "uv": [ 7.9375, 8, 7.75, 8.125 ], "texture": "#texture" },
				"south": { "uv": [ 9.125, 10.9375, 9.3125, 11.0625 ], "texture": "#texture" },
				"west": { "uv": [ 10.375, 11.375, 10.4375, 11.5 ], "texture": "#texture" },
				"east": { "uv": [ 10.5, 11.375, 10.4375, 11.5 ], "texture": "#texture" }
			}
		},
		{
			"__comment": "Voxels",
			"from": [ 11, 0.25, 12 ],
			"to": [ 11.75, 0.75, 12.25 ],
			"faces": {
				"north": { "uv": [ 7.9375, 14, 7.75, 14.125 ], "texture": "#texture" },
				"west": { "uv": [ 10.5, 11.375, 10.5625, 11.5 ], "texture": "#texture" },
				"east": { "uv": [ 9.8125, 11.25, 9.75, 11.375 ], "texture": "#texture" }
			}
		},
		{
			"__comment": "Voxels",
			"from": [ 11.25, 1.5, 11 ],
			"to": [ 14.5, 1.75, 11.25 ],
			"faces": {
				"up": { "uv": [ 7.0625, 9.0625, 7.875, 9 ], "texture": "#texture" },
				"north": { "uv": [ 7.875, 9.0625, 7.0625, 9.125 ], "texture": "#texture" },
				"south": { "uv": [ 7.125, 9.75, 7.9375, 9.8125 ], "texture": "#texture" },
				"west": { "uv": [ 9.3125, 12.25, 9.375, 12.3125 ], "texture": "#texture" },
				"east": { "uv": [ 9.375, 12.1875, 9.3125, 12.25 ], "texture": "#texture" }
			}
		},
		{
			"__comment": "Voxels",
			"from": [ 11.25, 1.75, 11.5 ],
			"to": [ 12.75, 2, 11.75 ],
			"faces": {
				"up": { "uv": [ 7.9375, 10.625, 8.3125, 10.5625 ], "texture": "#texture" },
				"north": { "uv": [ 8.6875, 10.5625, 8.3125, 10.625 ], "texture": "#texture" },
				"south": { "uv": [ 7.5625, 8.5625, 7.9375, 8.625 ], "texture": "#texture" },
				"west": { "uv": [ 8.6875, 10.9375, 8.75, 11 ], "texture": "#texture" },
				"east": { "uv": [ 9.375, 10.5625, 9.3125, 10.625 ], "texture": "#texture" }
			}
		},
		{
			"__comment": "Voxels",
			"from": [ 11.5, 0.25, 1 ],
			"to": [ 12.25, 0.75, 1.25 ],
			"faces": {
				"north": { "uv": [ 8.25, 10.4375, 8.0625, 10.5625 ], "texture": "#texture" },
				"south": { "uv": [ 8.25, 10.4375, 8.4375, 10.5625 ], "texture": "#texture" },
				"west": { "uv": [ 11.25, 11.375, 11.3125, 11.5 ], "texture": "#texture" },
				"east": { "uv": [ 11.375, 11.375, 11.3125, 11.5 ], "texture": "#texture" }
			}
		},
		{
			"__comment": "Voxels",
			"from": [ 11.5, 0.25, 11.75 ],
			"to": [ 12.25, 0.75, 12 ],
			"faces": {
				"north": { "uv": [ 8.625, 10.4375, 8.4375, 10.5625 ], "texture": "#texture" },
				"south": { "uv": [ 8.625, 10.4375, 8.8125, 10.5625 ], "texture": "#texture" },
				"west": { "uv": [ 11.375, 11.375, 11.4375, 11.5 ], "texture": "#texture" },
				"east": { "uv": [ 11.625, 11.375, 11.5625, 11.5 ], "texture": "#texture" }
			}
		},
		{
			"__comment": "Voxels",
			"from": [ 12, 0.25, 1.25 ],
			"to": [ 12.5, 0.75, 1.5 ],
			"faces": {
				"north": { "uv": [ 7.75, 8, 7.625, 8.125 ], "texture": "#texture" },
				"south": { "uv": [ 15.875, 15.875, 16, 16 ], "texture": "#texture" },
				"west": { "uv": [ 9.5625, 11.25, 9.625, 11.375 ], "texture": "#texture" },
				"east": { "uv": [ 9.6875, 11.25, 9.625, 11.375 ], "texture": "#texture" }
			}
		},
		{
			"__comment": "Voxels",
			"from": [ 12, 0.25, 11.5 ],
			"to": [ 12.5, 0.75, 11.75 ],
			"faces": {
				"north": { "uv": [ 8.3125, 12.4375, 8.1875, 12.5625 ], "texture": "#texture" },
				"south": { "uv": [ 8.3125, 12.4375, 8.4375, 12.5625 ], "texture": "#texture" },
				"west": { "uv": [ 7.875, 13.5625, 7.9375, 13.6875 ], "texture": "#texture" },
				"east": { "uv": [ 8.6875, 10.9375, 8.625, 11.0625 ], "texture": "#texture" }
			}
		},
		{
			"__comment": "Voxels",
			"from": [ 12.25, 0.25, 1.5 ],
			"to": [ 12.75, 0.75, 1.75 ],
			"faces": {
				"north": { "uv": [ 8.5625, 12.4375, 8.4375, 12.5625 ], "texture": "#texture" },
				"south": { "uv": [ 8.3125, 10.9375, 8.4375, 11.0625 ], "texture": "#texture" },
				"west": { "uv": [ 9.3125, 10.9375, 9.375, 11.0625 ], "texture": "#texture" },
				"east": { "uv": [ 9, 9.875, 8.9375, 10 ], "texture": "#texture" }
			}
		},
		{
			"__comment": "Voxels",
			"from": [ 12.25, 0.25, 11.25 ],
			"to": [ 12.75, 0.75, 11.5 ],
			"faces": {
				"north": { "uv": [ 9.125, 10.9375, 9, 11.0625 ], "texture": "#texture" },
				"south": { "uv": [ 9.1875, 9.875, 9.3125, 10 ], "texture": "#texture" },
				"west": { "uv": [ 9, 9.875, 9.0625, 10 ], "texture": "#texture" },
				"east": { "uv": [ 9.125, 9.875, 9.0625, 10 ], "texture": "#texture" }
			}
		},
		{
			"__comment": "Voxels",
			"from": [ 12.25, 0.25, 12 ],
			"to": [ 12.75, 0.75, 12.25 ],
			"faces": {
				"north": { "uv": [ 8.0625, 9.5, 7.9375, 9.625 ], "texture": "#texture" },
				"west": { "uv": [ 9.125, 9.875, 9.1875, 10 ], "texture": "#texture" },
				"east": { "uv": [ 9.375, 9.875, 9.3125, 10 ], "texture": "#texture" }
			}
		},
		{
			"__comment": "Voxels",
			"from": [ 12.25, 1.75, 11.25 ],
			"to": [ 13, 2, 11.5 ],
			"faces": {
				"up": { "uv": [ 9.1875, 11.5625, 9.375, 11.5 ], "texture": "#texture" },
				"north": { "uv": [ 9.375, 11.4375, 9.1875, 11.5 ], "texture": "#texture" },
				"south": { "uv": [ 8.1875, 10.625, 8.375, 10.6875 ], "texture": "#texture" },
				"west": { "uv": [ 15.125, 13.5625, 15.1875, 13.625 ], "texture": "#texture" },
				"east": { "uv": [ 15.25, 13.5625, 15.1875, 13.625 ], "texture": "#texture" }
			}
		},
		{
			"__comment": "Voxels",
			"from": [ 12.5, 0.25, 1.75 ],
			"to": [ 13, 0.75, 2 ],
			"faces": {
				"north": { "uv": [ 8.3125, 9.5, 8.1875, 9.625 ], "texture": "#texture" },
				"south": { "uv": [ 8.3125, 9.5, 8.4375, 9.625 ], "texture": "#texture" },
				"west": { "uv": [ 9.25, 8.9375, 9.3125, 9.0625 ], "texture": "#texture" },
				"east": { "uv": [ 11.3125, 11.5, 11.25, 11.625 ], "texture": "#texture" }
			}
		},
		{
			"__comment": "Voxels",
			"from": [ 12.5, 0.25, 11 ],
			"to": [ 13.5, 0.75, 11.25 ],
			"faces": {
				"north": { "uv": [ 15.8125, 15.1875, 15.5625, 15.3125 ], "texture": "#texture" },
				"south": { "uv": [ 8.5625, 12.5, 8.8125, 12.625 ], "texture": "#texture" },
				"west": { "uv": [ 8.875, 8.625, 8.9375, 8.75 ], "texture": "#texture" },
				"east": { "uv": [ 9, 8.625, 8.9375, 8.75 ], "texture": "#texture" }
			}
		},
		{
			"__comment": "Voxels",
			"from": [ 12.5, 0.25, 11.75 ],
			"to": [ 13, 0.75, 12 ],
			"faces": {
				"north": { "uv": [ 9.0625, 9.5, 8.9375, 9.625 ], "texture": "#texture" },
				"south": { "uv": [ 9.0625, 9.5, 9.1875, 9.625 ], "texture": "#texture" },
				"west": { "uv": [ 9.25, 8.625, 9.3125, 8.75 ], "texture": "#texture" },
				"east": { "uv": [ 9.375, 8.625, 9.3125, 8.75 ], "texture": "#texture" }
			}
		},
		{
			"__comment": "Voxels",
			"from": [ 12.75, 0.25, 11.5 ],
			"to": [ 13.25, 0.75, 11.75 ],
			"faces": {
				"north": { "uv": [ 9.3125, 9.5, 9.1875, 9.625 ], "texture": "#texture" },
				"south": { "uv": [ 8, 9.375, 8.125, 9.5 ], "texture": "#texture" },
				"west": { "uv": [ 8.6875, 8.4375, 8.75, 8.5625 ], "texture": "#texture" },
				"east": { "uv": [ 8.75, 8.3125, 8.6875, 8.4375 ], "texture": "#texture" }
			}
		},
		{
			"__comment": "Voxels",
			"from": [ 12.75, 1.5, 10.75 ],
			"to": [ 15, 1.75, 11 ],
			"faces": {
				"up": { "uv": [ 7.375, 12.9375, 7.9375, 12.875 ], "texture": "#texture" },
				"north": { "uv": [ 7.5625, 8.6875, 7, 8.75 ], "texture": "#texture" },
				"south": { "uv": [ 7, 8.75, 7.5625, 8.8125 ], "texture": "#texture" },
				"west": { "uv": [ 15.875, 13.5, 15.9375, 13.5625 ], "texture": "#texture" },
				"east": { "uv": [ 16, 13.5, 15.9375, 13.5625 ], "texture": "#texture" }
			}
		},
		{
			"__comment": "Voxels",
			"from": [ 13, 0.25, 2 ],
			"to": [ 13.25, 0.75, 2.25 ],
			"faces": {
				"north": { "uv": [ 8.8125, 8.4375, 8.75, 8.5625 ], "texture": "#texture" },
				"south": { "uv": [ 8.75, 8.3125, 8.8125, 8.4375 ], "texture": "#texture" },
				"west": { "uv": [ 8.75, 8.1875, 8.8125, 8.3125 ], "texture": "#texture" },
				"east": { "uv": [ 8.8125, 8.0625, 8.75, 8.1875 ], "texture": "#texture" }
			}
		},
		{
			"__comment": "Voxels",
			"from": [ 13, 0.25, 10.75 ],
			"to": [ 13.75, 0.75, 11 ],
			"faces": {
				"north": { "uv": [ 9.375, 10.4375, 9.1875, 10.5625 ], "texture": "#texture" },
				"south": { "uv": [ 7.9375, 10.25, 8.125, 10.375 ], "texture": "#texture" },
				"west": { "uv": [ 8.8125, 8.1875, 8.875, 8.3125 ], "texture": "#texture" },
				"east": { "uv": [ 8.875, 8.0625, 8.8125, 8.1875 ], "texture": "#texture" }
			}
		},
		{
			"__comment": "Voxels",
			"from": [ 13, 0.25, 11.25 ],
			"to": [ 13.25, 0.75, 11.5 ],
			"faces": {
				"west": { "uv": [ 8.875, 8.125, 8.9375, 8.25 ], "texture": "#texture" },
				"east": { "uv": [ 8.9375, 8, 8.875, 8.125 ], "texture": "#texture" }
			}
		},
		{
			"__comment": "Voxels",
			"from": [ 13, 1.75, 11 ],
			"to": [ 14, 2, 11.25 ],
			"faces": {
				"up": { "uv": [ 9, 9.5, 9.25, 9.4375 ], "texture": "#texture" },
				"north": { "uv": [ 9.25, 9.375, 9, 9.4375 ], "texture": "#texture" },
				"south": { "uv": [ 8, 9.3125, 8.25, 9.375 ], "texture": "#texture" },
				"west": { "uv": [ 3.9375, 11.125, 4, 11.1875 ], "texture": "#texture" },
				"east": { "uv": [ 4, 10.625, 3.9375, 10.6875 ], "texture": "#texture" }
			}
		},
		{
			"__comment": "Voxels",
			"from": [ 13.25, 0.25, 2.25 ],
			"to": [ 13.5, 0.75, 2.75 ],
			"faces": {
				"down": { "uv": [ 9.1875, 8.375, 9.25, 8.5 ], "texture": "#texture" },
				"north": { "uv": [ 9.375, 8.375, 9.3125, 8.5 ], "texture": "#texture" },
				"south": { "uv": [ 8.9375, 8.25, 9, 8.375 ], "texture": "#texture" },
				"west": { "uv": [ 9.25, 9.375, 9.375, 9.5 ], "texture": "#texture" },
				"east": { "uv": [ 8.125, 9.1875, 8, 9.3125 ], "texture": "#texture" }
			}
		},
		{
			"__comment": "Voxels",
			"from": [ 13.25, 0.25, 10.25 ],
			"to": [ 14, 0.75, 10.5 ],
			"faces": {
				"north": { "uv": [ 8.3125, 10.25, 8.125, 10.375 ], "texture": "#texture" },
				"south": { "uv": [ 8.3125, 10.25, 8.5, 10.375 ], "texture": "#texture" },
				"west": { "uv": [ 9, 8, 9.0625, 8.125 ], "texture": "#texture" },
				"east": { "uv": [ 9.125, 8.25, 9.0625, 8.375 ], "texture": "#texture" }
			}
		},
		{
			"__comment": "Voxels",
			"from": [ 13.25, 0.25, 10.5 ],
			"to": [ 13.75, 0.75, 10.75 ],
			"faces": {
				"west": { "uv": [ 9.0625, 8.125, 9.125, 8.25 ], "texture": "#texture" },
				"east": { "uv": [ 9.125, 8, 9.0625, 8.125 ], "texture": "#texture" }
			}
		},
		{
			"__comment": "Voxels",
			"from": [ 13.5, 0.25, 2.5 ],
			"to": [ 13.75, 1.25, 2.75 ],
			"faces": {
				"up": { "uv": [ 15.9375, 15.1875, 16, 15.125 ], "texture": "#texture" },
				"north": { "uv": [ 8, 8.75, 7.9375, 9 ], "texture": "#texture" },
				"south": { "uv": [ 7.9375, 8.5, 8, 8.75 ], "texture": "#texture" },
				"west": { "uv": [ 7.9375, 8.25, 8, 8.5 ], "texture": "#texture" },
				"east": { "uv": [ 8, 8, 7.9375, 8.25 ], "texture": "#texture" }
			}
		},
		{
			"__comment": "Voxels",
			"from": [ 13.5, 0.25, 2.75 ],
			"to": [ 14, 0.75, 3 ],
			"faces": {
				"north": { "uv": [ 8.125, 8.8125, 8, 8.9375 ], "texture": "#texture" },
				"south": { "uv": [ 8, 8.6875, 8.125, 8.8125 ], "texture": "#texture" },
				"west": { "uv": [ 9.4375, 11.5, 9.5, 11.625 ], "texture": "#texture" },
				"east": { "uv": [ 9.5625, 11.5, 9.5, 11.625 ], "texture": "#texture" }
			}
		},
		{
			"__comment": "Voxels",
			"from": [ 13.5, 0.25, 10 ],
			"to": [ 14, 0.75, 10.25 ],
			"faces": {
				"north": { "uv": [ 8.625, 8.9375, 8.5, 9.0625 ], "texture": "#texture" },
				"west": { "uv": [ 9.6875, 11.5, 9.75, 11.625 ], "texture": "#texture" },
				"east": { "uv": [ 9.8125, 11.5, 9.75, 11.625 ], "texture": "#texture" }
			}
		},
		{
			"__comment": "Voxels",
			"from": [ 13.5, 0.25, 11.75 ],
			"to": [ 13.75, 0.5, 12.25 ],
			"faces": {
				"up": { "uv": [ 9.875, 11.625, 9.9375, 11.5 ], "texture": "#texture" },
				"north": { "uv": [ 9.375, 12.0625, 9.3125, 12.125 ], "texture": "#texture" },
				"west": { "uv": [ 15.25, 13.9375, 15.375, 14 ], "texture": "#texture" },
				"east": { "uv": [ 15.5, 13.9375, 15.375, 14 ], "texture": "#texture" }
			}
		},
		{
			"__comment": "Voxels",
			"from": [ 13.75, 0.25, 3 ],
			"to": [ 14.25, 0.75, 3.25 ],
			"faces": {
				"north": { "uv": [ 8.125, 8.4375, 8, 8.5625 ], "texture": "#texture" },
				"south": { "uv": [ 8, 8.3125, 8.125, 8.4375 ], "texture": "#texture" },
				"west": { "uv": [ 10.0625, 11.5, 10.125, 11.625 ], "texture": "#texture" },
				"east": { "uv": [ 10.1875, 11.5, 10.125, 11.625 ], "texture": "#texture" }
			}
		},
		{
			"__comment": "Voxels",
			"from": [ 13.75, 0.25, 9.5 ],
			"to": [ 14.25, 0.75, 10 ],
			"faces": {
				"north": { "uv": [ 8.25, 9.1875, 8.125, 9.3125 ], "texture": "#texture" },
				"south": { "uv": [ 8.25, 9.1875, 8.375, 9.3125 ], "texture": "#texture" },
				"west": { "uv": [ 8.375, 9.1875, 8.5, 9.3125 ], "texture": "#texture" },
				"east": { "uv": [ 8.5625, 9.5, 8.4375, 9.625 ], "texture": "#texture" }
			}
		},
		{
			"__comment": "Voxels",
			"from": [ 14, 0.25, 3.25 ],
			"to": [ 14.25, 0.75, 3.75 ],
			"faces": {
				"down": { "uv": [ 10.375, 11.5, 10.4375, 11.625 ], "texture": "#texture" },
				"south": { "uv": [ 10.5625, 11.5, 10.625, 11.625 ], "texture": "#texture" },
				"west": { "uv": [ 8.5, 9.1875, 8.625, 9.3125 ], "texture": "#texture" },
				"east": { "uv": [ 8.75, 9.1875, 8.625, 9.3125 ], "texture": "#texture" }
			}
		},
		{
			"__comment": "Voxels",
			"from": [ 14, 0.25, 7 ],
			"to": [ 14.25, 0.75, 9.5 ],
			"faces": {
				"up": { "uv": [ 3.9375, 13.25, 4, 12.625 ], "texture": "#texture" },
				"west": { "uv": [ 6.625, 14.5, 7.25, 14.625 ], "texture": "#texture" },
				"east": { "uv": [ 7.25, 14.9375, 6.625, 15.0625 ], "texture": "#texture" }
			}
		},
		{
			"__comment": "Voxels",
			"from": [ 14, 1.5, 10.5 ],
			"to": [ 15.25, 1.75, 10.75 ],
			"faces": {
				"up": { "uv": [ 8.6875, 10.625, 9, 10.5625 ], "texture": "#texture" },
				"north": { "uv": [ 9.3125, 10.5625, 9, 10.625 ], "texture": "#texture" },
				"south": { "uv": [ 8.5, 10.3125, 8.8125, 10.375 ], "texture": "#texture" },
				"west": { "uv": [ 15.75, 13.6875, 15.8125, 13.75 ], "texture": "#texture" },
				"east": { "uv": [ 15.875, 13.6875, 15.8125, 13.75 ], "texture": "#texture" }
			}
		},
		{
			"__comment": "Voxels",
			"from": [ 14, 1.75, 10.75 ],
			"to": [ 14.5, 2, 11 ],
			"faces": {
				"up": { "uv": [ 15.375, 13.9375, 15.5, 13.875 ], "texture": "#texture" },
				"north": { "uv": [ 15.625, 13.875, 15.5, 13.9375 ], "texture": "#texture" },
				"south": { "uv": [ 15.625, 13.875, 15.75, 13.9375 ], "texture": "#texture" },
				"west": { "uv": [ 15, 13.625, 15.0625, 13.6875 ], "texture": "#texture" },
				"east": { "uv": [ 15.125, 13.625, 15.0625, 13.6875 ], "texture": "#texture" }
			}
		},
		{
			"__comment": "Voxels",
			"from": [ 14.25, 0.25, 3.5 ],
			"to": [ 14.5, 1.25, 3.75 ],
			"faces": {
				"up": { "uv": [ 15.1875, 13.6875, 15.25, 13.625 ], "texture": "#texture" },
				"north": { "uv": [ 8.1875, 8.1875, 8.125, 8.4375 ], "texture": "#texture" },
				"south": { "uv": [ 8.1875, 8.9375, 8.25, 9.1875 ], "texture": "#texture" },
				"west": { "uv": [ 8.1875, 8.6875, 8.25, 8.9375 ], "texture": "#texture" },
				"east": { "uv": [ 8.25, 8.4375, 8.1875, 8.6875 ], "texture": "#texture" }
			}
		},
		{
			"__comment": "Voxels",
			"from": [ 14.25, 0.25, 3.75 ],
			"to": [ 14.5, 0.75, 4.25 ],
			"faces": {
				"down": { "uv": [ 11.4375, 11.5, 11.5, 11.625 ], "texture": "#texture" },
				"south": { "uv": [ 9.375, 11.375, 9.4375, 11.5 ], "texture": "#texture" },
				"west": { "uv": [ 9.125, 9.1875, 9.25, 9.3125 ], "texture": "#texture" },
				"east": { "uv": [ 9.375, 9.1875, 9.25, 9.3125 ], "texture": "#texture" }
			}
		},
		{
			"__comment": "Voxels",
			"from": [ 14.25, 0.25, 7.75 ],
			"to": [ 14.5, 0.75, 8.25 ],
			"faces": {
				"up": { "uv": [ 9.5, 11.5, 9.5625, 11.375 ], "texture": "#texture" },
				"north": { "uv": [ 9.625, 11.375, 9.5625, 11.5 ], "texture": "#texture" },
				"south": { "uv": [ 9.625, 11.375, 9.6875, 11.5 ], "texture": "#texture" },
				"east": { "uv": [ 8.5, 9.0625, 8.375, 9.1875 ], "texture": "#texture" }
			}
		},
		{
			"__comment": "Voxels",
			"from": [ 14.25, 0.25, 8.75 ],
			"to": [ 14.75, 0.75, 9 ],
			"faces": {
				"north": { "uv": [ 8.625, 9.0625, 8.5, 9.1875 ], "texture": "#texture" },
				"south": { "uv": [ 8.625, 9.0625, 8.75, 9.1875 ], "texture": "#texture" },
				"east": { "uv": [ 10, 11.375, 9.9375, 11.5 ], "texture": "#texture" }
			}
		},
		{
			"__comment": "Voxels",
			"from": [ 14.25, 0.25, 9 ],
			"to": [ 14.5, 0.75, 9.5 ],
			"faces": {
				"south": { "uv": [ 10.1875, 11.375, 10.25, 11.5 ], "texture": "#texture" },
				"east": { "uv": [ 9, 9.0625, 8.875, 9.1875 ], "texture": "#texture" }
			}
		},
		{
			"__comment": "Voxels",
			"from": [ 14.5, 0.25, 4 ],
			"to": [ 14.75, 1.25, 4.25 ],
			"faces": {
				"up": { "uv": [ 15.8125, 13.625, 15.875, 13.5625 ], "texture": "#texture" },
				"north": { "uv": [ 8.25, 8.1875, 8.1875, 8.4375 ], "texture": "#texture" },
				"south": { "uv": [ 8.25, 8.8125, 8.3125, 9.0625 ], "texture": "#texture" },
				"west": { "uv": [ 8.25, 8.5625, 8.3125, 8.8125 ], "texture": "#texture" },
				"east": { "uv": [ 8.3125, 8.3125, 8.25, 8.5625 ], "texture": "#texture" }
			}
		},
		{
			"__comment": "Voxels",
			"from": [ 14.5, 0.25, 4.25 ],
			"to": [ 14.75, 0.75, 5 ],
			"faces": {
				"down": { "uv": [ 8.9375, 8.75, 9, 8.9375 ], "texture": "#texture" },
				"south": { "uv": [ 10.6875, 11.375, 10.75, 11.5 ], "texture": "#texture" },
				"west": { "uv": [ 8.4375, 10.9375, 8.625, 11.0625 ], "texture": "#texture" },
				"east": { "uv": [ 9.1875, 11.25, 9, 11.375 ], "texture": "#texture" }
			}
		},
		{
			"__comment": "Voxels",
			"from": [ 14.5, 0.25, 8 ],
			"to": [ 15, 0.75, 8.25 ],
			"faces": {
				"north": { "uv": [ 9.125, 9.0625, 9, 9.1875 ], "texture": "#texture" },
				"south": { "uv": [ 9.125, 9.0625, 9.25, 9.1875 ], "texture": "#texture" },
				"east": { "uv": [ 11, 11.375, 10.9375, 11.5 ], "texture": "#texture" }
			}
		},
		{
			"__comment": "Voxels",
			"from": [ 14.5, 0.25, 8.25 ],
			"to": [ 14.75, 0.75, 8.75 ],
			"faces": {
				"west": { "uv": [ 9.25, 9.0625, 9.375, 9.1875 ], "texture": "#texture" },
				"east": { "uv": [ 8.5, 8.9375, 8.375, 9.0625 ], "texture": "#texture" }
			}
		},
		{
			"__comment": "Voxels",
			"from": [ 14.75, 0.25, 4.75 ],
			"to": [ 15, 1.25, 5 ],
			"faces": {
				"up": { "uv": [ 14.6875, 13.5, 14.75, 13.4375 ], "texture": "#texture" },
				"north": { "uv": [ 8.375, 8.5625, 8.3125, 8.8125 ], "texture": "#texture" },
				"south": { "uv": [ 8.3125, 8.3125, 8.375, 8.5625 ], "texture": "#texture" },
				"west": { "uv": [ 8.3125, 8.0625, 8.375, 8.3125 ], "texture": "#texture" },
				"east": { "uv": [ 8.4375, 8.6875, 8.375, 8.9375 ], "texture": "#texture" }
			}
		},
		{
			"__comment": "Voxels",
			"from": [ 14.75, 0.25, 5 ],
			"to": [ 15, 0.75, 6.75 ],
			"faces": {
				"west": { "uv": [ 7.4375, 13.5625, 7.875, 13.6875 ], "texture": "#texture" },
				"east": { "uv": [ 3.875, 8.8125, 3.4375, 8.9375 ], "texture": "#texture" }
			}
		},
		{
			"__comment": "Voxels",
			"from": [ 14.75, 0.25, 7 ],
			"to": [ 15, 0.75, 8 ],
			"faces": {
				"west": { "uv": [ 8.8125, 12.5, 9.0625, 12.625 ], "texture": "#texture" },
				"east": { "uv": [ 16, 15.75, 15.75, 15.875 ], "texture": "#texture" }
			}
		},
		{
			"__comment": "Voxels",
			"from": [ 15.75, 0.25, 7 ],
			"to": [ 16, 1, 12.25 ],
			"faces": {
				"up": { "uv": [ 8.0625, 13.8125, 8.125, 12.5 ], "texture": "#texture" },
				"west": { "uv": [ 6.625, 14.3125, 7.9375, 14.5 ], "texture": "#texture" },
				"east": { "uv": [ 7.9375, 14.125, 6.625, 14.3125 ], "texture": "#texture", "cullface": "east" }
			}
		},
		{
			"__comment": "PlaneY182",
			"from": [ 3.1515, 1.2929, 1.8586 ],
			"to": [ 13.09089, 1.2939, 5.818196 ],
			"faces": {
				"down": { "uv": [ 1.050505, 6.353536, 2.050505, 7.353536 ], "texture": "#texture1" },
				"up": { "uv": [ 2, 3.5, 14.5, 8 ], "texture": "#texture1" }
			}
		}
	],
	"display": {
		"head": {
			"rotation":  [ 90, 0, 180 ],
			"translation":  [ 0, 0.6956, -18.07 ],
			"scale":  [ 2.5, 2.5, 2.5 ]
		}
	}
}