{
	"__comment": "Designed by MagicWorksMC with Cubik Studio - https://cubik.studio",
	"textures": {
		"particle": "item/signtextures/rrcmarquee",
		"texture": "item/signtextures/rrcmarquee"
	},
	"elements": [ 	 
		{
			"__comment": "Voxels",
			"from": [ -9.2, 6.2, -0.6 ],
			"to": [ 1.6, 6.4, 1.2 ],
			"faces": {
				"down": { "uv": [ 0, 7, 3.375, 7.5625 ], "texture": "#texture", "cullface": "west" },
				"up": { "uv": [ 0, 8.125, 3.375, 7.5625 ], "texture": "#texture", "cullface": "west" },
				"north": { "uv": [ 12.125, 6.75, 8.75, 6.8125 ], "texture": "#texture", "cullface": "west" },
				"south": { "uv": [ 9.9375, 6.875, 13.3125, 6.9375 ], "texture": "#texture", "cullface": "west" },
				"west": { "uv": [ 2.875, 0, 3.4375, 0.0625 ], "texture": "#texture", "cullface": "west" },
				"east": { "uv": [ 5.75, 0, 5.1875, 0.0625 ], "texture": "#texture", "cullface": "west" }
			}
		},
		{
			"__comment": "Voxels",
			"from": [ -9, 6, -0.6 ],
			"to": [ -8.4, 6.2, 1.2 ],
			"faces": {
				"down": { "uv": [ 15.8125, 7.9375, 16, 8.5 ], "texture": "#texture", "cullface": "west" },
				"north": { "uv": [ 9.8125, 0.3125, 9.625, 0.375 ], "texture": "#texture", "cullface": "west" },
				"south": { "uv": [ 15.6875, 6.875, 15.875, 6.9375 ], "texture": "#texture", "cullface": "west" },
				"west": { "uv": [ 10.75, 5.25, 11.3125, 5.3125 ], "texture": "#texture", "cullface": "west" },
				"east": { "uv": [ 11.875, 5.25, 11.3125, 5.3125 ], "texture": "#texture", "cullface": "west" }
			}
		},
		{
			"__comment": "Voxels",
			"from": [ -9, 6.4, -0.6 ],
			"to": [ 0, 6.8, 1.2 ],
			"faces": {
				"up": { "uv": [ 6.375, 12.625, 9.1875, 12.0625 ], "texture": "#texture" },
				"north": { "uv": [ 2.8125, 0.125, 0, 0.25 ], "texture": "#texture" },
				"south": { "uv": [ 0, 0, 2.8125, 0.125 ], "texture": "#texture" },
				"west": { "uv": [ 7.5, 0, 8.0625, 0.125 ], "texture": "#texture" },
				"east": { "uv": [ 16, 7.5625, 15.4375, 7.6875 ], "texture": "#texture" }
			}
		},
		{
			"__comment": "Voxels",
			"from": [ -9, 7.6, -0.6 ],
			"to": [ -6, 7.8, 1.2 ],
			"faces": {
				"down": { "uv": [ 6.0625, 3.6875, 7, 4.25 ], "texture": "#texture", "cullface": "west" },
				"up": { "uv": [ 7.5, 8.5, 8.4375, 7.9375 ], "texture": "#texture", "cullface": "west" },
				"north": { "uv": [ 12, 5.5, 11.0625, 5.5625 ], "texture": "#texture", "cullface": "west" },
				"south": { "uv": [ 12, 5.5, 12.9375, 5.5625 ], "texture": "#texture", "cullface": "west" },
				"west": { "uv": [ 11.875, 5.25, 12.4375, 5.3125 ], "texture": "#texture", "cullface": "west" },
				"east": { "uv": [ 13, 5.25, 12.4375, 5.3125 ], "texture": "#texture", "cullface": "west" }
			}
		},
		{
			"__comment": "Voxels",
			"from": [ -8.8, 6.8, -0.6 ],
			"to": [ 0.1999998, 7, 1.2 ],
			"faces": {
				"down": { "uv": [ 3.5625, 11.5, 6.375, 12.0625 ], "texture": "#texture", "cullface": "west" },
				"up": { "uv": [ 6.375, 12.0625, 9.1875, 11.5 ], "texture": "#texture", "cullface": "west" },
				"north": { "uv": [ 14.4375, 6.5, 11.625, 6.5625 ], "texture": "#texture", "cullface": "west" },
				"south": { "uv": [ 8.75, 6.4375, 11.5625, 6.5 ], "texture": "#texture", "cullface": "west" },
				"west": { "uv": [ 13, 5.25, 13.5625, 5.3125 ], "texture": "#texture", "cullface": "west" },
				"east": { "uv": [ 14.125, 5.25, 13.5625, 5.3125 ], "texture": "#texture", "cullface": "west" }
			}
		},
		{
			"__comment": "Voxels",
			"from": [ -8.8, 7.8, -0.6 ],
			"to": [ -6, 8, 1.2 ],
			"faces": {
				"up": { "uv": [ 11.0625, 8.5, 11.9375, 7.9375 ], "texture": "#texture", "cullface": "west" },
				"north": { "uv": [ 12.75, 5.375, 11.875, 5.4375 ], "texture": "#texture", "cullface": "west" },
				"south": { "uv": [ 12.75, 5.375, 13.625, 5.4375 ], "texture": "#texture", "cullface": "west" },
				"west": { "uv": [ 14.125, 5.25, 14.6875, 5.3125 ], "texture": "#texture", "cullface": "west" },
				"east": { "uv": [ 15.25, 5.25, 14.6875, 5.3125 ], "texture": "#texture", "cullface": "west" }
			}
		},
		{
			"__comment": "Voxels",
			"from": [ -8.599999, 7, -0.6 ],
			"to": [ 0.4000006, 7.2, 1.2 ],
			"faces": {
				"down": { "uv": [ 12, 12.0625, 14.8125, 12.625 ], "texture": "#texture", "cullface": "west" },
				"up": { "uv": [ 9.1875, 12.625, 12, 12.0625 ], "texture": "#texture", "cullface": "west" },
				"north": { "uv": [ 14.375, 6.4375, 11.5625, 6.5 ], "texture": "#texture", "cullface": "west" },
				"south": { "uv": [ 8.75, 6.375, 11.5625, 6.4375 ], "texture": "#texture", "cullface": "west" },
				"west": { "uv": [ 15.25, 5.25, 15.8125, 5.3125 ], "texture": "#texture", "cullface": "west" },
				"east": { "uv": [ 10.6875, 5.1875, 10.125, 5.25 ], "texture": "#texture", "cullface": "west" }
			}
		},
		{
			"__comment": "Voxels",
			"from": [ -8.599999, 8, -0.6 ],
			"to": [ -5.999999, 8.2, 1.2 ],
			"faces": {
				"up": { "uv": [ 7.5, 6, 8.3125, 5.4375 ], "texture": "#texture", "cullface": "west" },
				"north": { "uv": [ 11.75, 5.3125, 10.9375, 5.375 ], "texture": "#texture", "cullface": "west" },
				"south": { "uv": [ 13.375, 5.3125, 14.1875, 5.375 ], "texture": "#texture", "cullface": "west" },
				"west": { "uv": [ 10.125, 5.125, 10.6875, 5.1875 ], "texture": "#texture", "cullface": "west" },
				"east": { "uv": [ 10.6875, 5.0625, 10.125, 5.125 ], "texture": "#texture", "cullface": "west" }
			}
		},
		{
			"__comment": "Voxels",
			"from": [ -8.4, 7.2, -0.6 ],
			"to": [ -5.4, 7.4, 1.2 ],
			"faces": {
				"up": { "uv": [ 6.0625, 3.6875, 7, 3.125 ], "texture": "#texture", "cullface": "west" },
				"north": { "uv": [ 11.0625, 5.4375, 10.125, 5.5 ], "texture": "#texture", "cullface": "west" },
				"south": { "uv": [ 14.8125, 5.5, 15.75, 5.5625 ], "texture": "#texture", "cullface": "west" },
				"west": { "uv": [ 10.125, 5, 10.6875, 5.0625 ], "texture": "#texture", "cullface": "west" },
				"east": { "uv": [ 10.6875, 4.9375, 10.125, 5 ], "texture": "#texture", "cullface": "west" }
			}
		},
		{
			"__comment": "Voxels",
			"from": [ -8.4, 7.4, -0.6 ],
			"to": [ -5.599999, 7.599999, 1.2 ],
			"faces": {
				"up": { "uv": [ 12.8125, 8.5, 13.6875, 7.9375 ], "texture": "#texture", "cullface": "west" },
				"north": { "uv": [ 11.875, 5.375, 11, 5.4375 ], "texture": "#texture", "cullface": "west" },
				"south": { "uv": [ 13.8125, 5.4375, 14.6875, 5.5 ], "texture": "#texture", "cullface": "west" },
				"west": { "uv": [ 10.125, 4.875, 10.6875, 4.9375 ], "texture": "#texture", "cullface": "west" },
				"east": { "uv": [ 10.6875, 4.8125, 10.125, 4.875 ], "texture": "#texture", "cullface": "west" }
			}
		},
		{
			"__comment": "Voxels",
			"from": [ -8.4, 8.2, -0.6 ],
			"to": [ -6.2, 8.4, 1.2 ],
			"faces": {
				"up": { "uv": [ 2.875, 1.375, 3.5625, 0.8125 ], "texture": "#texture", "cullface": "west" },
				"north": { "uv": [ 6.75, 0, 6.0625, 0.0625 ], "texture": "#texture", "cullface": "west" },
				"south": { "uv": [ 15.25, 6.0625, 15.9375, 6.125 ], "texture": "#texture", "cullface": "west" },
				"west": { "uv": [ 10.125, 4.75, 10.6875, 4.8125 ], "texture": "#texture", "cullface": "west" },
				"east": { "uv": [ 10.6875, 4.6875, 10.125, 4.75 ], "texture": "#texture", "cullface": "west" }
			}
		},
		{
			"__comment": "Voxels",
			"from": [ -8.2, 5.8, -0.6 ],
			"to": [ 1.200001, 6.2, 1.2 ],
			"faces": {
				"down": { "uv": [ 0, 3.0625, 2.9375, 3.625 ], "texture": "#texture", "cullface": "west" },
				"north": { "uv": [ 15.9375, 9.5625, 13, 9.6875 ], "texture": "#texture", "cullface": "west" },
				"south": { "uv": [ 13, 9.6875, 15.9375, 9.8125 ], "texture": "#texture", "cullface": "west" },
				"west": { "uv": [ 13.5, 5.5625, 14.0625, 5.6875 ], "texture": "#texture", "cullface": "west" },
				"east": { "uv": [ 14.625, 5.5625, 14.0625, 5.6875 ], "texture": "#texture", "cullface": "west" }
			}
		},
		{
			"__comment": "Voxels",
			"from": [ -8.2, 8.4, -0.6 ],
			"to": [ -6.4, 8.599999, 1.2 ],
			"faces": {
				"up": { "uv": [ 5.4375, 5.3125, 6, 4.75 ], "texture": "#texture", "cullface": "west" },
				"north": { "uv": [ 10.6875, 4.625, 10.125, 4.6875 ], "texture": "#texture", "cullface": "west" },
				"south": { "uv": [ 10.125, 4.5625, 10.6875, 4.625 ], "texture": "#texture", "cullface": "west" },
				"west": { "uv": [ 10.125, 4.5, 10.6875, 4.5625 ], "texture": "#texture", "cullface": "west" },
				"east": { "uv": [ 10.6875, 4.4375, 10.125, 4.5 ], "texture": "#texture", "cullface": "west" }
			}
		},
		{
			"__comment": "Voxels",
			"from": [ -8, 5.6, -0.6 ],
			"to": [ 1.2, 5.8, 1.2 ],
			"faces": {
				"down": { "uv": [ 0, 0.25, 2.875, 0.8125 ], "texture": "#texture", "cullface": "west" },
				"north": { "uv": [ 11.625, 6.5, 8.75, 6.5625 ], "texture": "#texture", "cullface": "west" },
				"south": { "uv": [ 11.6875, 6.5625, 14.5625, 6.625 ], "texture": "#texture", "cullface": "west" },
				"west": { "uv": [ 10.125, 4.375, 10.6875, 4.4375 ], "texture": "#texture", "cullface": "west" },
				"east": { "uv": [ 10.6875, 4.3125, 10.125, 4.375 ], "texture": "#texture", "cullface": "west" }
			}
		},
		{
			"__comment": "Voxels",
			"from": [ -8, 8.599999, -0.6 ],
			"to": [ -6.6, 8.799999, 1.2 ],
			"faces": {
				"up": { "uv": [ 3.125, 4.1875, 3.5625, 3.625 ], "texture": "#texture", "cullface": "west" },
				"north": { "uv": [ 8.75, 0, 8.3125, 0.0625 ], "texture": "#texture", "cullface": "west" },
				"south": { "uv": [ 15.5, 6.8125, 15.9375, 6.875 ], "texture": "#texture", "cullface": "west" },
				"west": { "uv": [ 10.125, 4.125, 10.6875, 4.1875 ], "texture": "#texture", "cullface": "west" },
				"east": { "uv": [ 10.6875, 4.0625, 10.125, 4.125 ], "texture": "#texture", "cullface": "west" }
			}
		},
		{
			"__comment": "Voxels",
			"from": [ -7.8, 5.4, -0.6 ],
			"to": [ -6.4, 5.6, 1.2 ],
			"faces": {
				"down": { "uv": [ 8.3125, 5.1875, 8.75, 5.75 ], "texture": "#texture", "cullface": "west" },
				"north": { "uv": [ 16, 5.4375, 15.5625, 5.5 ], "texture": "#texture", "cullface": "west" },
				"south": { "uv": [ 15.1875, 4.625, 15.625, 4.6875 ], "texture": "#texture", "cullface": "west" },
				"west": { "uv": [ 10.125, 3.875, 10.6875, 3.9375 ], "texture": "#texture", "cullface": "west" },
				"east": { "uv": [ 10.6875, 3.8125, 10.125, 3.875 ], "texture": "#texture", "cullface": "west" }
			}
		},
		{
			"__comment": "Voxels",
			"from": [ -5.2, 7.2, -0.6 ],
			"to": [ 0.8000002, 7.4, 1.2 ],
			"faces": {
				"down": { "uv": [ 3.5625, 4.1875, 5.4375, 4.75 ], "texture": "#texture", "cullface": "west" },
				"up": { "uv": [ 3.5625, 5.3125, 5.4375, 4.75 ], "texture": "#texture", "cullface": "west" },
				"north": { "uv": [ 15.375, 6.125, 13.5, 6.1875 ], "texture": "#texture", "cullface": "west" },
				"south": { "uv": [ 9.625, 6.0625, 11.5, 6.125 ], "texture": "#texture", "cullface": "west" },
				"west": { "uv": [ 10.125, 3.75, 10.6875, 3.8125 ], "texture": "#texture", "cullface": "west" },
				"east": { "uv": [ 10.6875, 3.6875, 10.125, 3.75 ], "texture": "#texture", "cullface": "west" }
			}
		},
		{
			"__comment": "Voxels",
			"from": [ -4.8, 7.4, -0.6 ],
			"to": [ -3.8, 7.599999, 1.2 ],
			"faces": {
				"up": { "uv": [ 8.75, 1.875, 9.0625, 1.3125 ], "texture": "#texture", "cullface": "west" },
				"north": { "uv": [ 13.4375, 4.4375, 13.125, 4.5 ], "texture": "#texture", "cullface": "west" },
				"south": { "uv": [ 14.625, 4.5, 14.9375, 4.5625 ], "texture": "#texture", "cullface": "west" },
				"west": { "uv": [ 10.125, 3.5625, 10.6875, 3.625 ], "texture": "#texture", "cullface": "west" },
				"east": { "uv": [ 10.6875, 3.5, 10.125, 3.5625 ], "texture": "#texture", "cullface": "west" }
			}
		},
		{
			"__comment": "Voxels",
			"from": [ -3.6, 7.4, -0.6 ],
			"to": [ 1, 7.599999, 1.2 ],
			"faces": {
				"down": { "uv": [ 10.5, 8.75, 11.9375, 9.3125 ], "texture": "#texture", "cullface": "west" },
				"up": { "uv": [ 9.0625, 9.3125, 10.5, 8.75 ], "texture": "#texture", "cullface": "west" },
				"north": { "uv": [ 12.875, 5.875, 11.4375, 5.9375 ], "texture": "#texture", "cullface": "west" },
				"south": { "uv": [ 10, 5.875, 11.4375, 5.9375 ], "texture": "#texture", "cullface": "west" },
				"west": { "uv": [ 10.125, 3.4375, 10.6875, 3.5 ], "texture": "#texture", "cullface": "west" },
				"east": { "uv": [ 10.6875, 3.375, 10.125, 3.4375 ], "texture": "#texture", "cullface": "west" }
			}
		},
		{
			"__comment": "Voxels",
			"from": [ -3.4, 7.6, -0.6 ],
			"to": [ -2, 7.8, 1.2 ],
			"faces": {
				"up": { "uv": [ 15.375, 8.5, 15.8125, 7.9375 ], "texture": "#texture", "cullface": "west" },
				"north": { "uv": [ 11.6875, 4.5625, 11.25, 4.625 ], "texture": "#texture", "cullface": "west" },
				"south": { "uv": [ 11.6875, 4.5625, 12.125, 4.625 ], "texture": "#texture", "cullface": "west" },
				"west": { "uv": [ 10.125, 3.3125, 10.6875, 3.375 ], "texture": "#texture", "cullface": "west" },
				"east": { "uv": [ 14.0625, 4.625, 13.5, 4.6875 ], "texture": "#texture", "cullface": "west" }
			}
		},
		{
			"__comment": "Voxels",
			"from": [ -3.2, 7.8, -0.6 ],
			"to": [ -2, 8, 1.2 ],
			"faces": {
				"up": { "uv": [ 7.9375, 1.5, 8.3125, 0.9375 ], "texture": "#texture", "cullface": "west" },
				"north": { "uv": [ 14.625, 4.5, 14.25, 4.5625 ], "texture": "#texture", "cullface": "west" },
				"south": { "uv": [ 15.625, 5.3125, 16, 5.375 ], "texture": "#texture", "cullface": "west" },
				"west": { "uv": [ 14.0625, 4.6875, 14.625, 4.75 ], "texture": "#texture", "cullface": "west" },
				"east": { "uv": [ 12.9375, 4.6875, 12.375, 4.75 ], "texture": "#texture", "cullface": "west" }
			}
		},
		{
			"__comment": "Voxels",
			"from": [ -1.6, 7.6, -0.6 ],
			"to": [ -0.5999999, 7.8, 1.2 ],
			"faces": {
				"up": { "uv": [ 8.75, 0.75, 9.0625, 0.1875 ], "texture": "#texture", "cullface": "west" },
				"north": { "uv": [ 15.875, 4.5, 15.5625, 4.5625 ], "texture": "#texture", "cullface": "west" },
				"south": { "uv": [ 8.75, 0.0625, 9.0625, 0.125 ], "texture": "#texture", "cullface": "west" },
				"west": { "uv": [ 10.6875, 0, 11.25, 0.0625 ], "texture": "#texture", "cullface": "west" },
				"east": { "uv": [ 11.25, 0.0625, 10.6875, 0.125 ], "texture": "#texture", "cullface": "west" }
			}
		},
		{
			"__comment": "Voxels",
			"from": [ -1.6, 8.599999, -0.6 ],
			"to": [ 0.6000001, 8.999999, 1.2 ],
			"faces": {
				"down": { "uv": [ 5.3125, 2.5, 6, 3.0625 ], "texture": "#texture", "cullface": "west" },
				"up": { "uv": [ 2.875, 0.8125, 3.5625, 0.25 ], "texture": "#texture", "cullface": "west" },
				"north": { "uv": [ 6.75, 0.0625, 6.0625, 0.1875 ], "texture": "#texture", "cullface": "west" },
				"south": { "uv": [ 6.0625, 0.1875, 6.75, 0.3125 ], "texture": "#texture", "cullface": "west" },
				"west": { "uv": [ 10.125, 5.6875, 10.6875, 5.8125 ], "texture": "#texture", "cullface": "west" },
				"east": { "uv": [ 11.25, 5.6875, 10.6875, 5.8125 ], "texture": "#texture", "cullface": "west" }
			}
		},
		{
			"__comment": "Voxels",
			"from": [ -1.4, 7.8, -0.6 ],
			"to": [ -0.4, 8, 1.2 ],
			"faces": {
				"down": { "uv": [ 8.75, 4.6875, 9.0625, 5.25 ], "texture": "#texture", "cullface": "west" },
				"up": { "uv": [ 8.75, 4.125, 9.0625, 3.5625 ], "texture": "#texture", "cullface": "west" },
				"north": { "uv": [ 15.5625, 4.5, 15.25, 4.5625 ], "texture": "#texture", "cullface": "west" },
				"south": { "uv": [ 11.875, 4.4375, 12.1875, 4.5 ], "texture": "#texture", "cullface": "west" },
				"west": { "uv": [ 10.6875, 0.25, 11.25, 0.3125 ], "texture": "#texture", "cullface": "west" },
				"east": { "uv": [ 11.25, 0.4375, 10.6875, 0.5 ], "texture": "#texture", "cullface": "west" }
			}
		},
		{
			"__comment": "Voxels",
			"from": [ -1.4, 8.4, -0.6 ],
			"to": [ 0.4000001, 8.599999, 1.2 ],
			"faces": {
				"down": { "uv": [ 15.4375, 13.1875, 16, 13.75 ], "texture": "#texture", "cullface": "west" },
				"north": { "uv": [ 11.25, 0.5, 10.6875, 0.5625 ], "texture": "#texture", "cullface": "west" },
				"south": { "uv": [ 10.6875, 0.9375, 11.25, 1 ], "texture": "#texture", "cullface": "west" },
				"west": { "uv": [ 10.6875, 1, 11.25, 1.0625 ], "texture": "#texture", "cullface": "west" },
				"east": { "uv": [ 11.25, 1.0625, 10.6875, 1.125 ], "texture": "#texture", "cullface": "west" }
			}
		},
		{
			"__comment": "Voxels",
			"from": [ -1.4, 9, -0.6 ],
			"to": [ 6, 9.2, 1.2 ],
			"faces": {
				"down": { "uv": [ 3.5625, 9.25, 5.875, 9.8125 ], "texture": "#texture", "cullface": "west" },
				"up": { "uv": [ 3.5625, 9.25, 5.875, 8.6875 ], "texture": "#texture", "cullface": "west" },
				"north": { "uv": [ 14.375, 6.3125, 12.0625, 6.375 ], "texture": "#texture", "cullface": "west" },
				"south": { "uv": [ 13.375, 6.875, 15.6875, 6.9375 ], "texture": "#texture", "cullface": "west" },
				"west": { "uv": [ 10.6875, 1.125, 11.25, 1.1875 ], "texture": "#texture", "cullface": "west" },
				"east": { "uv": [ 11.25, 1.3125, 10.6875, 1.375 ], "texture": "#texture", "cullface": "west" }
			}
		},
		{
			"__comment": "Voxels",
			"from": [ -1.2, 8, -0.6 ],
			"to": [ -0.1999999, 8.4, 1.2 ],
			"faces": {
				"down": { "uv": [ 8.75, 2.4375, 9.0625, 3 ], "texture": "#texture", "cullface": "west" },
				"north": { "uv": [ 6.0625, 0, 5.75, 0.125 ], "texture": "#texture", "cullface": "west" },
				"south": { "uv": [ 5.75, 0.125, 6.0625, 0.25 ], "texture": "#texture", "cullface": "west" },
				"west": { "uv": [ 11.25, 5.6875, 11.8125, 5.8125 ], "texture": "#texture", "cullface": "west" },
				"east": { "uv": [ 12.375, 5.6875, 11.8125, 5.8125 ], "texture": "#texture", "cullface": "west" }
			}
		},
		{
			"__comment": "Voxels",
			"from": [ -1.2, 9.2, -0.6 ],
			"to": [ 5.8, 9.4, 1.2 ],
			"faces": {
				"up": { "uv": [ 3.5625, 8.6875, 5.75, 8.125 ], "texture": "#texture", "cullface": "west" },
				"north": { "uv": [ 14, 6.25, 11.8125, 6.3125 ], "texture": "#texture", "cullface": "west" },
				"south": { "uv": [ 9.625, 6.25, 11.8125, 6.3125 ], "texture": "#texture", "cullface": "west" },
				"west": { "uv": [ 10.6875, 1.5, 11.25, 1.5625 ], "texture": "#texture", "cullface": "west" },
				"east": { "uv": [ 11.25, 1.6875, 10.6875, 1.75 ], "texture": "#texture", "cullface": "west" }
			}
		},
		{
			"__comment": "Voxels",
			"from": [ -1, 5, -0.6 ],
			"to": [ 0.6, 5.2, 1.2 ],
			"faces": {
				"down": { "uv": [ 5.5625, 5.875, 6.0625, 6.4375 ], "texture": "#texture", "cullface": "west" },
				"up": { "uv": [ 5.4375, 4.1875, 5.9375, 3.625 ], "texture": "#texture", "cullface": "west" },
				"north": { "uv": [ 7.5, 0.1875, 7, 0.25 ], "texture": "#texture", "cullface": "west" },
				"south": { "uv": [ 15.5, 9.375, 16, 9.4375 ], "texture": "#texture", "cullface": "west" },
				"west": { "uv": [ 10.6875, 1.875, 11.25, 1.9375 ], "texture": "#texture", "cullface": "west" },
				"east": { "uv": [ 11.25, 1.9375, 10.6875, 2 ], "texture": "#texture", "cullface": "west" }
			}
		},
		{
			"__comment": "Voxels",
			"from": [ -1, 9.4, -0.6 ],
			"to": [ 5.6, 9.599999, 1.2 ],
			"faces": {
				"up": { "uv": [ 13.875, 14.875, 15.9375, 14.3125 ], "texture": "#texture", "cullface": "west" },
				"north": { "uv": [ 13.75, 6.1875, 11.6875, 6.25 ], "texture": "#texture", "cullface": "west" },
				"south": { "uv": [ 9.625, 6.1875, 11.6875, 6.25 ], "texture": "#texture", "cullface": "west" },
				"west": { "uv": [ 10.6875, 2, 11.25, 2.0625 ], "texture": "#texture", "cullface": "west" },
				"east": { "uv": [ 11.25, 2.25, 10.6875, 2.3125 ], "texture": "#texture", "cullface": "west" }
			}
		},
		{
			"__comment": "Voxels",
			"from": [ -0.8, 4.8, -0.6 ],
			"to": [ 0.4000001, 5, 1.2 ],
			"faces": {
				"down": { "uv": [ 8.3125, 0.6875, 8.6875, 1.25 ], "texture": "#texture", "cullface": "west" },
				"north": { "uv": [ 12.375, 4.5, 12, 4.5625 ], "texture": "#texture", "cullface": "west" },
				"south": { "uv": [ 12.75, 4.5, 13.125, 4.5625 ], "texture": "#texture", "cullface": "west" },
				"west": { "uv": [ 10.6875, 2.4375, 11.25, 2.5 ], "texture": "#texture", "cullface": "west" },
				"east": { "uv": [ 11.25, 2.625, 10.6875, 2.6875 ], "texture": "#texture", "cullface": "west" }
			}
		},
		{
			"__comment": "Voxels",
			"from": [ -0.8, 5.2, -0.6 ],
			"to": [ 0.8000001, 5.4, 1.2 ],
			"faces": {
				"down": { "uv": [ 5.5625, 6.4375, 6.0625, 7 ], "texture": "#texture", "cullface": "west" },
				"up": { "uv": [ 5.4375, 3.625, 5.9375, 3.0625 ], "texture": "#texture", "cullface": "west" },
				"north": { "uv": [ 7.5, 0.125, 7, 0.1875 ], "texture": "#texture", "cullface": "west" },
				"south": { "uv": [ 7, 0.25, 7.5, 0.3125 ], "texture": "#texture", "cullface": "west" },
				"west": { "uv": [ 10.6875, 2.6875, 11.25, 2.75 ], "texture": "#texture", "cullface": "west" },
				"east": { "uv": [ 11.25, 2.875, 10.6875, 2.9375 ], "texture": "#texture", "cullface": "west" }
			}
		},
		{
			"__comment": "Voxels",
			"from": [ -0.6, 5.4, -0.6 ],
			"to": [ 1, 5.6, 1.2 ],
			"faces": {
				"down": { "uv": [ 7, 4.25, 7.5, 4.8125 ], "texture": "#texture", "cullface": "west" },
				"north": { "uv": [ 7.5, 0.0625, 7, 0.125 ], "texture": "#texture", "cullface": "west" },
				"south": { "uv": [ 15.5, 9.3125, 16, 9.375 ], "texture": "#texture", "cullface": "west" },
				"west": { "uv": [ 10.6875, 2.9375, 11.25, 3 ], "texture": "#texture", "cullface": "west" },
				"east": { "uv": [ 11.25, 3.25, 10.6875, 3.3125 ], "texture": "#texture", "cullface": "west" }
			}
		},
		{
			"__comment": "Voxels",
			"from": [ -0.2, 8.2, -0.6 ],
			"to": [ 0.2, 8.4, 1.2 ],
			"faces": {
				"down": { "uv": [ 10, 4.125, 10.125, 4.6875 ], "texture": "#texture", "cullface": "west" },
				"north": { "uv": [ 16, 8.5, 15.875, 8.5625 ], "texture": "#texture", "cullface": "west" },
				"south": { "uv": [ 15.875, 7.4375, 16, 7.5 ], "texture": "#texture", "cullface": "west" },
				"east": { "uv": [ 11.25, 3.75, 10.6875, 3.8125 ], "texture": "#texture", "cullface": "west" }
			}
		},
		{
			"__comment": "Voxels",
			"from": [ 0, 6.6, -0.6 ],
			"to": [ 0.2, 6.8, 1.2 ],
			"faces": {
				"down": { "uv": [ 15.9375, 8.75, 16, 9.3125 ], "texture": "#texture", "cullface": "north" },
				"north": { "uv": [ 7.5, 0.6875, 7.4375, 0.75 ], "texture": "#texture", "cullface": "north" },
				"south": { "uv": [ 7.4375, 0.5, 7.5, 0.5625 ], "texture": "#texture", "cullface": "north" },
				"east": { "uv": [ 11.25, 4.25, 10.6875, 4.3125 ], "texture": "#texture", "cullface": "north" }
			}
		},
		{
			"__comment": "Voxels",
			"from": [ 0.4, 6.4, -0.6 ],
			"to": [ 1.8, 6.599999, 1.2 ],
			"faces": {
				"down": { "uv": [ 8.3125, 6.3125, 8.75, 6.875 ], "texture": "#texture", "cullface": "north" },
				"up": { "uv": [ 7.5, 2.625, 7.9375, 2.0625 ], "texture": "#texture", "cullface": "north" },
				"north": { "uv": [ 7.4375, 0, 7, 0.0625 ], "texture": "#texture", "cullface": "north" },
				"south": { "uv": [ 8.3125, 0.0625, 8.75, 0.125 ], "texture": "#texture", "cullface": "north" },
				"west": { "uv": [ 10.125, 2.125, 10.6875, 2.1875 ], "texture": "#texture", "cullface": "north" },
				"east": { "uv": [ 10.6875, 1.8125, 10.125, 1.875 ], "texture": "#texture", "cullface": "north" }
			}
		},
		{
			"__comment": "Voxels",
			"from": [ 0.4, 7.6, -0.6 ],
			"to": [ 1.2, 7.8, 1.2 ],
			"faces": {
				"down": { "uv": [ 9.0625, 1.875, 9.3125, 2.4375 ], "texture": "#texture", "cullface": "north" },
				"up": { "uv": [ 9.375, 6.3125, 9.625, 5.75 ], "texture": "#texture", "cullface": "north" },
				"north": { "uv": [ 9.625, 0, 9.375, 0.0625 ], "texture": "#texture", "cullface": "north" },
				"south": { "uv": [ 15.75, 6.1875, 16, 6.25 ], "texture": "#texture", "cullface": "north" },
				"west": { "uv": [ 12.375, 5, 12.9375, 5.0625 ], "texture": "#texture", "cullface": "north" },
				"east": { "uv": [ 11.8125, 5.1875, 11.25, 5.25 ], "texture": "#texture", "cullface": "north" }
			}
		},
		{
			"__comment": "Voxels",
			"from": [ 0.6, 6.6, -0.6 ],
			"to": [ 2, 6.8, 1.2 ],
			"faces": {
				"down": { "uv": [ 7, 2.5625, 7.4375, 3.125 ], "texture": "#texture", "cullface": "north" },
				"up": { "uv": [ 7, 2.5625, 7.4375, 2 ], "texture": "#texture", "cullface": "north" },
				"north": { "uv": [ 13.875, 4.5625, 13.4375, 4.625 ], "texture": "#texture", "cullface": "north" },
				"south": { "uv": [ 12.5625, 4.5625, 13, 4.625 ], "texture": "#texture", "cullface": "north" },
				"west": { "uv": [ 14.0625, 5.0625, 14.625, 5.125 ], "texture": "#texture", "cullface": "north" },
				"east": { "uv": [ 12.375, 5, 11.8125, 5.0625 ], "texture": "#texture", "cullface": "north" }
			}
		},
		{
			"__comment": "Voxels",
			"from": [ 0.6, 7.8, -0.6 ],
			"to": [ 1.4, 8, 1.2 ],
			"faces": {
				"down": { "uv": [ 9.0625, 2.4375, 9.3125, 3 ], "texture": "#texture", "cullface": "north" },
				"up": { "uv": [ 9.375, 3.5, 9.625, 2.9375 ], "texture": "#texture", "cullface": "north" },
				"north": { "uv": [ 8.3125, 0.125, 8.0625, 0.1875 ], "texture": "#texture", "cullface": "north" },
				"south": { "uv": [ 15.75, 5.6875, 16, 5.75 ], "texture": "#texture", "cullface": "north" },
				"west": { "uv": [ 11.8125, 4.75, 12.375, 4.8125 ], "texture": "#texture", "cullface": "north" },
				"east": { "uv": [ 12.9375, 4.75, 12.375, 4.8125 ], "texture": "#texture", "cullface": "north" }
			}
		},
		{
			"__comment": "Voxels",
			"from": [ 0.6, 8.8, -0.6 ],
			"to": [ 6.2, 9, 1.2 ],
			"faces": {
				"down": { "uv": [ 3.5625, 2.5, 5.3125, 3.0625 ], "texture": "#texture", "cullface": "north" },
				"up": { "uv": [ 3.5625, 2.5, 5.3125, 1.9375 ], "texture": "#texture", "cullface": "north" },
				"north": { "uv": [ 11.375, 6, 9.625, 6.0625 ], "texture": "#texture", "cullface": "north" },
				"south": { "uv": [ 14.25, 6.375, 16, 6.4375 ], "texture": "#texture", "cullface": "north" },
				"east": { "uv": [ 14.0625, 4.75, 13.5, 4.8125 ], "texture": "#texture", "cullface": "north" }
			}
		},
		{
			"__comment": "Voxels",
			"from": [ 0.8, 6.8, -0.6 ],
			"to": [ 25.4, 7, 1.2 ],
			"faces": {
				"down": { "uv": [ 7.6875, 14.875, 15.375, 15.4375 ], "texture": "#texture", "cullface": "east" },
				"up": { "uv": [ 7.6875, 16, 15.375, 15.4375 ], "texture": "#texture", "cullface": "east" },
				"north": { "uv": [ 15.1875, 7.875, 7.5, 7.9375 ], "texture": "#texture", "cullface": "east" },
				"south": { "uv": [ 7.5, 7.8125, 15.1875, 7.875 ], "texture": "#texture", "cullface": "east" },
				"west": { "uv": [ 10.6875, 4.625, 11.25, 4.6875 ], "texture": "#texture", "cullface": "east" },
				"east": { "uv": [ 11.25, 4.5625, 10.6875, 4.625 ], "texture": "#texture", "cullface": "east" }
			}
		},
		{
			"__comment": "Voxels",
			"from": [ 0.8, 8, -0.6 ],
			"to": [ 1.6, 8.2, 1.2 ],
			"faces": {
				"down": { "uv": [ 9.0625, 3.5625, 9.3125, 4.125 ], "texture": "#texture", "cullface": "north" },
				"up": { "uv": [ 9.0625, 3.5625, 9.3125, 3 ], "texture": "#texture", "cullface": "north" },
				"north": { "uv": [ 7, 0.25, 6.75, 0.3125 ], "texture": "#texture", "cullface": "north" },
				"south": { "uv": [ 6.75, 0.1875, 7, 0.25 ], "texture": "#texture", "cullface": "north" },
				"west": { "uv": [ 10.125, 0.9375, 10.6875, 1 ], "texture": "#texture", "cullface": "north" },
				"east": { "uv": [ 10.6875, 1, 10.125, 1.0625 ], "texture": "#texture", "cullface": "north" }
			}
		},
		{
			"__comment": "Voxels",
			"from": [ 1, 7, -0.6 ],
			"to": [ 25.6, 7.2, 1.2 ],
			"faces": {
				"down": { "uv": [ 0, 14.875, 7.6875, 15.4375 ], "texture": "#texture", "cullface": "east" },
				"up": { "uv": [ 0, 16, 7.6875, 15.4375 ], "texture": "#texture", "cullface": "east" },
				"north": { "uv": [ 15.1875, 7.75, 7.5, 7.8125 ], "texture": "#texture", "cullface": "east" },
				"south": { "uv": [ 7.5, 7.6875, 15.1875, 7.75 ], "texture": "#texture", "cullface": "east" },
				"west": { "uv": [ 10.6875, 4.4375, 11.25, 4.5 ], "texture": "#texture", "cullface": "east" },
				"east": { "uv": [ 11.25, 4.5, 10.6875, 4.5625 ], "texture": "#texture", "cullface": "east" }
			}
		},
		{
			"__comment": "Voxels",
			"from": [ 1, 8.599999, -0.6 ],
			"to": [ 6.2, 8.799999, 1.2 ],
			"faces": {
				"down": { "uv": [ 3.5625, 1.375, 5.1875, 1.9375 ], "texture": "#texture", "cullface": "north" },
				"north": { "uv": [ 5.1875, 0, 3.5625, 0.0625 ], "texture": "#texture", "cullface": "north" },
				"south": { "uv": [ 11.375, 6, 13, 6.0625 ], "texture": "#texture", "cullface": "north" },
				"west": { "uv": [ 10.6875, 4.6875, 11.25, 4.75 ], "texture": "#texture", "cullface": "north" },
				"east": { "uv": [ 15.75, 4.75, 15.1875, 4.8125 ], "texture": "#texture", "cullface": "north" }
			}
		},
		{
			"__comment": "Voxels",
			"from": [ 1.2, 6, -0.6 ],
			"to": [ 1.4, 6.2, 1.2 ],
			"faces": {
				"down": { "uv": [ 6, 1.9375, 6.0625, 2.5 ], "texture": "#texture", "cullface": "north" },
				"north": { "uv": [ 8.75, 5.125, 8.6875, 5.1875 ], "texture": "#texture", "cullface": "north" },
				"south": { "uv": [ 13.3125, 6.875, 13.375, 6.9375 ], "texture": "#texture", "cullface": "north" },
				"east": { "uv": [ 11.25, 4.75, 10.6875, 4.8125 ], "texture": "#texture", "cullface": "north" }
			}
		},
		{
			"__comment": "Voxels",
			"from": [ 1.2, 7.2, -0.6 ],
			"to": [ 17.4, 7.4, 1.2 ],
			"faces": {
				"up": { "uv": [ 10.375, 13.75, 15.4375, 13.1875 ], "texture": "#texture", "cullface": "east" },
				"north": { "uv": [ 13.375, 7.1875, 8.3125, 7.25 ], "texture": "#texture", "cullface": "east" },
				"south": { "uv": [ 8.3125, 7.25, 13.375, 7.3125 ], "texture": "#texture", "cullface": "east" },
				"west": { "uv": [ 15.1875, 4.8125, 15.75, 4.875 ], "texture": "#texture", "cullface": "east" },
				"east": { "uv": [ 15.1875, 4.8125, 14.625, 4.875 ], "texture": "#texture", "cullface": "east" }
			}
		},
		{
			"__comment": "Voxels",
			"from": [ 1.4, 7.4, -0.6 ],
			"to": [ 17.2, 7.599999, 1.2 ],
			"faces": {
				"up": { "uv": [ 10, 13.1875, 14.9375, 12.625 ], "texture": "#texture", "cullface": "east" },
				"north": { "uv": [ 13.25, 7.0625, 8.3125, 7.125 ], "texture": "#texture", "cullface": "east" },
				"south": { "uv": [ 8.3125, 7.125, 13.25, 7.1875 ], "texture": "#texture", "cullface": "east" },
				"west": { "uv": [ 14.0625, 4.8125, 14.625, 4.875 ], "texture": "#texture", "cullface": "east" },
				"east": { "uv": [ 14.0625, 4.8125, 13.5, 4.875 ], "texture": "#texture", "cullface": "east" }
			}
		},
		{
			"__comment": "Voxels",
			"from": [ 1.4, 8.4, -0.6 ],
			"to": [ 6, 8.599999, 1.2 ],
			"faces": {
				"down": { "uv": [ 13.375, 8.75, 14.8125, 9.3125 ], "texture": "#texture", "cullface": "north" },
				"north": { "uv": [ 16, 6.5625, 14.5625, 6.625 ], "texture": "#texture", "cullface": "north" },
				"south": { "uv": [ 14.5625, 6, 16, 6.0625 ], "texture": "#texture", "cullface": "north" },
				"west": { "uv": [ 10.6875, 4.8125, 11.25, 4.875 ], "texture": "#texture", "cullface": "north" },
				"east": { "uv": [ 15.75, 4.875, 15.1875, 4.9375 ], "texture": "#texture", "cullface": "north" }
			}
		},
		{
			"__comment": "Voxels",
			"from": [ 1.6, 7.6, -0.6 ],
			"to": [ 6.4, 7.8, 1.2 ],
			"faces": {
				"up": { "uv": [ 13.9375, 10.375, 15.4375, 9.8125 ], "texture": "#texture", "cullface": "north" },
				"north": { "uv": [ 11.5, 5.9375, 10, 6 ], "texture": "#texture", "cullface": "north" },
				"south": { "uv": [ 11.5, 5.9375, 13, 6 ], "texture": "#texture", "cullface": "north" },
				"west": { "uv": [ 13.5, 4.875, 14.0625, 4.9375 ], "texture": "#texture", "cullface": "north" },
				"east": { "uv": [ 13.5, 4.875, 12.9375, 4.9375 ], "texture": "#texture", "cullface": "north" }
			}
		},
		{
			"__comment": "Voxels",
			"from": [ 1.8, 7.8, -0.6 ],
			"to": [ 6.2, 8, 1.2 ],
			"faces": {
				"up": { "uv": [ 6.0625, 7.625, 7.4375, 7.0625 ], "texture": "#texture", "cullface": "north" },
				"north": { "uv": [ 11.375, 5.8125, 10, 5.875 ], "texture": "#texture", "cullface": "north" },
				"south": { "uv": [ 11.375, 5.8125, 12.75, 5.875 ], "texture": "#texture", "cullface": "north" },
				"west": { "uv": [ 12.375, 4.875, 12.9375, 4.9375 ], "texture": "#texture", "cullface": "north" },
				"east": { "uv": [ 12.375, 4.875, 11.8125, 4.9375 ], "texture": "#texture", "cullface": "north" }
			}
		},
		{
			"__comment": "Voxels",
			"from": [ 2, 8, -0.6 ],
			"to": [ 5.6, 8.2, 1.2 ],
			"faces": {
				"up": { "uv": [ 14.8125, 12.625, 15.9375, 12.0625 ], "texture": "#texture", "cullface": "north" },
				"north": { "uv": [ 15.9375, 6.625, 14.8125, 6.6875 ], "texture": "#texture", "cullface": "north" },
				"south": { "uv": [ 12.375, 5.75, 13.5, 5.8125 ], "texture": "#texture", "cullface": "north" },
				"west": { "uv": [ 14.625, 5, 15.1875, 5.0625 ], "texture": "#texture", "cullface": "north" },
				"east": { "uv": [ 14.625, 5, 14.0625, 5.0625 ], "texture": "#texture", "cullface": "north" }
			}
		},
		{
			"__comment": "Voxels",
			"from": [ 2.2, 6.4, -0.6 ],
			"to": [ 24.4, 6.8, 1.2 ],
			"faces": {
				"down": { "uv": [ 6.9375, 14.3125, 13.875, 14.875 ], "texture": "#texture", "cullface": "east" },
				"north": { "uv": [ 13, 9.5625, 6.0625, 9.6875 ], "texture": "#texture", "cullface": "east" },
				"south": { "uv": [ 6.0625, 9.6875, 13, 9.8125 ], "texture": "#texture", "cullface": "east" },
				"west": { "uv": [ 13.5, 5.6875, 14.0625, 5.8125 ], "texture": "#texture", "cullface": "east" },
				"east": { "uv": [ 14.625, 5.6875, 14.0625, 5.8125 ], "texture": "#texture", "cullface": "east" }
			}
		},
		{
			"__comment": "Voxels",
			"from": [ 2.2, 8.2, -0.6 ],
			"to": [ 5.8, 8.4, 1.2 ],
			"faces": {
				"down": { "uv": [ 6.0625, 4.8125, 7.1875, 5.375 ], "texture": "#texture", "cullface": "north" },
				"north": { "uv": [ 13.5, 5.6875, 12.375, 5.75 ], "texture": "#texture", "cullface": "north" },
				"south": { "uv": [ 14.625, 5.75, 15.75, 5.8125 ], "texture": "#texture", "cullface": "north" },
				"west": { "uv": [ 11.25, 5, 11.8125, 5.0625 ], "texture": "#texture", "cullface": "north" },
				"east": { "uv": [ 11.25, 5, 10.6875, 5.0625 ], "texture": "#texture", "cullface": "north" }
			}
		},
		{
			"__comment": "Voxels",
			"from": [ 2.4, 6, -0.6 ],
			"to": [ 24, 6.4, 1.2 ],
			"faces": {
				"down": { "uv": [ 6.75, 13.75, 13.5, 14.3125 ], "texture": "#texture", "cullface": "east" },
				"north": { "uv": [ 12.8125, 9.4375, 6.0625, 9.5625 ], "texture": "#texture", "cullface": "east" },
				"south": { "uv": [ 6.0625, 9.3125, 12.8125, 9.4375 ], "texture": "#texture", "cullface": "east" },
				"west": { "uv": [ 10.125, 5.5625, 10.6875, 5.6875 ], "texture": "#texture", "cullface": "east" },
				"east": { "uv": [ 11.25, 5.5625, 10.6875, 5.6875 ], "texture": "#texture", "cullface": "east" }
			}
		},
		{
			"__comment": "Voxels",
			"from": [ 2.6, 5.6, -0.6 ],
			"to": [ 19.2, 6, 1.2 ],
			"faces": {
				"down": { "uv": [ 5.1875, 13.1875, 10.375, 13.75 ], "texture": "#texture", "cullface": "east" },
				"north": { "uv": [ 12.6875, 8.625, 7.5, 8.75 ], "texture": "#texture", "cullface": "east" },
				"south": { "uv": [ 7.5, 8.5, 12.6875, 8.625 ], "texture": "#texture", "cullface": "east" },
				"west": { "uv": [ 11.25, 5.5625, 11.8125, 5.6875 ], "texture": "#texture", "cullface": "east" },
				"east": { "uv": [ 12.375, 5.5625, 11.8125, 5.6875 ], "texture": "#texture", "cullface": "east" }
			}
		},
		{
			"__comment": "Voxels",
			"from": [ 2.8, 5.4, -0.6 ],
			"to": [ 13.6, 5.6, 1.2 ],
			"faces": {
				"down": { "uv": [ 0, 5.875, 3.375, 6.4375 ], "texture": "#texture", "cullface": "north" },
				"north": { "uv": [ 12.125, 6.8125, 8.75, 6.875 ], "texture": "#texture", "cullface": "north" },
				"south": { "uv": [ 12.125, 6.8125, 15.5, 6.875 ], "texture": "#texture", "cullface": "north" },
				"west": { "uv": [ 12.9375, 5.0625, 13.5, 5.125 ], "texture": "#texture", "cullface": "north" },
				"east": { "uv": [ 12.9375, 5.0625, 12.375, 5.125 ], "texture": "#texture", "cullface": "north" }
			}
		},
		{
			"__comment": "Voxels",
			"from": [ 3, 5.2, -0.6 ],
			"to": [ 13.4, 5.4, 1.2 ],
			"faces": {
				"down": { "uv": [ 0, 5.3125, 3.25, 5.875 ], "texture": "#texture", "cullface": "north" },
				"north": { "uv": [ 15.375, 6.75, 12.125, 6.8125 ], "texture": "#texture", "cullface": "north" },
				"south": { "uv": [ 8.75, 6.6875, 12, 6.75 ], "texture": "#texture", "cullface": "north" },
				"west": { "uv": [ 15.1875, 5.125, 15.75, 5.1875 ], "texture": "#texture", "cullface": "north" },
				"east": { "uv": [ 15.1875, 5.125, 14.625, 5.1875 ], "texture": "#texture", "cullface": "north" }
			}
		},
		{
			"__comment": "Voxels",
			"from": [ 3.2, 1.8, -0.6 ],
			"to": [ 11.8, 2.2, 1.2 ],
			"faces": {
				"down": { "uv": [ 6.25, 10.9375, 8.9375, 11.5 ], "texture": "#texture", "cullface": "north" },
				"up": { "uv": [ 8.9375, 11.5, 11.625, 10.9375 ], "texture": "#texture", "cullface": "north" },
				"north": { "uv": [ 15.5, 9.4375, 12.8125, 9.5625 ], "texture": "#texture", "cullface": "north" },
				"south": { "uv": [ 12.8125, 9.3125, 15.5, 9.4375 ], "texture": "#texture", "cullface": "north" },
				"west": { "uv": [ 12.375, 5.5625, 12.9375, 5.6875 ], "texture": "#texture", "cullface": "north" },
				"east": { "uv": [ 13.5, 5.5625, 12.9375, 5.6875 ], "texture": "#texture", "cullface": "north" }
			}
		},
		{
			"__comment": "Voxels",
			"from": [ 3.2, 5, -0.6 ],
			"to": [ 13.2, 5.2, 1.2 ],
			"faces": {
				"down": { "uv": [ 0, 4.1875, 3.125, 4.75 ], "texture": "#texture", "cullface": "north" },
				"north": { "uv": [ 11.875, 6.625, 8.75, 6.6875 ], "texture": "#texture", "cullface": "north" },
				"south": { "uv": [ 12, 6.6875, 15.125, 6.75 ], "texture": "#texture", "cullface": "north" },
				"west": { "uv": [ 12.9375, 5.125, 13.5, 5.1875 ], "texture": "#texture", "cullface": "north" },
				"east": { "uv": [ 12.9375, 5.125, 12.375, 5.1875 ], "texture": "#texture", "cullface": "north" }
			}
		},
		{
			"__comment": "Voxels",
			"from": [ 3.4, 1.6, -0.6 ],
			"to": [ 4.4, 1.8, 1.2 ],
			"faces": {
				"down": { "uv": [ 7.1875, 5.375, 7.5, 5.9375 ], "texture": "#texture", "cullface": "north" },
				"north": { "uv": [ 11.5625, 4.4375, 11.25, 4.5 ], "texture": "#texture", "cullface": "north" },
				"south": { "uv": [ 14.9375, 4.5, 15.25, 4.5625 ], "texture": "#texture", "cullface": "north" },
				"west": { "uv": [ 10.125, 0.0625, 10.6875, 0.125 ], "texture": "#texture", "cullface": "north" },
				"east": { "uv": [ 10.6875, 0.125, 10.125, 0.1875 ], "texture": "#texture", "cullface": "north" }
			}
		},
		{
			"__comment": "Voxels",
			"from": [ 3.4, 2.2, -0.6 ],
			"to": [ 11.8, 2.6, 1.2 ],
			"faces": {
				"up": { "uv": [ 11.4375, 10.9375, 14.0625, 10.375 ], "texture": "#texture", "cullface": "north" },
				"north": { "uv": [ 15.3125, 8.625, 12.6875, 8.75 ], "texture": "#texture", "cullface": "north" },
				"south": { "uv": [ 12.6875, 8.5, 15.3125, 8.625 ], "texture": "#texture", "cullface": "north" },
				"west": { "uv": [ 14.625, 5.5625, 15.1875, 5.6875 ], "texture": "#texture", "cullface": "north" },
				"east": { "uv": [ 15.75, 5.5625, 15.1875, 5.6875 ], "texture": "#texture", "cullface": "north" }
			}
		},
		{
			"__comment": "Voxels",
			"from": [ 3.4, 2.8, -0.6 ],
			"to": [ 12.2, 3, 1.2 ],
			"faces": {
				"down": { "uv": [ 9.1875, 11.5, 11.9375, 12.0625 ], "texture": "#texture", "cullface": "north" },
				"up": { "uv": [ 11.9375, 12.0625, 14.6875, 11.5 ], "texture": "#texture", "cullface": "north" },
				"north": { "uv": [ 16, 7.125, 13.25, 7.1875 ], "texture": "#texture", "cullface": "north" },
				"south": { "uv": [ 13.25, 7.0625, 16, 7.125 ], "texture": "#texture", "cullface": "north" },
				"west": { "uv": [ 10.125, 0.375, 10.6875, 0.4375 ], "texture": "#texture", "cullface": "north" },
				"east": { "uv": [ 10.6875, 0.4375, 10.125, 0.5 ], "texture": "#texture", "cullface": "north" }
			}
		},
		{
			"__comment": "Voxels",
			"from": [ 3.4, 3, -0.6 ],
			"to": [ 12, 3.2, 1.2 ],
			"faces": {
				"up": { "uv": [ 3.5625, 11.5, 6.25, 10.9375 ], "texture": "#texture", "cullface": "north" },
				"north": { "uv": [ 12.0625, 6.3125, 9.375, 6.375 ], "texture": "#texture", "cullface": "north" },
				"south": { "uv": [ 11.5625, 6.375, 14.25, 6.4375 ], "texture": "#texture", "cullface": "north" },
				"west": { "uv": [ 10.125, 0.6875, 10.6875, 0.75 ], "texture": "#texture", "cullface": "north" },
				"east": { "uv": [ 10.6875, 0.75, 10.125, 0.8125 ], "texture": "#texture", "cullface": "north" }
			}
		},
		{
			"__comment": "Voxels",
			"from": [ 3.4, 3.2, -0.6 ],
			"to": [ 6, 3.4, 1.2 ],
			"faces": {
				"up": { "uv": [ 7.5, 6.5625, 8.3125, 6 ], "texture": "#texture", "cullface": "north" },
				"north": { "uv": [ 13.375, 5.3125, 12.5625, 5.375 ], "texture": "#texture", "cullface": "north" },
				"south": { "uv": [ 11.75, 5.3125, 12.5625, 5.375 ], "texture": "#texture", "cullface": "north" },
				"west": { "uv": [ 10.125, 1.5, 10.6875, 1.5625 ], "texture": "#texture", "cullface": "north" },
				"east": { "uv": [ 10.6875, 1.5625, 10.125, 1.625 ], "texture": "#texture", "cullface": "north" }
			}
		},
		{
			"__comment": "Voxels",
			"from": [ 3.6, 2.6, -0.6 ],
			"to": [ 12, 2.8, 1.2 ],
			"faces": {
				"down": { "uv": [ 6.1875, 10.375, 8.8125, 10.9375 ], "texture": "#texture", "cullface": "north" },
				"north": { "uv": [ 16, 7.25, 13.375, 7.3125 ], "texture": "#texture", "cullface": "north" },
				"south": { "uv": [ 13.375, 7.1875, 16, 7.25 ], "texture": "#texture", "cullface": "north" },
				"west": { "uv": [ 10.125, 1.875, 10.6875, 1.9375 ], "texture": "#texture", "cullface": "north" },
				"east": { "uv": [ 10.6875, 1.9375, 10.125, 2 ], "texture": "#texture", "cullface": "north" }
			}
		},
		{
			"__comment": "Voxels",
			"from": [ 3.6, 3.4, -0.6 ],
			"to": [ 5.6, 3.6, 1.2 ],
			"faces": {
				"up": { "uv": [ 2.9375, 3.0625, 3.5625, 2.5 ], "texture": "#texture", "cullface": "north" },
				"north": { "uv": [ 16, 5.375, 15.375, 5.4375 ], "texture": "#texture", "cullface": "north" },
				"south": { "uv": [ 15, 5.3125, 15.625, 5.375 ], "texture": "#texture", "cullface": "north" },
				"west": { "uv": [ 10.125, 2.5, 10.6875, 2.5625 ], "texture": "#texture", "cullface": "north" },
				"east": { "uv": [ 10.6875, 2.5625, 10.125, 2.625 ], "texture": "#texture", "cullface": "north" }
			}
		},
		{
			"__comment": "Voxels",
			"from": [ 3.6, 4.8, -0.6 ],
			"to": [ 13, 5, 1.2 ],
			"faces": {
				"down": { "uv": [ 0, 1.375, 2.9375, 1.9375 ], "texture": "#texture", "cullface": "north" },
				"north": { "uv": [ 14.8125, 6.625, 11.875, 6.6875 ], "texture": "#texture", "cullface": "north" },
				"south": { "uv": [ 8.75, 6.5625, 11.6875, 6.625 ], "texture": "#texture", "cullface": "north" },
				"west": { "uv": [ 10.125, 2.75, 10.6875, 2.8125 ], "texture": "#texture", "cullface": "north" },
				"east": { "uv": [ 10.6875, 2.8125, 10.125, 2.875 ], "texture": "#texture", "cullface": "north" }
			}
		},
		{
			"__comment": "Voxels",
			"from": [ 3.8, 3.6, -0.6 ],
			"to": [ 5.4, 3.8, 1.2 ],
			"faces": {
				"up": { "uv": [ 15.4375, 10.375, 15.9375, 9.8125 ], "texture": "#texture", "cullface": "north" },
				"north": { "uv": [ 16, 9.4375, 15.5, 9.5 ], "texture": "#texture", "cullface": "north" },
				"south": { "uv": [ 15.5, 9.5, 16, 9.5625 ], "texture": "#texture", "cullface": "north" },
				"west": { "uv": [ 10.125, 3.0625, 10.6875, 3.125 ], "texture": "#texture", "cullface": "north" },
				"east": { "uv": [ 10.6875, 3.125, 10.125, 3.1875 ], "texture": "#texture", "cullface": "north" }
			}
		},
		{
			"__comment": "Voxels",
			"from": [ 4, 3.8, -0.6 ],
			"to": [ 4.8, 4, 1.2 ],
			"faces": {
				"up": { "uv": [ 9.0625, 0.75, 9.3125, 0.1875 ], "texture": "#texture", "cullface": "north" },
				"north": { "uv": [ 7, 0, 6.75, 0.0625 ], "texture": "#texture", "cullface": "north" },
				"south": { "uv": [ 8.0625, 0.1875, 8.3125, 0.25 ], "texture": "#texture", "cullface": "north" },
				"west": { "uv": [ 10.6875, 0.6875, 11.25, 0.75 ], "texture": "#texture", "cullface": "north" },
				"east": { "uv": [ 11.25, 0.75, 10.6875, 0.8125 ], "texture": "#texture", "cullface": "north" }
			}
		},
		{
			"__comment": "Voxels",
			"from": [ 4.6, 1.6, -0.6 ],
			"to": [ 5.2, 1.8, 1.2 ],
			"faces": {
				"down": { "uv": [ 9.625, 4.875, 9.8125, 5.4375 ], "texture": "#texture", "cullface": "north" },
				"north": { "uv": [ 9.8125, 0.1875, 9.625, 0.25 ], "texture": "#texture", "cullface": "north" },
				"south": { "uv": [ 9.625, 0.25, 9.8125, 0.3125 ], "texture": "#texture", "cullface": "north" },
				"west": { "uv": [ 10.6875, 5.125, 11.25, 5.1875 ], "texture": "#texture", "cullface": "north" },
				"east": { "uv": [ 15.75, 5.1875, 15.1875, 5.25 ], "texture": "#texture", "cullface": "north" }
			}
		},
		{
			"__comment": "Voxels",
			"from": [ 5.4, 1.6, -0.6 ],
			"to": [ 5.8, 1.8, 1.2 ],
			"faces": {
				"down": { "uv": [ 10, 3, 10.125, 3.5625 ], "texture": "#texture", "cullface": "north" },
				"north": { "uv": [ 3.5625, 0, 3.4375, 0.0625 ], "texture": "#texture", "cullface": "north" },
				"south": { "uv": [ 10, 0.125, 10.125, 0.1875 ], "texture": "#texture", "cullface": "north" },
				"west": { "uv": [ 10.125, 1.3125, 10.6875, 1.375 ], "texture": "#texture", "cullface": "north" },
				"east": { "uv": [ 10.6875, 1.25, 10.125, 1.3125 ], "texture": "#texture", "cullface": "north" }
			}
		},
		{
			"__comment": "Voxels",
			"from": [ 6, 1.6, -0.6 ],
			"to": [ 7, 1.8, 1.2 ],
			"faces": {
				"down": { "uv": [ 8.75, 5.25, 9.0625, 5.8125 ], "texture": "#texture", "cullface": "north" },
				"north": { "uv": [ 9.375, 0, 9.0625, 0.0625 ], "texture": "#texture", "cullface": "north" },
				"south": { "uv": [ 9.0625, 0.0625, 9.375, 0.125 ], "texture": "#texture", "cullface": "north" },
				"west": { "uv": [ 11.25, 4.8125, 11.8125, 4.875 ], "texture": "#texture", "cullface": "north" },
				"east": { "uv": [ 12.375, 4.8125, 11.8125, 4.875 ], "texture": "#texture", "cullface": "north" }
			}
		},
		{
			"__comment": "Voxels",
			"from": [ 6.2, 3.2, -0.6 ],
			"to": [ 7.2, 3.4, 1.2 ],
			"faces": {
				"up": { "uv": [ 3.25, 5.3125, 3.5625, 4.75 ], "texture": "#texture", "cullface": "north" },
				"north": { "uv": [ 14.375, 4.4375, 14.0625, 4.5 ], "texture": "#texture", "cullface": "north" },
				"south": { "uv": [ 8.75, 0.125, 9.0625, 0.1875 ], "texture": "#texture", "cullface": "north" },
				"west": { "uv": [ 10.6875, 3.5625, 11.25, 3.625 ], "texture": "#texture", "cullface": "north" },
				"east": { "uv": [ 11.25, 3.5, 10.6875, 3.5625 ], "texture": "#texture", "cullface": "north" }
			}
		},
		{
			"__comment": "Voxels",
			"from": [ 6.6, 7.6, -0.6 ],
			"to": [ 11.8, 7.8, 1.2 ],
			"faces": {
				"up": { "uv": [ 7.6875, 10.375, 9.3125, 9.8125 ], "texture": "#texture", "cullface": "north" },
				"north": { "uv": [ 16, 6.3125, 14.375, 6.375 ], "texture": "#texture", "cullface": "north" },
				"south": { "uv": [ 14.375, 6.4375, 16, 6.5 ], "texture": "#texture", "cullface": "north" },
				"west": { "uv": [ 10.125, 3.25, 10.6875, 3.3125 ], "texture": "#texture", "cullface": "north" },
				"east": { "uv": [ 10.6875, 3.1875, 10.125, 3.25 ], "texture": "#texture", "cullface": "north" }
			}
		},
		{
			"__comment": "Voxels",
			"from": [ 6.8, 7.8, -0.6 ],
			"to": [ 11.6, 8, 1.2 ],
			"faces": {
				"up": { "uv": [ 6.0625, 9.3125, 7.5625, 8.75 ], "texture": "#texture", "cullface": "north" },
				"north": { "uv": [ 16, 5.9375, 14.5, 6 ], "texture": "#texture", "cullface": "north" },
				"south": { "uv": [ 13, 5.9375, 14.5, 6 ], "texture": "#texture", "cullface": "north" },
				"west": { "uv": [ 10.125, 2.9375, 10.6875, 3 ], "texture": "#texture", "cullface": "north" },
				"east": { "uv": [ 10.6875, 2.875, 10.125, 2.9375 ], "texture": "#texture", "cullface": "north" }
			}
		},
		{
			"__comment": "Voxels",
			"from": [ 6.8, 8, -0.6 ],
			"to": [ 9.799999, 8.2, 1.2 ],
			"faces": {
				"up": { "uv": [ 14.9375, 13.1875, 15.875, 12.625 ], "texture": "#texture", "cullface": "north" },
				"north": { "uv": [ 15.5625, 5.6875, 14.625, 5.75 ], "texture": "#texture", "cullface": "north" },
				"south": { "uv": [ 10.125, 5.5, 11.0625, 5.5625 ], "texture": "#texture", "cullface": "north" },
				"west": { "uv": [ 10.125, 2.6875, 10.6875, 2.75 ], "texture": "#texture", "cullface": "north" },
				"east": { "uv": [ 10.6875, 2.625, 10.125, 2.6875 ], "texture": "#texture", "cullface": "north" }
			}
		},
		{
			"__comment": "Voxels",
			"from": [ 7, 8.2, -0.6 ],
			"to": [ 10, 8.4, 1.2 ],
			"faces": {
				"down": { "uv": [ 6.0625, 1.4375, 7, 2 ], "texture": "#texture", "cullface": "north" },
				"up": { "uv": [ 6.0625, 1.4375, 7, 0.875 ], "texture": "#texture", "cullface": "north" },
				"north": { "uv": [ 13.875, 5.5, 12.9375, 5.5625 ], "texture": "#texture", "cullface": "north" },
				"south": { "uv": [ 13.875, 5.5, 14.8125, 5.5625 ], "texture": "#texture", "cullface": "north" },
				"west": { "uv": [ 10.125, 2.4375, 10.6875, 2.5 ], "texture": "#texture", "cullface": "north" },
				"east": { "uv": [ 10.6875, 2.375, 10.125, 2.4375 ], "texture": "#texture", "cullface": "north" }
			}
		},
		{
			"__comment": "Voxels",
			"from": [ 7.2, 8.4, -0.6 ],
			"to": [ 10.2, 8.599999, 1.2 ],
			"faces": {
				"down": { "uv": [ 6.0625, 0.3125, 7, 0.875 ], "texture": "#texture", "cullface": "north" },
				"up": { "uv": [ 6.0625, 3.125, 7, 2.5625 ], "texture": "#texture", "cullface": "north" },
				"north": { "uv": [ 12, 5.4375, 11.0625, 5.5 ], "texture": "#texture", "cullface": "north" },
				"south": { "uv": [ 12, 5.4375, 12.9375, 5.5 ], "texture": "#texture", "cullface": "north" },
				"west": { "uv": [ 10.125, 2.3125, 10.6875, 2.375 ], "texture": "#texture", "cullface": "north" },
				"east": { "uv": [ 10.6875, 2.25, 10.125, 2.3125 ], "texture": "#texture", "cullface": "north" }
			}
		},
		{
			"__comment": "Voxels",
			"from": [ 7.4, 1.6, -0.6 ],
			"to": [ 7.8, 1.8, 1.2 ],
			"faces": {
				"down": { "uv": [ 10, 1.875, 10.125, 2.4375 ], "texture": "#texture", "cullface": "north" },
				"north": { "uv": [ 16, 6.9375, 15.875, 7 ], "texture": "#texture", "cullface": "north" },
				"south": { "uv": [ 15.875, 8.6875, 16, 8.75 ], "texture": "#texture", "cullface": "north" },
				"west": { "uv": [ 10.125, 2.0625, 10.6875, 2.125 ], "texture": "#texture", "cullface": "north" },
				"east": { "uv": [ 10.6875, 2, 10.125, 2.0625 ], "texture": "#texture", "cullface": "north" }
			}
		},
		{
			"__comment": "Voxels",
			"from": [ 7.4, 3.2, -0.6 ],
			"to": [ 8, 3.4, 1.2 ],
			"faces": {
				"up": { "uv": [ 9.8125, 3.75, 10, 3.1875 ], "texture": "#texture", "cullface": "north" },
				"north": { "uv": [ 15.9375, 4.75, 15.75, 4.8125 ], "texture": "#texture", "cullface": "north" },
				"south": { "uv": [ 15.75, 4.8125, 15.9375, 4.875 ], "texture": "#texture", "cullface": "north" },
				"west": { "uv": [ 10.125, 1.6875, 10.6875, 1.75 ], "texture": "#texture", "cullface": "north" },
				"east": { "uv": [ 10.6875, 1.625, 10.125, 1.6875 ], "texture": "#texture", "cullface": "north" }
			}
		},
		{
			"__comment": "Voxels",
			"from": [ 7.4, 8.599999, -0.6 ],
			"to": [ 10.2, 8.799999, 1.2 ],
			"faces": {
				"up": { "uv": [ 5.1875, 0.8125, 6.0625, 0.25 ], "texture": "#texture", "cullface": "north" },
				"north": { "uv": [ 15.5625, 5.4375, 14.6875, 5.5 ], "texture": "#texture", "cullface": "north" },
				"south": { "uv": [ 10.125, 5.375, 11, 5.4375 ], "texture": "#texture", "cullface": "north" },
				"west": { "uv": [ 10.125, 1.4375, 10.6875, 1.5 ], "texture": "#texture", "cullface": "north" },
				"east": { "uv": [ 10.6875, 1.375, 10.125, 1.4375 ], "texture": "#texture", "cullface": "north" }
			}
		},
		{
			"__comment": "Voxels",
			"from": [ 8.2, 1.6, -0.6 ],
			"to": [ 8.599999, 1.8, 1.2 ],
			"faces": {
				"down": { "uv": [ 10, 0.75, 10.125, 1.3125 ], "texture": "#texture", "cullface": "north" },
				"north": { "uv": [ 16, 8.625, 15.875, 8.6875 ], "texture": "#texture", "cullface": "north" },
				"south": { "uv": [ 3.4375, 0.1875, 3.5625, 0.25 ], "texture": "#texture", "cullface": "north" },
				"west": { "uv": [ 10.125, 1.125, 10.6875, 1.1875 ], "texture": "#texture", "cullface": "north" },
				"east": { "uv": [ 10.6875, 1.0625, 10.125, 1.125 ], "texture": "#texture", "cullface": "north" }
			}
		},
		{
			"__comment": "Voxels",
			"from": [ 8.2, 3.2, -0.6 ],
			"to": [ 9.4, 3.4, 1.2 ],
			"faces": {
				"up": { "uv": [ 8.3125, 3.5, 8.6875, 2.9375 ], "texture": "#texture", "cullface": "north" },
				"north": { "uv": [ 16, 4.625, 15.625, 4.6875 ], "texture": "#texture", "cullface": "north" },
				"south": { "uv": [ 15.625, 4.5625, 16, 4.625 ], "texture": "#texture", "cullface": "north" },
				"west": { "uv": [ 10.125, 0.875, 10.6875, 0.9375 ], "texture": "#texture", "cullface": "north" },
				"east": { "uv": [ 10.6875, 0.8125, 10.125, 0.875 ], "texture": "#texture", "cullface": "north" }
			}
		},
		{
			"__comment": "Voxels",
			"from": [ 8.2, 3.6, -0.6 ],
			"to": [ 9.2, 3.8, 1.2 ],
			"faces": {
				"down": { "uv": [ 9.0625, 4.6875, 9.375, 5.25 ], "texture": "#texture", "cullface": "north" },
				"up": { "uv": [ 9.0625, 4.6875, 9.375, 4.125 ], "texture": "#texture", "cullface": "north" },
				"north": { "uv": [ 9.0625, 0, 8.75, 0.0625 ], "texture": "#texture", "cullface": "north" },
				"south": { "uv": [ 13.75, 4.4375, 14.0625, 4.5 ], "texture": "#texture", "cullface": "north" },
				"west": { "uv": [ 10.125, 0.5625, 10.6875, 0.625 ], "texture": "#texture", "cullface": "north" },
				"east": { "uv": [ 10.6875, 0.5, 10.125, 0.5625 ], "texture": "#texture", "cullface": "north" }
			}
		},
		{
			"__comment": "Voxels",
			"from": [ 8.4, 3.4, -0.6 ],
			"to": [ 9, 3.6, 1.2 ],
			"faces": {
				"north": { "uv": [ 15.9375, 4.875, 15.75, 4.9375 ], "texture": "#texture", "cullface": "north" },
				"south": { "uv": [ 15.75, 4.9375, 15.9375, 5 ], "texture": "#texture", "cullface": "north" },
				"west": { "uv": [ 10.125, 0.25, 10.6875, 0.3125 ], "texture": "#texture", "cullface": "north" },
				"east": { "uv": [ 10.6875, 0.1875, 10.125, 0.25 ], "texture": "#texture", "cullface": "north" }
			}
		},
		{
			"__comment": "Voxels",
			"from": [ 8.4, 3.8, -0.6 ],
			"to": [ 9, 4, 1.2 ],
			"faces": {
				"up": { "uv": [ 5.875, 9.25, 6.0625, 8.6875 ], "texture": "#texture", "cullface": "north" },
				"north": { "uv": [ 15.9375, 5, 15.75, 5.0625 ], "texture": "#texture", "cullface": "north" },
				"south": { "uv": [ 15.75, 5.0625, 15.9375, 5.125 ], "texture": "#texture", "cullface": "north" },
				"west": { "uv": [ 10.125, 0, 10.6875, 0.0625 ], "texture": "#texture", "cullface": "north" },
				"east": { "uv": [ 11.25, 5.1875, 10.6875, 5.25 ], "texture": "#texture", "cullface": "north" }
			}
		},
		{
			"__comment": "Voxels",
			"from": [ 8.599999, 4, -0.6 ],
			"to": [ 8.799999, 4.2, 1.2 ],
			"faces": {
				"up": { "uv": [ 15.9375, 12.625, 16, 12.0625 ], "texture": "#texture", "cullface": "north" },
				"north": { "uv": [ 2.875, 0, 2.8125, 0.0625 ], "texture": "#texture", "cullface": "north" },
				"south": { "uv": [ 2.8125, 0.1875, 2.875, 0.25 ], "texture": "#texture", "cullface": "north" },
				"west": { "uv": [ 12.375, 5.1875, 12.9375, 5.25 ], "texture": "#texture", "cullface": "north" },
				"east": { "uv": [ 13.5, 5.1875, 12.9375, 5.25 ], "texture": "#texture", "cullface": "north" }
			}
		},
		{
			"__comment": "Voxels",
			"from": [ 8.8, 1.6, -0.6 ],
			"to": [ 11.6, 1.8, 1.2 ],
			"faces": {
				"down": { "uv": [ 8.4375, 7.9375, 9.3125, 8.5 ], "texture": "#texture", "cullface": "north" },
				"north": { "uv": [ 13.8125, 5.4375, 12.9375, 5.5 ], "texture": "#texture", "cullface": "north" },
				"south": { "uv": [ 14.5, 5.375, 15.375, 5.4375 ], "texture": "#texture", "cullface": "north" },
				"west": { "uv": [ 14.0625, 5.1875, 14.625, 5.25 ], "texture": "#texture", "cullface": "north" },
				"east": { "uv": [ 15.1875, 5.1875, 14.625, 5.25 ], "texture": "#texture", "cullface": "north" }
			}
		},
		{
			"__comment": "Voxels",
			"from": [ 9.599999, 3.2, -0.6 ],
			"to": [ 9.999999, 3.4, 1.2 ],
			"faces": {
				"up": { "uv": [ 3.4375, 9.25, 3.5625, 8.6875 ], "texture": "#texture", "cullface": "north" },
				"north": { "uv": [ 10.125, 0.0625, 10, 0.125 ], "texture": "#texture", "cullface": "north" },
				"south": { "uv": [ 15.875, 8.5625, 16, 8.625 ], "texture": "#texture", "cullface": "north" },
				"west": { "uv": [ 11.25, 5.125, 11.8125, 5.1875 ], "texture": "#texture", "cullface": "north" },
				"east": { "uv": [ 12.375, 5.125, 11.8125, 5.1875 ], "texture": "#texture", "cullface": "north" }
			}
		},
		{
			"__comment": "Voxels",
			"from": [ 9.8, 1.4, -0.6 ],
			"to": [ 11.2, 1.6, 1.2 ],
			"faces": {
				"down": { "uv": [ 7, 0.875, 7.4375, 1.4375 ], "texture": "#texture", "cullface": "north" },
				"north": { "uv": [ 14.3125, 4.5625, 13.875, 4.625 ], "texture": "#texture", "cullface": "north" },
				"south": { "uv": [ 12.125, 4.5625, 12.5625, 4.625 ], "texture": "#texture", "cullface": "north" },
				"west": { "uv": [ 13.5, 5.125, 14.0625, 5.1875 ], "texture": "#texture", "cullface": "north" },
				"east": { "uv": [ 14.625, 5.125, 14.0625, 5.1875 ], "texture": "#texture", "cullface": "north" }
			}
		},
		{
			"__comment": "Voxels",
			"from": [ 10, 1.2, -0.6 ],
			"to": [ 11, 1.4, 1.2 ],
			"faces": {
				"down": { "uv": [ 5.75, 7.5625, 6.0625, 8.125 ], "texture": "#texture", "cullface": "north" },
				"north": { "uv": [ 11.875, 4.4375, 11.5625, 4.5 ], "texture": "#texture", "cullface": "north" },
				"south": { "uv": [ 9.0625, 0.125, 9.375, 0.1875 ], "texture": "#texture", "cullface": "north" },
				"west": { "uv": [ 11.25, 5.0625, 11.8125, 5.125 ], "texture": "#texture", "cullface": "north" },
				"east": { "uv": [ 12.375, 5.0625, 11.8125, 5.125 ], "texture": "#texture", "cullface": "north" }
			}
		},
		{
			"__comment": "Voxels",
			"from": [ 10.2, 1, -0.6 ],
			"to": [ 10.8, 1.2, 1.2 ],
			"faces": {
				"down": { "uv": [ 9.625, 0.9375, 9.8125, 1.5 ], "texture": "#texture", "cullface": "north" },
				"north": { "uv": [ 15.9375, 5.1875, 15.75, 5.25 ], "texture": "#texture", "cullface": "north" },
				"south": { "uv": [ 15.75, 5.5625, 15.9375, 5.625 ], "texture": "#texture", "cullface": "north" },
				"west": { "uv": [ 14.625, 5.0625, 15.1875, 5.125 ], "texture": "#texture", "cullface": "north" },
				"east": { "uv": [ 15.75, 5.0625, 15.1875, 5.125 ], "texture": "#texture", "cullface": "north" }
			}
		},
		{
			"__comment": "Voxels",
			"from": [ 10.2, 8, -0.6 ],
			"to": [ 11.2, 8.2, 1.2 ],
			"faces": {
				"up": { "uv": [ 8.75, 1.3125, 9.0625, 0.75 ], "texture": "#texture", "cullface": "north" },
				"north": { "uv": [ 13.75, 4.4375, 13.4375, 4.5 ], "texture": "#texture", "cullface": "north" },
				"south": { "uv": [ 12.1875, 4.4375, 12.5, 4.5 ], "texture": "#texture", "cullface": "north" },
				"west": { "uv": [ 12.9375, 5, 13.5, 5.0625 ], "texture": "#texture", "cullface": "north" },
				"east": { "uv": [ 14.0625, 5, 13.5, 5.0625 ], "texture": "#texture", "cullface": "north" }
			}
		},
		{
			"__comment": "Voxels",
			"from": [ 10.4, 3.2, -0.6 ],
			"to": [ 11.4, 3.4, 1.2 ],
			"faces": {
				"up": { "uv": [ 9.0625, 5.8125, 9.375, 5.25 ], "texture": "#texture", "cullface": "north" },
				"north": { "uv": [ 13.125, 4.4375, 12.8125, 4.5 ], "texture": "#texture", "cullface": "north" },
				"south": { "uv": [ 12.5, 4.4375, 12.8125, 4.5 ], "texture": "#texture", "cullface": "north" },
				"west": { "uv": [ 11.25, 4.9375, 11.8125, 5 ], "texture": "#texture", "cullface": "north" },
				"east": { "uv": [ 12.375, 4.9375, 11.8125, 5 ], "texture": "#texture", "cullface": "north" }
			}
		},
		{
			"__comment": "Voxels",
			"from": [ 11.6, 3.2, -0.6 ],
			"to": [ 11.8, 3.4, 1.2 ],
			"faces": {
				"up": { "uv": [ 15.9375, 11.5, 16, 10.9375 ], "texture": "#texture", "cullface": "north" },
				"north": { "uv": [ 7.5, 0.8125, 7.4375, 0.875 ], "texture": "#texture", "cullface": "north" },
				"south": { "uv": [ 7.4375, 0.75, 7.5, 0.8125 ], "texture": "#texture", "cullface": "north" },
				"west": { "uv": [ 13.5, 4.9375, 14.0625, 5 ], "texture": "#texture", "cullface": "north" },
				"east": { "uv": [ 14.625, 4.9375, 14.0625, 5 ], "texture": "#texture", "cullface": "north" }
			}
		},
		{
			"__comment": "Voxels",
			"from": [ 11.8, 2, -0.6 ],
			"to": [ 12, 2.2, 1.2 ],
			"faces": {
				"down": { "uv": [ 6, 4.75, 6.0625, 5.3125 ], "texture": "#texture", "cullface": "north" },
				"up": { "uv": [ 6, 4.75, 6.0625, 4.1875 ], "texture": "#texture", "cullface": "north" },
				"north": { "uv": [ 7.5, 0.625, 7.4375, 0.6875 ], "texture": "#texture", "cullface": "north" },
				"south": { "uv": [ 7.4375, 0.5625, 7.5, 0.625 ], "texture": "#texture", "cullface": "north" },
				"east": { "uv": [ 11.8125, 4.875, 11.25, 4.9375 ], "texture": "#texture", "cullface": "north" }
			}
		},
		{
			"__comment": "Voxels",
			"from": [ 12, 7.6, -0.6 ],
			"to": [ 17, 7.8, 1.2 ],
			"faces": {
				"up": { "uv": [ 9.3125, 10.375, 10.875, 9.8125 ], "texture": "#texture", "cullface": "east" },
				"north": { "uv": [ 14.5625, 6, 13, 6.0625 ], "texture": "#texture", "cullface": "east" },
				"south": { "uv": [ 14.4375, 6.5, 16, 6.5625 ], "texture": "#texture", "cullface": "east" },
				"west": { "uv": [ 14.0625, 4.875, 14.625, 4.9375 ], "texture": "#texture", "cullface": "east" },
				"east": { "uv": [ 15.1875, 4.875, 14.625, 4.9375 ], "texture": "#texture", "cullface": "east" }
			}
		},
		{
			"__comment": "Voxels",
			"from": [ 12.2, 7.8, -0.6 ],
			"to": [ 13.4, 8, 1.2 ],
			"faces": {
				"up": { "uv": [ 8.3125, 5.1875, 8.6875, 4.625 ], "texture": "#texture", "cullface": "north" },
				"north": { "uv": [ 12.75, 4.5, 12.375, 4.5625 ], "texture": "#texture", "cullface": "north" },
				"south": { "uv": [ 13.5, 4.5, 13.875, 4.5625 ], "texture": "#texture", "cullface": "north" },
				"west": { "uv": [ 12.375, 4.8125, 12.9375, 4.875 ], "texture": "#texture", "cullface": "north" },
				"east": { "uv": [ 13.5, 4.8125, 12.9375, 4.875 ], "texture": "#texture", "cullface": "north" }
			}
		},
		{
			"__comment": "Voxels",
			"from": [ 12.4, 1.8, -0.6 ],
			"to": [ 17.6, 2.4, 1.2 ],
			"faces": {
				"down": { "uv": [ 3.5625, 0.25, 5.1875, 0.8125 ], "texture": "#texture", "cullface": "east" },
				"up": { "uv": [ 3.5625, 1.375, 5.1875, 0.8125 ], "texture": "#texture", "cullface": "east" },
				"north": { "uv": [ 9.9375, 6.875, 8.3125, 7.0625 ], "texture": "#texture", "cullface": "east" },
				"south": { "uv": [ 3.5625, 0.0625, 5.1875, 0.25 ], "texture": "#texture", "cullface": "east" },
				"west": { "uv": [ 2.875, 0.0625, 3.4375, 0.25 ], "texture": "#texture", "cullface": "east" },
				"east": { "uv": [ 5.75, 0.0625, 5.1875, 0.25 ], "texture": "#texture", "cullface": "east" }
			}
		},
		{
			"__comment": "Voxels",
			"from": [ 12.6, 1.6, -0.6 ],
			"to": [ 13.2, 1.8, 1.2 ],
			"faces": {
				"down": { "uv": [ 3.375, 5.875, 3.5625, 6.4375 ], "texture": "#texture", "cullface": "north" },
				"north": { "uv": [ 9.8125, 0.0625, 9.625, 0.125 ], "texture": "#texture", "cullface": "north" },
				"south": { "uv": [ 9.625, 0.125, 9.8125, 0.1875 ], "texture": "#texture", "cullface": "north" },
				"west": { "uv": [ 14.0625, 4.75, 14.625, 4.8125 ], "texture": "#texture", "cullface": "north" },
				"east": { "uv": [ 15.1875, 4.75, 14.625, 4.8125 ], "texture": "#texture", "cullface": "north" }
			}
		},
		{
			"__comment": "Voxels",
			"from": [ 12.6, 2.4, -0.6 ],
			"to": [ 24, 2.8, 1.2 ],
			"faces": {
				"down": { "uv": [ 0, 12.0625, 3.5625, 12.625 ], "texture": "#texture", "cullface": "east" },
				"up": { "uv": [ 0, 12.0625, 3.5625, 11.5 ], "texture": "#texture", "cullface": "east" },
				"north": { "uv": [ 11.875, 7.5625, 8.3125, 7.6875 ], "texture": "#texture", "cullface": "east" },
				"south": { "uv": [ 11.875, 7.5625, 15.4375, 7.6875 ], "texture": "#texture", "cullface": "east" },
				"west": { "uv": [ 15.3125, 8.625, 15.875, 8.75 ], "texture": "#texture", "cullface": "east" },
				"east": { "uv": [ 15.875, 8.5, 15.3125, 8.625 ], "texture": "#texture", "cullface": "east" }
			}
		},
		{
			"__comment": "Voxels",
			"from": [ 12.8, 2.8, -0.6 ],
			"to": [ 24, 3.2, 1.2 ],
			"faces": {
				"up": { "uv": [ 0, 11.5, 3.5, 10.9375 ], "texture": "#texture", "cullface": "east" },
				"north": { "uv": [ 15.3125, 7.3125, 11.8125, 7.4375 ], "texture": "#texture", "cullface": "east" },
				"south": { "uv": [ 8.3125, 7.3125, 11.8125, 7.4375 ], "texture": "#texture", "cullface": "east" },
				"west": { "uv": [ 7.5, 0.25, 8.0625, 0.375 ], "texture": "#texture", "cullface": "east" },
				"east": { "uv": [ 8.0625, 0.125, 7.5, 0.25 ], "texture": "#texture", "cullface": "east" }
			}
		},
		{
			"__comment": "Voxels",
			"from": [ 13, 3.2, -0.6 ],
			"to": [ 24.2, 3.6, 1.2 ],
			"faces": {
				"down": { "uv": [ 0, 10.375, 3.5, 10.9375 ], "texture": "#texture", "cullface": "east" },
				"up": { "uv": [ 0, 10.375, 3.5, 9.8125 ], "texture": "#texture", "cullface": "east" },
				"north": { "uv": [ 15.3125, 7.4375, 11.8125, 7.5625 ], "texture": "#texture", "cullface": "east" },
				"south": { "uv": [ 8.3125, 7.4375, 11.8125, 7.5625 ], "texture": "#texture", "cullface": "east" },
				"west": { "uv": [ 15.3125, 7.4375, 15.875, 7.5625 ], "texture": "#texture", "cullface": "east" },
				"east": { "uv": [ 15.875, 7.3125, 15.3125, 7.4375 ], "texture": "#texture", "cullface": "east" }
			}
		},
		{
			"__comment": "Voxels",
			"from": [ 13.2, 3.6, -0.6 ],
			"to": [ 24.2, 3.8, 1.2 ],
			"faces": {
				"up": { "uv": [ 0, 9.25, 3.4375, 8.6875 ], "texture": "#texture", "cullface": "east" },
				"north": { "uv": [ 13.375, 6.9375, 9.9375, 7 ], "texture": "#texture", "cullface": "east" },
				"south": { "uv": [ 9.9375, 7, 13.375, 7.0625 ], "texture": "#texture", "cullface": "east" },
				"west": { "uv": [ 15.1875, 4.9375, 15.75, 5 ], "texture": "#texture", "cullface": "east" },
				"east": { "uv": [ 15.1875, 4.9375, 14.625, 5 ], "texture": "#texture", "cullface": "east" }
			}
		},
		{
			"__comment": "Voxels",
			"from": [ 13.4, 3.8, -0.6 ],
			"to": [ 14, 4, 1.2 ],
			"faces": {
				"up": { "uv": [ 9.8125, 4.875, 10, 4.3125 ], "texture": "#texture", "cullface": "north" },
				"north": { "uv": [ 10, 0.0625, 9.8125, 0.125 ], "texture": "#texture", "cullface": "north" },
				"south": { "uv": [ 9.8125, 0, 10, 0.0625 ], "texture": "#texture", "cullface": "north" },
				"west": { "uv": [ 12.9375, 4.9375, 13.5, 5 ], "texture": "#texture", "cullface": "north" },
				"east": { "uv": [ 12.9375, 4.9375, 12.375, 5 ], "texture": "#texture", "cullface": "north" }
			}
		},
		{
			"__comment": "Voxels",
			"from": [ 13.6, 1.6, -0.6 ],
			"to": [ 14, 1.8, 1.2 ],
			"faces": {
				"down": { "uv": [ 3.4375, 8.125, 3.5625, 8.6875 ], "texture": "#texture", "cullface": "north" },
				"north": { "uv": [ 16, 7.5, 15.875, 7.5625 ], "texture": "#texture", "cullface": "north" },
				"south": { "uv": [ 15.875, 7, 16, 7.0625 ], "texture": "#texture", "cullface": "north" },
				"west": { "uv": [ 10.6875, 4.9375, 11.25, 5 ], "texture": "#texture", "cullface": "north" },
				"east": { "uv": [ 15.75, 5, 15.1875, 5.0625 ], "texture": "#texture", "cullface": "north" }
			}
		},
		{
			"__comment": "Voxels",
			"from": [ 13.6, 7.8, -0.6 ],
			"to": [ 14.2, 8, 1.2 ],
			"faces": {
				"up": { "uv": [ 9.625, 4.3125, 9.8125, 3.75 ], "texture": "#texture", "cullface": "north" },
				"north": { "uv": [ 15.9375, 5.5, 15.75, 5.5625 ], "texture": "#texture", "cullface": "north" },
				"south": { "uv": [ 15.8125, 5.25, 16, 5.3125 ], "texture": "#texture", "cullface": "north" },
				"west": { "uv": [ 13.5, 5.0625, 14.0625, 5.125 ], "texture": "#texture", "cullface": "north" },
				"east": { "uv": [ 11.25, 5.0625, 10.6875, 5.125 ], "texture": "#texture", "cullface": "north" }
			}
		},
		{
			"__comment": "Voxels",
			"from": [ 14.4, 3.8, -0.6 ],
			"to": [ 16.4, 4, 1.2 ],
			"faces": {
				"up": { "uv": [ 2.9375, 1.9375, 3.5625, 1.375 ], "texture": "#texture", "cullface": "east" },
				"north": { "uv": [ 10.75, 5.25, 10.125, 5.3125 ], "texture": "#texture", "cullface": "east" },
				"south": { "uv": [ 15.375, 6.125, 16, 6.1875 ], "texture": "#texture", "cullface": "east" },
				"west": { "uv": [ 13.5, 5.1875, 14.0625, 5.25 ], "texture": "#texture", "cullface": "east" },
				"east": { "uv": [ 12.375, 5.1875, 11.8125, 5.25 ], "texture": "#texture", "cullface": "east" }
			}
		},
		{
			"__comment": "Voxels",
			"from": [ 14.6, 7.8, -0.6 ],
			"to": [ 17.2, 8, 1.2 ],
			"faces": {
				"down": { "uv": [ 7.5, 7.125, 8.3125, 7.6875 ], "texture": "#texture", "cullface": "east" },
				"up": { "uv": [ 14.5625, 8.5, 15.375, 7.9375 ], "texture": "#texture", "cullface": "east" },
				"north": { "uv": [ 16, 7.8125, 15.1875, 7.875 ], "texture": "#texture", "cullface": "east" },
				"south": { "uv": [ 14.1875, 5.3125, 15, 5.375 ], "texture": "#texture", "cullface": "east" },
				"west": { "uv": [ 10.125, 0.3125, 10.6875, 0.375 ], "texture": "#texture", "cullface": "east" },
				"east": { "uv": [ 10.6875, 0.625, 10.125, 0.6875 ], "texture": "#texture", "cullface": "east" }
			}
		},
		{
			"__comment": "Voxels",
			"from": [ 14.8, 8, -0.6 ],
			"to": [ 17.4, 8.2, 1.2 ],
			"faces": {
				"down": { "uv": [ 7.5, 2.625, 8.3125, 3.1875 ], "texture": "#texture", "cullface": "east" },
				"up": { "uv": [ 7.5, 3.75, 8.3125, 3.1875 ], "texture": "#texture", "cullface": "east" },
				"north": { "uv": [ 16, 7.875, 15.1875, 7.9375 ], "texture": "#texture", "cullface": "east" },
				"south": { "uv": [ 10.125, 5.3125, 10.9375, 5.375 ], "texture": "#texture", "cullface": "east" },
				"west": { "uv": [ 10.125, 1.1875, 10.6875, 1.25 ], "texture": "#texture", "cullface": "east" },
				"east": { "uv": [ 10.6875, 1.75, 10.125, 1.8125 ], "texture": "#texture", "cullface": "east" }
			}
		},
		{
			"__comment": "Voxels",
			"from": [ 15, 8.2, -0.6 ],
			"to": [ 17.6, 8.4, 1.2 ],
			"faces": {
				"down": { "uv": [ 7.5, 3.75, 8.3125, 4.3125 ], "texture": "#texture", "cullface": "east" },
				"up": { "uv": [ 7.5, 4.875, 8.3125, 4.3125 ], "texture": "#texture", "cullface": "east" },
				"north": { "uv": [ 16, 7.6875, 15.1875, 7.75 ], "texture": "#texture", "cullface": "east" },
				"south": { "uv": [ 15.1875, 7.75, 16, 7.8125 ], "texture": "#texture", "cullface": "east" },
				"west": { "uv": [ 10.125, 2.1875, 10.6875, 2.25 ], "texture": "#texture", "cullface": "east" },
				"east": { "uv": [ 10.6875, 3.625, 10.125, 3.6875 ], "texture": "#texture", "cullface": "east" }
			}
		},
		{
			"__comment": "Voxels",
			"from": [ 15.4, 8.4, -0.6 ],
			"to": [ 17.4, 8.599999, 1.2 ],
			"faces": {
				"up": { "uv": [ 15.375, 15.4375, 16, 14.875 ], "texture": "#texture", "cullface": "east" },
				"north": { "uv": [ 15.875, 5.8125, 15.25, 5.875 ], "texture": "#texture", "cullface": "east" },
				"south": { "uv": [ 15.375, 6.75, 16, 6.8125 ], "texture": "#texture", "cullface": "east" },
				"west": { "uv": [ 10.6875, 4.375, 11.25, 4.4375 ], "texture": "#texture", "cullface": "east" },
				"east": { "uv": [ 11.25, 4.3125, 10.6875, 4.375 ], "texture": "#texture", "cullface": "east" }
			}
		},
		{
			"__comment": "Voxels",
			"from": [ 15.8, 8.599999, -0.6 ],
			"to": [ 17.2, 8.799999, 1.2 ],
			"faces": {
				"up": { "uv": [ 7, 2, 7.4375, 1.4375 ], "texture": "#texture", "cullface": "east" },
				"north": { "uv": [ 15.1875, 4.5625, 14.75, 4.625 ], "texture": "#texture", "cullface": "east" },
				"south": { "uv": [ 15.1875, 4.5625, 15.625, 4.625 ], "texture": "#texture", "cullface": "east" },
				"west": { "uv": [ 10.6875, 4.1875, 11.25, 4.25 ], "texture": "#texture", "cullface": "east" },
				"east": { "uv": [ 11.25, 4.125, 10.6875, 4.1875 ], "texture": "#texture", "cullface": "east" }
			}
		},
		{
			"__comment": "Voxels",
			"from": [ 16.2, 8.8, -0.6 ],
			"to": [ 17, 9, 1.2 ],
			"faces": {
				"up": { "uv": [ 9.0625, 1.875, 9.3125, 1.3125 ], "texture": "#texture", "cullface": "east" },
				"north": { "uv": [ 8.3125, 0.3125, 8.0625, 0.375 ], "texture": "#texture", "cullface": "east" },
				"south": { "uv": [ 15.75, 5.625, 16, 5.6875 ], "texture": "#texture", "cullface": "east" },
				"west": { "uv": [ 10.6875, 4, 11.25, 4.0625 ], "texture": "#texture", "cullface": "east" },
				"east": { "uv": [ 11.25, 3.9375, 10.6875, 4 ], "texture": "#texture", "cullface": "east" }
			}
		},
		{
			"__comment": "Voxels",
			"from": [ 16.8, 1.6, -0.6 ],
			"to": [ 17.4, 1.8, 1.2 ],
			"faces": {
				"down": { "uv": [ 9.625, 2.0625, 9.8125, 2.625 ], "texture": "#texture", "cullface": "east" },
				"north": { "uv": [ 10, 0.1875, 9.8125, 0.25 ], "texture": "#texture", "cullface": "east" },
				"south": { "uv": [ 9.8125, 0.125, 10, 0.1875 ], "texture": "#texture", "cullface": "east" },
				"west": { "uv": [ 10.6875, 3.875, 11.25, 3.9375 ], "texture": "#texture", "cullface": "east" },
				"east": { "uv": [ 11.25, 3.8125, 10.6875, 3.875 ], "texture": "#texture", "cullface": "east" }
			}
		},
		{
			"__comment": "Voxels",
			"from": [ 17, 3.8, -0.6 ],
			"to": [ 17.8, 4, 1.2 ],
			"faces": {
				"up": { "uv": [ 9.375, 1.8125, 9.625, 1.25 ], "texture": "#texture", "cullface": "east" },
				"north": { "uv": [ 16, 5.875, 15.75, 5.9375 ], "texture": "#texture", "cullface": "east" },
				"south": { "uv": [ 15.75, 5.75, 16, 5.8125 ], "texture": "#texture", "cullface": "east" },
				"west": { "uv": [ 10.6875, 3.6875, 11.25, 3.75 ], "texture": "#texture", "cullface": "east" },
				"east": { "uv": [ 11.25, 3.625, 10.6875, 3.6875 ], "texture": "#texture", "cullface": "east" }
			}
		},
		{
			"__comment": "Voxels",
			"from": [ 17.2, 4, -0.6 ],
			"to": [ 17.6, 4.2, 1.2 ],
			"faces": {
				"up": { "uv": [ 8.625, 0.6875, 8.75, 0.125 ], "texture": "#texture", "cullface": "east" },
				"north": { "uv": [ 3.5625, 0.0625, 3.4375, 0.125 ], "texture": "#texture", "cullface": "east" },
				"south": { "uv": [ 3.4375, 0.125, 3.5625, 0.1875 ], "texture": "#texture", "cullface": "east" },
				"west": { "uv": [ 10.6875, 3.4375, 11.25, 3.5 ], "texture": "#texture", "cullface": "east" },
				"east": { "uv": [ 11.25, 3.375, 10.6875, 3.4375 ], "texture": "#texture", "cullface": "east" }
			}
		},
		{
			"__comment": "Voxels",
			"from": [ 17.6, 2, -0.6 ],
			"to": [ 24, 2.2, 1.2 ],
			"faces": {
				"down": { "uv": [ 3.5625, 6.4375, 5.5625, 7 ], "texture": "#texture", "cullface": "east" },
				"up": { "uv": [ 3.5625, 6.4375, 5.5625, 5.875 ], "texture": "#texture", "cullface": "east" },
				"north": { "uv": [ 15.75, 6.1875, 13.75, 6.25 ], "texture": "#texture", "cullface": "east" },
				"south": { "uv": [ 14, 6.25, 16, 6.3125 ], "texture": "#texture", "cullface": "east" },
				"east": { "uv": [ 11.25, 3.125, 10.6875, 3.1875 ], "texture": "#texture", "cullface": "east" }
			}
		},
		{
			"__comment": "Voxels",
			"from": [ 17.6, 2.2, -0.6 ],
			"to": [ 17.8, 2.4, 1.2 ],
			"faces": {
				"north": { "uv": [ 16, 9.75, 15.9375, 9.8125 ], "texture": "#texture", "cullface": "east" },
				"south": { "uv": [ 15.9375, 9.6875, 16, 9.75 ], "texture": "#texture", "cullface": "east" },
				"east": { "uv": [ 11.25, 3, 10.6875, 3.0625 ], "texture": "#texture", "cullface": "east" }
			}
		},
		{
			"__comment": "Voxels",
			"from": [ 17.6, 7.2, -0.6 ],
			"to": [ 25.6, 7.4, 1.2 ],
			"faces": {
				"up": { "uv": [ 3.5625, 10.375, 6.0625, 9.8125 ], "texture": "#texture", "cullface": "east" },
				"north": { "uv": [ 15.875, 6.9375, 13.375, 7 ], "texture": "#texture", "cullface": "east" },
				"south": { "uv": [ 13.375, 7, 15.875, 7.0625 ], "texture": "#texture", "cullface": "east" },
				"west": { "uv": [ 10.6875, 2.8125, 11.25, 2.875 ], "texture": "#texture", "cullface": "east" },
				"east": { "uv": [ 11.25, 2.75, 10.6875, 2.8125 ], "texture": "#texture", "cullface": "east" }
			}
		},
		{
			"__comment": "Voxels",
			"from": [ 17.8, 1.8, -0.6 ],
			"to": [ 24, 2, 1.2 ],
			"faces": {
				"down": { "uv": [ 14.0625, 10.375, 16, 10.9375 ], "texture": "#texture", "cullface": "east" },
				"north": { "uv": [ 13.5, 6.125, 11.5625, 6.1875 ], "texture": "#texture", "cullface": "east" },
				"south": { "uv": [ 9.625, 6.125, 11.5625, 6.1875 ], "texture": "#texture", "cullface": "east" },
				"west": { "uv": [ 10.6875, 2.5625, 11.25, 2.625 ], "texture": "#texture", "cullface": "east" },
				"east": { "uv": [ 11.25, 2.5, 10.6875, 2.5625 ], "texture": "#texture", "cullface": "east" }
			}
		},
		{
			"__comment": "Voxels",
			"from": [ 17.8, 7.4, -0.6 ],
			"to": [ 19.2, 7.599999, 1.2 ],
			"faces": {
				"up": { "uv": [ 7.5, 2.0625, 7.9375, 1.5 ], "texture": "#texture", "cullface": "east" },
				"north": { "uv": [ 13.4375, 4.5625, 13, 4.625 ], "texture": "#texture", "cullface": "east" },
				"south": { "uv": [ 14.3125, 4.5625, 14.75, 4.625 ], "texture": "#texture", "cullface": "east" },
				"west": { "uv": [ 10.6875, 2.375, 11.25, 2.4375 ], "texture": "#texture", "cullface": "east" },
				"east": { "uv": [ 11.25, 2.3125, 10.6875, 2.375 ], "texture": "#texture", "cullface": "east" }
			}
		},
		{
			"__comment": "Voxels",
			"from": [ 18, 1.6, -0.6 ],
			"to": [ 18.6, 1.8, 1.2 ],
			"faces": {
				"down": { "uv": [ 9.8125, 2.625, 10, 3.1875 ], "texture": "#texture", "cullface": "east" },
				"north": { "uv": [ 15.9375, 4.6875, 15.75, 4.75 ], "texture": "#texture", "cullface": "east" },
				"south": { "uv": [ 9.625, 0, 9.8125, 0.0625 ], "texture": "#texture", "cullface": "east" },
				"west": { "uv": [ 10.6875, 2.125, 11.25, 2.1875 ], "texture": "#texture", "cullface": "east" },
				"east": { "uv": [ 11.25, 2.0625, 10.6875, 2.125 ], "texture": "#texture", "cullface": "east" }
			}
		},
		{
			"__comment": "Voxels",
			"from": [ 18, 2.2, -0.6 ],
			"to": [ 24, 2.4, 1.2 ],
			"faces": {
				"north": { "uv": [ 13.375, 6.0625, 11.5, 6.125 ], "texture": "#texture", "cullface": "east" },
				"south": { "uv": [ 13.375, 6.0625, 15.25, 6.125 ], "texture": "#texture", "cullface": "east" },
				"west": { "uv": [ 10.6875, 1.8125, 11.25, 1.875 ], "texture": "#texture", "cullface": "east" },
				"east": { "uv": [ 11.25, 1.75, 10.6875, 1.8125 ], "texture": "#texture", "cullface": "east" }
			}
		},
		{
			"__comment": "Voxels",
			"from": [ 18.2, 3.8, -0.6 ],
			"to": [ 19, 4, 1.2 ],
			"faces": {
				"up": { "uv": [ 9.375, 2.9375, 9.625, 2.375 ], "texture": "#texture", "cullface": "east" },
				"north": { "uv": [ 7, 0.125, 6.75, 0.1875 ], "texture": "#texture", "cullface": "east" },
				"south": { "uv": [ 6.75, 0.0625, 7, 0.125 ], "texture": "#texture", "cullface": "east" },
				"west": { "uv": [ 10.6875, 1.625, 11.25, 1.6875 ], "texture": "#texture", "cullface": "east" },
				"east": { "uv": [ 11.25, 1.5625, 10.6875, 1.625 ], "texture": "#texture", "cullface": "east" }
			}
		},
		{
			"__comment": "Voxels",
			"from": [ 18.8, 1.6, -0.6 ],
			"to": [ 19.4, 1.8, 1.2 ],
			"faces": {
				"down": { "uv": [ 3.375, 7.5625, 3.5625, 8.125 ], "texture": "#texture", "cullface": "east" },
				"north": { "uv": [ 10, 0.3125, 9.8125, 0.375 ], "texture": "#texture", "cullface": "east" },
				"south": { "uv": [ 9.8125, 0.25, 10, 0.3125 ], "texture": "#texture", "cullface": "east" },
				"west": { "uv": [ 10.6875, 1.4375, 11.25, 1.5 ], "texture": "#texture", "cullface": "east" },
				"east": { "uv": [ 11.25, 1.375, 10.6875, 1.4375 ], "texture": "#texture", "cullface": "east" }
			}
		},
		{
			"__comment": "Voxels",
			"from": [ 19.2, 3.8, -0.6 ],
			"to": [ 20, 4, 1.2 ],
			"faces": {
				"up": { "uv": [ 9.375, 5.1875, 9.625, 4.625 ], "texture": "#texture", "cullface": "east" },
				"north": { "uv": [ 8.3125, 0.0625, 8.0625, 0.125 ], "texture": "#texture", "cullface": "east" },
				"south": { "uv": [ 8.0625, 0.25, 8.3125, 0.3125 ], "texture": "#texture", "cullface": "east" },
				"west": { "uv": [ 10.6875, 1.25, 11.25, 1.3125 ], "texture": "#texture", "cullface": "east" },
				"east": { "uv": [ 11.25, 1.1875, 10.6875, 1.25 ], "texture": "#texture", "cullface": "east" }
			}
		},
		{
			"__comment": "Voxels",
			"from": [ 19.2, 5.8, -0.6 ],
			"to": [ 23.8, 6, 1.2 ],
			"faces": {
				"down": { "uv": [ 6.0625, 8.1875, 7.5, 8.75 ], "texture": "#texture", "cullface": "east" },
				"north": { "uv": [ 15.75, 5.875, 14.3125, 5.9375 ], "texture": "#texture", "cullface": "east" },
				"south": { "uv": [ 12.875, 5.875, 14.3125, 5.9375 ], "texture": "#texture", "cullface": "east" },
				"east": { "uv": [ 11.25, 0.8125, 10.6875, 0.875 ], "texture": "#texture", "cullface": "east" }
			}
		},
		{
			"__comment": "Voxels",
			"from": [ 19.6, 1.6, -0.6 ],
			"to": [ 20, 1.8, 1.2 ],
			"faces": {
				"down": { "uv": [ 9.8125, 0.9375, 9.9375, 1.5 ], "texture": "#texture", "cullface": "east" },
				"north": { "uv": [ 16, 5.8125, 15.875, 5.875 ], "texture": "#texture", "cullface": "east" },
				"south": { "uv": [ 15.875, 6.875, 16, 6.9375 ], "texture": "#texture", "cullface": "east" },
				"west": { "uv": [ 10.6875, 0.625, 11.25, 0.6875 ], "texture": "#texture", "cullface": "east" },
				"east": { "uv": [ 11.25, 0.5625, 10.6875, 0.625 ], "texture": "#texture", "cullface": "east" }
			}
		},
		{
			"__comment": "Voxels",
			"from": [ 19.6, 7.4, -0.6 ],
			"to": [ 20.8, 7.599999, 1.2 ],
			"faces": {
				"up": { "uv": [ 8.3125, 2.375, 8.6875, 1.8125 ], "texture": "#texture", "cullface": "east" },
				"north": { "uv": [ 11.625, 4.5, 11.25, 4.5625 ], "texture": "#texture", "cullface": "east" },
				"south": { "uv": [ 11.625, 4.5, 12, 4.5625 ], "texture": "#texture", "cullface": "east" },
				"west": { "uv": [ 10.6875, 0.375, 11.25, 0.4375 ], "texture": "#texture", "cullface": "east" },
				"east": { "uv": [ 11.25, 0.3125, 10.6875, 0.375 ], "texture": "#texture", "cullface": "east" }
			}
		},
		{
			"__comment": "Voxels",
			"from": [ 20.2, 1.6, -0.6 ],
			"to": [ 21.4, 1.8, 1.2 ],
			"faces": {
				"down": { "uv": [ 8.3125, 1.25, 8.6875, 1.8125 ], "texture": "#texture", "cullface": "east" },
				"north": { "uv": [ 14.25, 4.5, 13.875, 4.5625 ], "texture": "#texture", "cullface": "east" },
				"south": { "uv": [ 13.125, 4.5, 13.5, 4.5625 ], "texture": "#texture", "cullface": "east" },
				"west": { "uv": [ 10.6875, 0.1875, 11.25, 0.25 ], "texture": "#texture", "cullface": "east" },
				"east": { "uv": [ 11.25, 0.125, 10.6875, 0.1875 ], "texture": "#texture", "cullface": "east" }
			}
		},
		{
			"__comment": "Voxels",
			"from": [ 20.2, 3.8, -0.6 ],
			"to": [ 24.2, 4, 1.2 ],
			"faces": {
				"up": { "uv": [ 14.6875, 12.0625, 15.9375, 11.5 ], "texture": "#texture", "cullface": "east" },
				"north": { "uv": [ 15.25, 5.8125, 14, 5.875 ], "texture": "#texture", "cullface": "east" },
				"south": { "uv": [ 12.75, 5.8125, 14, 5.875 ], "texture": "#texture", "cullface": "east" },
				"west": { "uv": [ 11.25, 4.6875, 11.8125, 4.75 ], "texture": "#texture", "cullface": "east" },
				"east": { "uv": [ 12.375, 4.6875, 11.8125, 4.75 ], "texture": "#texture", "cullface": "east" }
			}
		},
		{
			"__comment": "Voxels",
			"from": [ 21, 7.4, -0.6 ],
			"to": [ 23.8, 7.599999, 1.2 ],
			"faces": {
				"up": { "uv": [ 13.6875, 8.5, 14.5625, 7.9375 ], "texture": "#texture", "cullface": "east" },
				"north": { "uv": [ 16, 6.6875, 15.125, 6.75 ], "texture": "#texture", "cullface": "east" },
				"south": { "uv": [ 13.625, 5.375, 14.5, 5.4375 ], "texture": "#texture", "cullface": "east" },
				"west": { "uv": [ 12.9375, 4.6875, 13.5, 4.75 ], "texture": "#texture", "cullface": "east" },
				"east": { "uv": [ 14.0625, 4.6875, 13.5, 4.75 ], "texture": "#texture", "cullface": "east" }
			}
		},
		{
			"__comment": "Voxels",
			"from": [ 21.6, 7.6, -0.6 ],
			"to": [ 22.2, 7.8, 1.2 ],
			"faces": {
				"up": { "uv": [ 3.375, 7, 3.5625, 6.4375 ], "texture": "#texture", "cullface": "east" },
				"north": { "uv": [ 15.9375, 5.125, 15.75, 5.1875 ], "texture": "#texture", "cullface": "east" },
				"south": { "uv": [ 15.5625, 5.6875, 15.75, 5.75 ], "texture": "#texture", "cullface": "east" },
				"west": { "uv": [ 14.625, 4.6875, 15.1875, 4.75 ], "texture": "#texture", "cullface": "east" },
				"east": { "uv": [ 15.75, 4.6875, 15.1875, 4.75 ], "texture": "#texture", "cullface": "east" }
			}
		},
		{
			"__comment": "Voxels",
			"from": [ 24, 3, -0.6 ],
			"to": [ 24.2, 3.2, 1.2 ],
			"faces": {
				"down": { "uv": [ 7.4375, 2.5625, 7.5, 3.125 ], "texture": "#texture", "cullface": "east" },
				"north": { "uv": [ 2.875, 0.125, 2.8125, 0.1875 ], "texture": "#texture", "cullface": "east" },
				"south": { "uv": [ 2.8125, 0.0625, 2.875, 0.125 ], "texture": "#texture", "cullface": "east" },
				"east": { "uv": [ 12.375, 4.625, 11.8125, 4.6875 ], "texture": "#texture", "cullface": "east" }
			}
		},
		{
			"__comment": "Voxels",
			"from": [ 24, 6.2, -0.6 ],
			"to": [ 24.2, 6.4, 1.2 ],
			"faces": {
				"down": { "uv": [ 7.4375, 1.4375, 7.5, 2 ], "texture": "#texture", "cullface": "east" },
				"north": { "uv": [ 16, 9.625, 15.9375, 9.6875 ], "texture": "#texture", "cullface": "east" },
				"south": { "uv": [ 15.9375, 9.5625, 16, 9.625 ], "texture": "#texture", "cullface": "east" },
				"east": { "uv": [ 13.5, 4.625, 12.9375, 4.6875 ], "texture": "#texture", "cullface": "east" }
			}
		},
		{
			"__comment": "Voxels",
			"from": [ 24.2, 7.4, -0.6 ],
			"to": [ 25, 7.599999, 1.2 ],
			"faces": {
				"up": { "uv": [ 9.375, 4.625, 9.625, 4.0625 ], "texture": "#texture", "cullface": "east" },
				"north": { "uv": [ 9.625, 0.0625, 9.375, 0.125 ], "texture": "#texture", "cullface": "east" },
				"south": { "uv": [ 8.0625, 0, 8.3125, 0.0625 ], "texture": "#texture", "cullface": "east" },
				"west": { "uv": [ 14.0625, 4.625, 14.625, 4.6875 ], "texture": "#texture", "cullface": "east" },
				"east": { "uv": [ 15.1875, 4.625, 14.625, 4.6875 ], "texture": "#texture", "cullface": "east" }
			}
		},
		{
			"__comment": "Voxels",
			"from": [ 24.4, 6.6, -0.6 ],
			"to": [ 24.6, 6.8, 1.2 ],
			"faces": {
				"down": { "uv": [ 15.9375, 14.3125, 16, 14.875 ], "texture": "#texture", "cullface": "east" },
				"north": { "uv": [ 7.5, 0.4375, 7.4375, 0.5 ], "texture": "#texture", "cullface": "east" },
				"south": { "uv": [ 7.4375, 0.375, 7.5, 0.4375 ], "texture": "#texture", "cullface": "east" },
				"east": { "uv": [ 10.6875, 4.1875, 10.125, 4.25 ], "texture": "#texture", "cullface": "east" }
			}
		},
		{
			"__comment": "Voxels",
			"from": [ 24.8, 6.6, -0.6 ],
			"to": [ 25.2, 6.8, 1.2 ],
			"faces": {
				"down": { "uv": [ 10, 5.25, 10.125, 5.8125 ], "texture": "#texture", "cullface": "east" },
				"north": { "uv": [ 16, 7.375, 15.875, 7.4375 ], "texture": "#texture", "cullface": "east" },
				"south": { "uv": [ 15.875, 7.3125, 16, 7.375 ], "texture": "#texture", "cullface": "east" },
				"west": { "uv": [ 10.125, 4, 10.6875, 4.0625 ], "texture": "#texture", "cullface": "east" },
				"east": { "uv": [ 10.6875, 3.9375, 10.125, 4 ], "texture": "#texture", "cullface": "east" }
			}
		},
		{
			"__comment": "Voxels",
			"from": [ 25.2, 7.4, -0.6 ],
			"to": [ 25.4, 7.599999, 1.2 ],
			"faces": {
				"up": { "uv": [ 3.5, 10.375, 3.5625, 9.8125 ], "texture": "#texture", "cullface": "east" },
				"north": { "uv": [ 7.5, 0.3125, 7.4375, 0.375 ], "texture": "#texture", "cullface": "east" },
				"south": { "uv": [ 7.4375, 0, 7.5, 0.0625 ], "texture": "#texture", "cullface": "east" },
				"west": { "uv": [ 10.125, 3, 10.6875, 3.0625 ], "texture": "#texture", "cullface": "east" },
				"east": { "uv": [ 11.25, 2.1875, 10.6875, 2.25 ], "texture": "#texture", "cullface": "east" }
			}
		}
	],
	"display": {
		"head": {
			"rotation":  [ 0, 180, -25 ],
			"translation":  [ 0, 6.95, -31.3 ],
			"scale":  [ 3.75, 3.75, 3.75 ]
		}
	}
}