{
	"__comment": "Designed by MagicWorksMC with Cubik Studio - https://cubik.studio",
	"textures": {
		"particle": "item/signtextures/rrcpalm",
		"texture": "item/signtextures/rrcpalm"
	},
	"elements": [ 	 
		{
			"__comment": "Voxels",
			"from": [ 3.2, 10.8, 1 ],
			"to": [ 4, 11.2, 1.2 ],
			"faces": {
				"down": { "uv": [ 14.75, 8.75, 15.75, 9 ], "texture": "#texture" },
				"up": { "uv": [ 14, 6.75, 15, 6.5 ], "texture": "#texture" },
				"north": { "uv": [ 1, 0.75, 0, 1.25 ], "texture": "#texture" },
				"south": { "uv": [ 0, 1.25, 1, 1.75 ], "texture": "#texture" },
				"west": { "uv": [ 1.5, 1.75, 1.75, 2.25 ], "texture": "#texture" },
				"east": { "uv": [ 1.75, 2.25, 1.5, 2.75 ], "texture": "#texture" }
			}
		},
		{
			"__comment": "Voxels",
			"from": [ 3.4, 11.2, 1 ],
			"to": [ 8.4, 11.4, 1.2 ],
			"faces": {
				"down": { "uv": [ 8, 12.25, 14.25, 12.5 ], "texture": "#texture" },
				"up": { "uv": [ 1.75, 12.25, 8, 12 ], "texture": "#texture" },
				"north": { "uv": [ 14.25, 12, 8, 12.25 ], "texture": "#texture" },
				"south": { "uv": [ 1.75, 11.75, 8, 12 ], "texture": "#texture" },
				"west": { "uv": [ 15, 6.25, 15.25, 6.5 ], "texture": "#texture" },
				"east": { "uv": [ 14.5, 6.25, 14.25, 6.5 ], "texture": "#texture" }
			}
		},
		{
			"__comment": "Voxels",
			"from": [ 3.6, 11.4, 1 ],
			"to": [ 9, 11.6, 1.2 ],
			"faces": {
				"down": { "uv": [ 1.75, 13, 8.5, 13.25 ], "texture": "#texture" },
				"up": { "uv": [ 8.5, 13.25, 15.25, 13 ], "texture": "#texture" },
				"north": { "uv": [ 15.5, 13.25, 8.75, 13.5 ], "texture": "#texture" },
				"south": { "uv": [ 1.75, 12.75, 8.5, 13 ], "texture": "#texture" },
				"west": { "uv": [ 14, 6.25, 14.25, 6.5 ], "texture": "#texture" },
				"east": { "uv": [ 14, 6.25, 13.75, 6.5 ], "texture": "#texture" }
			}
		},
		{
			"__comment": "Voxels",
			"from": [ 3.8, 11.6, 1 ],
			"to": [ 8.8, 11.8, 1.2 ],
			"faces": {
				"down": { "uv": [ 8, 11.5, 14.25, 11.75 ], "texture": "#texture" },
				"up": { "uv": [ 1.75, 11.5, 8, 11.25 ], "texture": "#texture" },
				"north": { "uv": [ 14.25, 11.25, 8, 11.5 ], "texture": "#texture" },
				"south": { "uv": [ 1.75, 11, 8, 11.25 ], "texture": "#texture" },
				"west": { "uv": [ 13.5, 6.25, 13.75, 6.5 ], "texture": "#texture" },
				"east": { "uv": [ 13, 6.25, 12.75, 6.5 ], "texture": "#texture" }
			}
		},
		{
			"__comment": "Voxels",
			"from": [ 4, 11, 1 ],
			"to": [ 8.4, 11.2, 1.2 ],
			"faces": {
				"down": { "uv": [ 7.25, 10.5, 12.75, 10.75 ], "texture": "#texture" },
				"up": { "uv": [ 1.75, 10.5, 7.25, 10.25 ], "texture": "#texture" },
				"north": { "uv": [ 12.75, 10.25, 7.25, 10.5 ], "texture": "#texture" },
				"south": { "uv": [ 1.75, 10, 7.25, 10.25 ], "texture": "#texture" },
				"west": { "uv": [ 12.5, 6.25, 12.75, 6.5 ], "texture": "#texture" },
				"east": { "uv": [ 12.5, 6.25, 12.25, 6.5 ], "texture": "#texture" }
			}
		},
		{
			"__comment": "Voxels",
			"from": [ 4, 11.8, 1 ],
			"to": [ 9.8, 12, 1.2 ],
			"faces": {
				"down": { "uv": [ 7.25, 14.75, 14.5, 15 ], "texture": "#texture" },
				"up": { "uv": [ 7.25, 14.75, 14.5, 14.5 ], "texture": "#texture" },
				"north": { "uv": [ 14.5, 15.25, 7.25, 15.5 ], "texture": "#texture" },
				"south": { "uv": [ 0, 14, 7.25, 14.25 ], "texture": "#texture" },
				"west": { "uv": [ 12, 6.25, 12.25, 6.5 ], "texture": "#texture" },
				"east": { "uv": [ 11.5, 6.25, 11.25, 6.5 ], "texture": "#texture" }
			}
		},
		{
			"__comment": "Voxels",
			"from": [ 4.2, 10.8, 1 ],
			"to": [ 4.4, 11, 1.2 ],
			"faces": {
				"down": { "uv": [ 11, 6.25, 11.25, 6.5 ], "texture": "#texture" },
				"up": { "uv": [ 10.75, 6.5, 11, 6.25 ], "texture": "#texture" },
				"north": { "uv": [ 10.75, 6.25, 10.5, 6.5 ], "texture": "#texture" },
				"south": { "uv": [ 9.5, 6.25, 9.75, 6.5 ], "texture": "#texture" },
				"west": { "uv": [ 9.25, 0, 9.5, 0.25 ], "texture": "#texture" },
				"east": { "uv": [ 9.5, 0.25, 9.25, 0.5 ], "texture": "#texture" }
			}
		},
		{
			"__comment": "Voxels",
			"from": [ 4.2, 12, 1 ],
			"to": [ 9.2, 12.2, 1.2 ],
			"faces": {
				"down": { "uv": [ 8, 11.75, 14.25, 12 ], "texture": "#texture" },
				"up": { "uv": [ 1.75, 11.75, 8, 11.5 ], "texture": "#texture" },
				"north": { "uv": [ 14.25, 11, 8, 11.25 ], "texture": "#texture" },
				"south": { "uv": [ 1.75, 10.75, 8, 11 ], "texture": "#texture" },
				"west": { "uv": [ 9.25, 1, 9.5, 1.25 ], "texture": "#texture" },
				"east": { "uv": [ 9.5, 1.25, 9.25, 1.5 ], "texture": "#texture" }
			}
		},
		{
			"__comment": "Voxels",
			"from": [ 4.4, 12.2, 1 ],
			"to": [ 9.4, 12.4, 1.2 ],
			"faces": {
				"down": { "uv": [ 8.5, 12.75, 14.75, 13 ], "texture": "#texture" },
				"up": { "uv": [ 1.75, 12.75, 8, 12.5 ], "texture": "#texture" },
				"north": { "uv": [ 14.25, 12.5, 8, 12.75 ], "texture": "#texture" },
				"south": { "uv": [ 1.75, 12.25, 8, 12.5 ], "texture": "#texture" },
				"west": { "uv": [ 9.25, 1.5, 9.5, 1.75 ], "texture": "#texture" },
				"east": { "uv": [ 9.5, 1.75, 9.25, 2 ], "texture": "#texture" }
			}
		},
		{
			"__comment": "Voxels",
			"from": [ 4.6, 9.8, 1 ],
			"to": [ 5.6, 10.8, 1.2 ],
			"faces": {
				"down": { "uv": [ 5.25, 1.75, 6.5, 2 ], "texture": "#texture" },
				"up": { "uv": [ 5.25, 2.25, 6.5, 2 ], "texture": "#texture" },
				"north": { "uv": [ 15.75, 14.25, 14.5, 15.5 ], "texture": "#texture" },
				"south": { "uv": [ 0, 10.25, 1.25, 11.5 ], "texture": "#texture" },
				"west": { "uv": [ 1.5, 10.25, 1.75, 11.5 ], "texture": "#texture" },
				"east": { "uv": [ 1.5, 10.25, 1.25, 11.5 ], "texture": "#texture" }
			}
		},
		{
			"__comment": "Voxels",
			"from": [ 4.8, 9.2, 1 ],
			"to": [ 5.6, 9.8, 1.2 ],
			"faces": {
				"down": { "uv": [ 15, 6.5, 16, 6.75 ], "texture": "#texture" },
				"up": { "uv": [ 8.25, 6.5, 9.25, 6.25 ], "texture": "#texture" },
				"north": { "uv": [ 1, 6, 0, 6.75 ], "texture": "#texture" },
				"south": { "uv": [ 0, 4.25, 1, 5 ], "texture": "#texture" },
				"west": { "uv": [ 8, 3, 8.25, 3.75 ], "texture": "#texture" },
				"east": { "uv": [ 8.25, 2.25, 8, 3 ], "texture": "#texture" }
			}
		},
		{
			"__comment": "Voxels",
			"from": [ 4.8, 10.8, 1 ],
			"to": [ 8.599999, 11, 1.2 ],
			"faces": {
				"down": { "uv": [ 1.75, 9.25, 6.5, 9.5 ], "texture": "#texture" },
				"up": { "uv": [ 1.75, 9.25, 6.5, 9 ], "texture": "#texture" },
				"north": { "uv": [ 6.5, 8.75, 1.75, 9 ], "texture": "#texture" },
				"south": { "uv": [ 7, 9.5, 11.75, 9.75 ], "texture": "#texture" },
				"west": { "uv": [ 9.25, 3, 9.5, 3.25 ], "texture": "#texture" },
				"east": { "uv": [ 9.5, 3.25, 9.25, 3.5 ], "texture": "#texture" }
			}
		},
		{
			"__comment": "Voxels",
			"from": [ 4.8, 12.4, 1 ],
			"to": [ 9.2, 12.6, 1.2 ],
			"faces": {
				"down": { "uv": [ 7.25, 10, 12.75, 10.25 ], "texture": "#texture" },
				"up": { "uv": [ 1.75, 10, 7.25, 9.75 ], "texture": "#texture" },
				"north": { "uv": [ 13.5, 10.75, 8, 11 ], "texture": "#texture" },
				"south": { "uv": [ 1.75, 10.5, 7.25, 10.75 ], "texture": "#texture" },
				"west": { "uv": [ 9.25, 5.5, 9.5, 5.75 ], "texture": "#texture" },
				"east": { "uv": [ 9.5, 5.75, 9.25, 6 ], "texture": "#texture" }
			}
		},
		{
			"__comment": "Voxels",
			"from": [ 4.8, 12.6, 1 ],
			"to": [ 9, 13, 1.2 ],
			"faces": {
				"down": { "uv": [ 1.75, 9.5, 7, 9.75 ], "texture": "#texture" },
				"up": { "uv": [ 7.25, 10, 12.5, 9.75 ], "texture": "#texture" },
				"north": { "uv": [ 10.5, 15.5, 5.25, 16 ], "texture": "#texture" },
				"south": { "uv": [ 0, 15.5, 5.25, 16 ], "texture": "#texture" },
				"west": { "uv": [ 1.5, 5.5, 1.75, 6 ], "texture": "#texture" },
				"east": { "uv": [ 1.75, 6.75, 1.5, 7.25 ], "texture": "#texture" }
			}
		},
		{
			"__comment": "Voxels",
			"from": [ 5, 8.8, 1 ],
			"to": [ 5.8, 9, 1.2 ],
			"faces": {
				"down": { "uv": [ 8.25, 6, 9.25, 6.25 ], "texture": "#texture" },
				"up": { "uv": [ 8.25, 6, 9.25, 5.75 ], "texture": "#texture" },
				"north": { "uv": [ 9.25, 5.5, 8.25, 5.75 ], "texture": "#texture" },
				"south": { "uv": [ 5.5, 6.75, 6.5, 7 ], "texture": "#texture" },
				"west": { "uv": [ 9, 0.25, 9.25, 0.5 ], "texture": "#texture" },
				"east": { "uv": [ 9, 0.25, 8.75, 0.5 ], "texture": "#texture" }
			}
		},
		{
			"__comment": "Voxels",
			"from": [ 5, 9, 1 ],
			"to": [ 5.6, 9.2, 1.2 ],
			"faces": {
				"down": { "uv": [ 1, 4.75, 1.75, 5 ], "texture": "#texture" },
				"up": { "uv": [ 1, 1.25, 1.75, 1 ], "texture": "#texture" },
				"north": { "uv": [ 16, 9.25, 15.25, 9.5 ], "texture": "#texture" },
				"south": { "uv": [ 8.25, 5.25, 9, 5.5 ], "texture": "#texture" },
				"west": { "uv": [ 9.5, 4.5, 9.75, 4.75 ], "texture": "#texture" },
				"east": { "uv": [ 9.75, 5.75, 9.5, 6 ], "texture": "#texture" }
			}
		},
		{
			"__comment": "Voxels",
			"from": [ 5, 13, 1 ],
			"to": [ 10.8, 13.2, 1.2 ],
			"faces": {
				"down": { "uv": [ 7.25, 14.25, 14.5, 14.5 ], "texture": "#texture" },
				"up": { "uv": [ 0, 14, 7.25, 13.75 ], "texture": "#texture" },
				"north": { "uv": [ 14.5, 14, 7.25, 14.25 ], "texture": "#texture" },
				"south": { "uv": [ 7.25, 15, 14.5, 15.25 ], "texture": "#texture" },
				"west": { "uv": [ 15.25, 6.25, 15.5, 6.5 ], "texture": "#texture" },
				"east": { "uv": [ 12, 6.25, 11.75, 6.5 ], "texture": "#texture" }
			}
		},
		{
			"__comment": "Voxels",
			"from": [ 5, 13.2, 1 ],
			"to": [ 10.6, 13.4, 1.2 ],
			"faces": {
				"down": { "uv": [ 0, 13.5, 7, 13.75 ], "texture": "#texture" },
				"up": { "uv": [ 7.25, 14, 14.25, 13.75 ], "texture": "#texture" },
				"north": { "uv": [ 14, 13.5, 7, 13.75 ], "texture": "#texture" },
				"south": { "uv": [ 1.75, 13.25, 8.75, 13.5 ], "texture": "#texture" },
				"west": { "uv": [ 11.5, 6.25, 11.75, 6.5 ], "texture": "#texture" },
				"east": { "uv": [ 9.5, 6, 9.25, 6.25 ], "texture": "#texture" }
			}
		},
		{
			"__comment": "Voxels",
			"from": [ 5.2, 8.4, 1 ],
			"to": [ 6, 8.599999, 1.2 ],
			"faces": {
				"down": { "uv": [ 5.5, 6.5, 6.5, 6.75 ], "texture": "#texture" },
				"up": { "uv": [ 5.5, 6.5, 6.5, 6.25 ], "texture": "#texture" },
				"north": { "uv": [ 6.5, 6, 5.5, 6.25 ], "texture": "#texture" },
				"south": { "uv": [ 5.5, 5.75, 6.5, 6 ], "texture": "#texture" },
				"west": { "uv": [ 9.5, 4.25, 9.75, 4.5 ], "texture": "#texture" },
				"east": { "uv": [ 9.75, 3.5, 9.5, 3.75 ], "texture": "#texture" }
			}
		},
		{
			"__comment": "Voxels",
			"from": [ 5.2, 8.599999, 1 ],
			"to": [ 5.8, 8.799999, 1.2 ],
			"faces": {
				"down": { "uv": [ 5.75, 7, 6.5, 7.25 ], "texture": "#texture" },
				"up": { "uv": [ 1, 1, 1.75, 0.75 ], "texture": "#texture" },
				"north": { "uv": [ 1.75, 6, 1, 6.25 ], "texture": "#texture" },
				"south": { "uv": [ 8.25, 4, 9, 4.25 ], "texture": "#texture" },
				"west": { "uv": [ 9.25, 4.75, 9.5, 5 ], "texture": "#texture" },
				"east": { "uv": [ 9.5, 4.25, 9.25, 4.5 ], "texture": "#texture" }
			}
		},
		{
			"__comment": "Voxels",
			"from": [ 5.2, 13.4, 1 ],
			"to": [ 5.8, 13.6, 1.2 ],
			"faces": {
				"down": { "uv": [ 5.75, 3, 6.5, 3.25 ], "texture": "#texture" },
				"up": { "uv": [ 5.75, 7.5, 6.5, 7.25 ], "texture": "#texture" },
				"north": { "uv": [ 6.5, 7.5, 5.75, 7.75 ], "texture": "#texture" },
				"south": { "uv": [ 5.75, 7.75, 6.5, 8 ], "texture": "#texture" },
				"west": { "uv": [ 9.5, 2.75, 9.75, 3 ], "texture": "#texture" },
				"east": { "uv": [ 8.75, 0.25, 8.5, 0.5 ], "texture": "#texture" }
			}
		},
		{
			"__comment": "Voxels",
			"from": [ 5.4, 8.2, 1 ],
			"to": [ 6, 8.4, 1.2 ],
			"faces": {
				"down": { "uv": [ 1, 1.25, 1.75, 1.5 ], "texture": "#texture" },
				"up": { "uv": [ 1, 1.75, 1.75, 1.5 ], "texture": "#texture" },
				"north": { "uv": [ 1.75, 4.25, 1, 4.5 ], "texture": "#texture" },
				"south": { "uv": [ 15.25, 9, 16, 9.25 ], "texture": "#texture" },
				"west": { "uv": [ 8.5, 0.75, 8.75, 1 ], "texture": "#texture" },
				"east": { "uv": [ 8.5, 0.75, 8.25, 1 ], "texture": "#texture" }
			}
		},
		{
			"__comment": "Voxels",
			"from": [ 5.4, 13.6, 1 ],
			"to": [ 5.8, 13.8, 1.2 ],
			"faces": {
				"down": { "uv": [ 6, 8.25, 6.5, 8.5 ], "texture": "#texture" },
				"up": { "uv": [ 6, 8.75, 6.5, 8.5 ], "texture": "#texture" },
				"north": { "uv": [ 16, 9.75, 15.5, 10 ], "texture": "#texture" },
				"south": { "uv": [ 15.5, 13.25, 16, 13.5 ], "texture": "#texture" },
				"west": { "uv": [ 8.5, 1, 8.75, 1.25 ], "texture": "#texture" },
				"east": { "uv": [ 9, 1.25, 8.75, 1.5 ], "texture": "#texture" }
			}
		},
		{
			"__comment": "Voxels",
			"from": [ 5.6, 10, 1 ],
			"to": [ 9, 10.2, 1.2 ],
			"faces": {
				"down": { "uv": [ 1.75, 8.25, 6, 8.5 ], "texture": "#texture" },
				"up": { "uv": [ 1.75, 8.75, 6, 8.5 ], "texture": "#texture" },
				"north": { "uv": [ 16, 9.5, 11.75, 9.75 ], "texture": "#texture" },
				"south": { "uv": [ 1.75, 8, 6, 8.25 ], "texture": "#texture" },
				"west": { "uv": [ 8.5, 1.25, 8.75, 1.5 ], "texture": "#texture" },
				"east": { "uv": [ 8.5, 1.25, 8.25, 1.5 ], "texture": "#texture" }
			}
		},
		{
			"__comment": "Voxels",
			"from": [ 5.6, 10.2, 1 ],
			"to": [ 8.8, 10.4, 1.2 ],
			"faces": {
				"down": { "uv": [ 1.75, 7, 5.75, 7.25 ], "texture": "#texture" },
				"up": { "uv": [ 1.75, 8, 5.75, 7.75 ], "texture": "#texture" },
				"north": { "uv": [ 5.75, 7.5, 1.75, 7.75 ], "texture": "#texture" },
				"south": { "uv": [ 1.75, 7.25, 5.75, 7.5 ], "texture": "#texture" },
				"west": { "uv": [ 9, 1.5, 9.25, 1.75 ], "texture": "#texture" },
				"east": { "uv": [ 9, 1.5, 8.75, 1.75 ], "texture": "#texture" }
			}
		},
		{
			"__comment": "Voxels",
			"from": [ 5.6, 10.4, 1 ],
			"to": [ 8.6, 10.8, 1.2 ],
			"faces": {
				"down": { "uv": [ 1.75, 5.75, 5.5, 6 ], "texture": "#texture" },
				"up": { "uv": [ 1.75, 6.5, 5.5, 6.25 ], "texture": "#texture" },
				"north": { "uv": [ 14.25, 15.5, 10.5, 16 ], "texture": "#texture" },
				"south": { "uv": [ 3.5, 15, 7.25, 15.5 ], "texture": "#texture" },
				"west": { "uv": [ 8.5, 3, 8.75, 3.5 ], "texture": "#texture" },
				"east": { "uv": [ 8.5, 3.5, 8.25, 4 ], "texture": "#texture" }
			}
		},
		{
			"__comment": "Voxels",
			"from": [ 5.6, 13.8, 1 ],
			"to": [ 5.8, 14, 1.2 ],
			"faces": {
				"down": { "uv": [ 8.25, 1.5, 8.5, 1.75 ], "texture": "#texture" },
				"up": { "uv": [ 8.5, 2, 8.75, 1.75 ], "texture": "#texture" },
				"north": { "uv": [ 8.5, 1.75, 8.25, 2 ], "texture": "#texture" },
				"south": { "uv": [ 9, 2, 9.25, 2.25 ], "texture": "#texture" },
				"west": { "uv": [ 8.75, 2, 9, 2.25 ], "texture": "#texture" },
				"east": { "uv": [ 9.25, 2.25, 9, 2.5 ], "texture": "#texture" }
			}
		},
		{
			"__comment": "Voxels",
			"from": [ 5.8, 9.599999, 1 ],
			"to": [ 7, 9.999999, 1.2 ],
			"faces": {
				"down": { "uv": [ 6.5, 5.25, 8, 5.5 ], "texture": "#texture" },
				"up": { "uv": [ 6.5, 4.75, 8, 4.5 ], "texture": "#texture" },
				"north": { "uv": [ 1.5, 3.25, 0, 3.75 ], "texture": "#texture" },
				"south": { "uv": [ 0, 5, 1.5, 5.5 ], "texture": "#texture" },
				"west": { "uv": [ 1.5, 3.75, 1.75, 4.25 ], "texture": "#texture" },
				"east": { "uv": [ 1.75, 5, 1.5, 5.5 ], "texture": "#texture" }
			}
		},
		{
			"__comment": "Voxels",
			"from": [ 6, 9.4, 1 ],
			"to": [ 7.2, 9.599999, 1.2 ],
			"faces": {
				"down": { "uv": [ 8, 8.5, 9.5, 8.75 ], "texture": "#texture" },
				"up": { "uv": [ 9.5, 8.75, 11, 8.5 ], "texture": "#texture" },
				"north": { "uv": [ 12.5, 8.5, 11, 8.75 ], "texture": "#texture" },
				"south": { "uv": [ 12.5, 8.5, 14, 8.75 ], "texture": "#texture" },
				"west": { "uv": [ 8.75, 2.25, 9, 2.5 ], "texture": "#texture" },
				"east": { "uv": [ 9.25, 2.5, 9, 2.75 ], "texture": "#texture" }
			}
		},
		{
			"__comment": "Voxels",
			"from": [ 6, 13.4, 1 ],
			"to": [ 7.2, 14, 1.2 ],
			"faces": {
				"down": { "uv": [ 8, 8.25, 9.5, 8.5 ], "texture": "#texture" },
				"up": { "uv": [ 9.5, 8.5, 11, 8.25 ], "texture": "#texture" },
				"north": { "uv": [ 1.5, 8.75, 0, 9.5 ], "texture": "#texture" },
				"south": { "uv": [ 0, 9.5, 1.5, 10.25 ], "texture": "#texture" },
				"west": { "uv": [ 1.5, 9.5, 1.75, 10.25 ], "texture": "#texture" },
				"east": { "uv": [ 7.25, 14.25, 7, 15 ], "texture": "#texture" }
			}
		},
		{
			"__comment": "Voxels",
			"from": [ 6.2, 9.2, 1 ],
			"to": [ 7.4, 9.4, 1.2 ],
			"faces": {
				"down": { "uv": [ 8, 8, 9.5, 8.25 ], "texture": "#texture" },
				"up": { "uv": [ 9.5, 8.25, 11, 8 ], "texture": "#texture" },
				"north": { "uv": [ 12.5, 8, 11, 8.25 ], "texture": "#texture" },
				"south": { "uv": [ 12.5, 8, 14, 8.25 ], "texture": "#texture" },
				"west": { "uv": [ 8.75, 2.5, 9, 2.75 ], "texture": "#texture" },
				"east": { "uv": [ 9.25, 2.75, 9, 3 ], "texture": "#texture" }
			}
		},
		{
			"__comment": "Voxels",
			"from": [ 6.2, 14, 1 ],
			"to": [ 7.6, 14.4, 1.2 ],
			"faces": {
				"down": { "uv": [ 1.75, 0.25, 3.5, 0.5 ], "texture": "#texture" },
				"up": { "uv": [ 1.75, 0.25, 3.5, 0 ], "texture": "#texture" },
				"north": { "uv": [ 16, 15.5, 14.25, 16 ], "texture": "#texture" },
				"south": { "uv": [ 0, 7.25, 1.75, 7.75 ], "texture": "#texture" },
				"west": { "uv": [ 8.25, 3, 8.5, 3.5 ], "texture": "#texture" },
				"east": { "uv": [ 9.25, 3.5, 9, 4 ], "texture": "#texture" }
			}
		},
		{
			"__comment": "Voxels",
			"from": [ 6.4, 9, 1 ],
			"to": [ 7.4, 9.2, 1.2 ],
			"faces": {
				"down": { "uv": [ 14.75, 12.75, 16, 13 ], "texture": "#texture" },
				"up": { "uv": [ 5.25, 3, 6.5, 2.75 ], "texture": "#texture" },
				"north": { "uv": [ 6.5, 2.5, 5.25, 2.75 ], "texture": "#texture" },
				"south": { "uv": [ 5.25, 2.25, 6.5, 2.5 ], "texture": "#texture" },
				"west": { "uv": [ 8.75, 2.75, 9, 3 ], "texture": "#texture" },
				"east": { "uv": [ 9.25, 4.25, 9, 4.5 ], "texture": "#texture" }
			}
		},
		{
			"__comment": "Voxels",
			"from": [ 6.4, 14.4, 1 ],
			"to": [ 8.4, 14.6, 1.2 ],
			"faces": {
				"down": { "uv": [ 13.5, 10.75, 16, 11 ], "texture": "#texture" },
				"up": { "uv": [ 1.75, 5.5, 4.25, 5.25 ], "texture": "#texture" },
				"north": { "uv": [ 4.25, 5, 1.75, 5.25 ], "texture": "#texture" },
				"south": { "uv": [ 1.75, 4.75, 4.25, 5 ], "texture": "#texture" },
				"west": { "uv": [ 9, 4.5, 9.25, 4.75 ], "texture": "#texture" },
				"east": { "uv": [ 9.25, 4.75, 9, 5 ], "texture": "#texture" }
			}
		},
		{
			"__comment": "Voxels",
			"from": [ 6.6, 8.8, 1 ],
			"to": [ 7.4, 9, 1.2 ],
			"faces": {
				"down": { "uv": [ 5.5, 5.5, 6.5, 5.75 ], "texture": "#texture" },
				"up": { "uv": [ 5.25, 1.75, 6.25, 1.5 ], "texture": "#texture" },
				"north": { "uv": [ 6.25, 1.25, 5.25, 1.5 ], "texture": "#texture" },
				"south": { "uv": [ 5.5, 1, 6.5, 1.25 ], "texture": "#texture" },
				"west": { "uv": [ 9, 5, 9.25, 5.25 ], "texture": "#texture" },
				"east": { "uv": [ 16, 6.75, 15.75, 7 ], "texture": "#texture" }
			}
		},
		{
			"__comment": "Voxels",
			"from": [ 6.8, 8.599999, 1 ],
			"to": [ 7.6, 8.799999, 1.2 ],
			"faces": {
				"down": { "uv": [ 5.5, 0.75, 6.5, 1 ], "texture": "#texture" },
				"up": { "uv": [ 5.5, 0.75, 6.5, 0.5 ], "texture": "#texture" },
				"north": { "uv": [ 6.5, 0.25, 5.5, 0.5 ], "texture": "#texture" },
				"south": { "uv": [ 5.5, 0, 6.5, 0.25 ], "texture": "#texture" },
				"west": { "uv": [ 15.5, 6.75, 15.75, 7 ], "texture": "#texture" },
				"east": { "uv": [ 16, 8.75, 15.75, 9 ], "texture": "#texture" }
			}
		},
		{
			"__comment": "Voxels",
			"from": [ 6.8, 14.6, 1 ],
			"to": [ 8.599999, 14.8, 1.2 ],
			"faces": {
				"down": { "uv": [ 4.25, 4, 6.5, 4.25 ], "texture": "#texture" },
				"up": { "uv": [ 4.25, 4, 6.5, 3.75 ], "texture": "#texture" },
				"north": { "uv": [ 4, 3, 1.75, 3.25 ], "texture": "#texture" },
				"south": { "uv": [ 4.25, 5.25, 6.5, 5.5 ], "texture": "#texture" },
				"west": { "uv": [ 6.25, 1.25, 6.5, 1.5 ], "texture": "#texture" },
				"east": { "uv": [ 6.5, 3.5, 6.25, 3.75 ], "texture": "#texture" }
			}
		},
		{
			"__comment": "Voxels",
			"from": [ 7, 9.8, 1 ],
			"to": [ 9, 10, 1.2 ],
			"faces": {
				"down": { "uv": [ 1.75, 4.25, 4.25, 4.5 ], "texture": "#texture" },
				"up": { "uv": [ 1.75, 4.75, 4.25, 4.5 ], "texture": "#texture" },
				"north": { "uv": [ 4.25, 4, 1.75, 4.25 ], "texture": "#texture" },
				"south": { "uv": [ 1.75, 3.75, 4.25, 4 ], "texture": "#texture" },
				"west": { "uv": [ 15.75, 10, 16, 10.25 ], "texture": "#texture" },
				"east": { "uv": [ 16, 10.25, 15.75, 10.5 ], "texture": "#texture" }
			}
		},
		{
			"__comment": "Voxels",
			"from": [ 7.2, 8.4, 1 ],
			"to": [ 7.8, 8.599999, 1.2 ],
			"faces": {
				"down": { "uv": [ 1, 4.5, 1.75, 4.75 ], "texture": "#texture" },
				"up": { "uv": [ 1, 6.5, 1.75, 6.25 ], "texture": "#texture" },
				"north": { "uv": [ 1.75, 6.5, 1, 6.75 ], "texture": "#texture" },
				"south": { "uv": [ 15.25, 13, 16, 13.25 ], "texture": "#texture" },
				"west": { "uv": [ 12.25, 6, 12.5, 6.25 ], "texture": "#texture" },
				"east": { "uv": [ 11.75, 6, 11.5, 6.25 ], "texture": "#texture" }
			}
		},
		{
			"__comment": "Voxels",
			"from": [ 7.2, 13.8, 1 ],
			"to": [ 7.4, 14, 1.2 ],
			"faces": {
				"down": { "uv": [ 10.75, 6, 11, 6.25 ], "texture": "#texture" },
				"up": { "uv": [ 10.5, 6.25, 10.75, 6 ], "texture": "#texture" },
				"north": { "uv": [ 10.5, 6, 10.25, 6.25 ], "texture": "#texture" },
				"south": { "uv": [ 9.5, 0, 9.75, 0.25 ], "texture": "#texture" },
				"west": { "uv": [ 9.5, 0.25, 9.75, 0.5 ], "texture": "#texture" },
				"east": { "uv": [ 9.75, 0.5, 9.5, 0.75 ], "texture": "#texture" }
			}
		},
		{
			"__comment": "Voxels",
			"from": [ 7.4, 13.4, 1 ],
			"to": [ 10.4, 13.6, 1.2 ],
			"faces": {
				"down": { "uv": [ 1.75, 5.5, 5.5, 5.75 ], "texture": "#texture" },
				"up": { "uv": [ 1.75, 7, 5.5, 6.75 ], "texture": "#texture" },
				"north": { "uv": [ 5.5, 6, 1.75, 6.25 ], "texture": "#texture" },
				"south": { "uv": [ 1.75, 6.5, 5.5, 6.75 ], "texture": "#texture" },
				"west": { "uv": [ 9.5, 0.75, 9.75, 1 ], "texture": "#texture" },
				"east": { "uv": [ 9.75, 4, 9.5, 4.25 ], "texture": "#texture" }
			}
		},
		{
			"__comment": "Voxels",
			"from": [ 7.6, 8.2, 1 ],
			"to": [ 7.8, 8.4, 1.2 ],
			"faces": {
				"down": { "uv": [ 9.5, 4.75, 9.75, 5 ], "texture": "#texture" },
				"up": { "uv": [ 9.5, 5.25, 9.75, 5 ], "texture": "#texture" },
				"north": { "uv": [ 9.75, 5.25, 9.5, 5.5 ], "texture": "#texture" },
				"south": { "uv": [ 9.75, 6.25, 10, 6.5 ], "texture": "#texture" },
				"west": { "uv": [ 15.75, 6.25, 16, 6.5 ], "texture": "#texture" },
				"east": { "uv": [ 9.75, 5.5, 9.5, 5.75 ], "texture": "#texture" }
			}
		},
		{
			"__comment": "Voxels",
			"from": [ 7.6, 13.6, 1 ],
			"to": [ 10, 13.8, 1.2 ],
			"faces": {
				"down": { "uv": [ 12.5, 9.75, 15.5, 10 ], "texture": "#texture" },
				"up": { "uv": [ 12.75, 10.25, 15.75, 10 ], "texture": "#texture" },
				"north": { "uv": [ 15.75, 10.25, 12.75, 10.5 ], "texture": "#texture" },
				"south": { "uv": [ 12.75, 10.5, 15.75, 10.75 ], "texture": "#texture" },
				"west": { "uv": [ 9.5, 3.75, 9.75, 4 ], "texture": "#texture" },
				"east": { "uv": [ 13, 6, 12.75, 6.25 ], "texture": "#texture" }
			}
		},
		{
			"__comment": "Voxels",
			"from": [ 7.6, 14.2, 1 ],
			"to": [ 8, 14.4, 1.2 ],
			"faces": {
				"down": { "uv": [ 15.5, 8.5, 16, 8.75 ], "texture": "#texture" },
				"up": { "uv": [ 15.5, 8.5, 16, 8.25 ], "texture": "#texture" },
				"north": { "uv": [ 16, 8, 15.5, 8.25 ], "texture": "#texture" },
				"south": { "uv": [ 15.5, 7.75, 16, 8 ], "texture": "#texture" },
				"west": { "uv": [ 9.5, 1.75, 9.75, 2 ], "texture": "#texture" },
				"east": { "uv": [ 9.75, 1, 9.5, 1.25 ], "texture": "#texture" }
			}
		},
		{
			"__comment": "Voxels",
			"from": [ 7.8, 13.8, 1 ],
			"to": [ 9.599999, 14, 1.2 ],
			"faces": {
				"down": { "uv": [ 4, 3.25, 6.25, 3.5 ], "texture": "#texture" },
				"up": { "uv": [ 1.75, 3.75, 4, 3.5 ], "texture": "#texture" },
				"north": { "uv": [ 6.25, 3.5, 4, 3.75 ], "texture": "#texture" },
				"south": { "uv": [ 4.25, 4.5, 6.5, 4.75 ], "texture": "#texture" },
				"west": { "uv": [ 9.75, 6, 10, 6.25 ], "texture": "#texture" },
				"east": { "uv": [ 10.25, 6, 10, 6.25 ], "texture": "#texture" }
			}
		},
		{
			"__comment": "Voxels",
			"from": [ 8, 9.599999, 1 ],
			"to": [ 9.2, 9.799999, 1.2 ],
			"faces": {
				"down": { "uv": [ 11, 7.25, 12.5, 7.5 ], "texture": "#texture" },
				"up": { "uv": [ 8, 7.25, 9.5, 7 ], "texture": "#texture" },
				"north": { "uv": [ 11, 7, 9.5, 7.25 ], "texture": "#texture" },
				"south": { "uv": [ 11, 7, 12.5, 7.25 ], "texture": "#texture" },
				"west": { "uv": [ 11.75, 6, 12, 6.25 ], "texture": "#texture" },
				"east": { "uv": [ 12.25, 6, 12, 6.25 ], "texture": "#texture" }
			}
		},
		{
			"__comment": "Voxels",
			"from": [ 8, 14, 1 ],
			"to": [ 9.2, 14.2, 1.2 ],
			"faces": {
				"down": { "uv": [ 12.5, 8.25, 14, 8.5 ], "texture": "#texture" },
				"up": { "uv": [ 6.5, 7.25, 8, 7 ], "texture": "#texture" },
				"north": { "uv": [ 8, 0, 6.5, 0.25 ], "texture": "#texture" },
				"south": { "uv": [ 9.5, 7.25, 11, 7.5 ], "texture": "#texture" },
				"west": { "uv": [ 15.75, 13.5, 16, 13.75 ], "texture": "#texture" },
				"east": { "uv": [ 16, 10.5, 15.75, 10.75 ], "texture": "#texture" }
			}
		},
		{
			"__comment": "Voxels",
			"from": [ 8.2, 9.2, 1 ],
			"to": [ 9.599999, 9.4, 1.2 ],
			"faces": {
				"down": { "uv": [ 3.5, 0.5, 5.25, 0.75 ], "texture": "#texture" },
				"up": { "uv": [ 3.5, 1, 5.25, 0.75 ], "texture": "#texture" },
				"north": { "uv": [ 5.25, 1, 3.5, 1.25 ], "texture": "#texture" },
				"south": { "uv": [ 3.5, 2, 5.25, 2.25 ], "texture": "#texture" },
				"west": { "uv": [ 6.25, 3.25, 6.5, 3.5 ], "texture": "#texture" },
				"east": { "uv": [ 6.5, 1.5, 6.25, 1.75 ], "texture": "#texture" }
			}
		},
		{
			"__comment": "Voxels",
			"from": [ 8.2, 9.4, 1 ],
			"to": [ 9.4, 9.599999, 1.2 ],
			"faces": {
				"down": { "uv": [ 12.5, 7.75, 14, 8 ], "texture": "#texture" },
				"up": { "uv": [ 6.5, 0.5, 8, 0.25 ], "texture": "#texture" },
				"north": { "uv": [ 8, 0.5, 6.5, 0.75 ], "texture": "#texture" },
				"south": { "uv": [ 6.5, 1.75, 8, 2 ], "texture": "#texture" },
				"west": { "uv": [ 8, 0, 8.25, 0.25 ], "texture": "#texture" },
				"east": { "uv": [ 9.25, 5.25, 9, 5.5 ], "texture": "#texture" }
			}
		},
		{
			"__comment": "Voxels",
			"from": [ 8.4, 9, 1 ],
			"to": [ 9.599999, 9.2, 1.2 ],
			"faces": {
				"down": { "uv": [ 6.5, 2, 8, 2.25 ], "texture": "#texture" },
				"up": { "uv": [ 6.5, 3.5, 8, 3.25 ], "texture": "#texture" },
				"north": { "uv": [ 8, 3.5, 6.5, 3.75 ], "texture": "#texture" },
				"south": { "uv": [ 6.5, 4.75, 8, 5 ], "texture": "#texture" },
				"west": { "uv": [ 9, 4, 9.25, 4.25 ], "texture": "#texture" },
				"east": { "uv": [ 9, 3.25, 8.75, 3.5 ], "texture": "#texture" }
			}
		},
		{
			"__comment": "Voxels",
			"from": [ 8.4, 14.2, 1 ],
			"to": [ 8.599999, 14.4, 1.2 ],
			"faces": {
				"down": { "uv": [ 9, 3.25, 9.25, 3.5 ], "texture": "#texture" },
				"up": { "uv": [ 8.75, 3.25, 9, 3 ], "texture": "#texture" },
				"north": { "uv": [ 9.25, 3, 9, 3.25 ], "texture": "#texture" },
				"south": { "uv": [ 8.25, 2.75, 8.5, 3 ], "texture": "#texture" },
				"west": { "uv": [ 8.5, 2.75, 8.75, 3 ], "texture": "#texture" },
				"east": { "uv": [ 8.75, 1.5, 8.5, 1.75 ], "texture": "#texture" }
			}
		},
		{
			"__comment": "Voxels",
			"from": [ 8.599999, 8.8, 1 ],
			"to": [ 9.799999, 9, 1.2 ],
			"faces": {
				"down": { "uv": [ 6.5, 5, 8, 5.25 ], "texture": "#texture" },
				"up": { "uv": [ 8, 7.75, 9.5, 7.5 ], "texture": "#texture" },
				"north": { "uv": [ 8, 6.5, 6.5, 6.75 ], "texture": "#texture" },
				"south": { "uv": [ 6.5, 7.75, 8, 8 ], "texture": "#texture" },
				"west": { "uv": [ 8.25, 2.5, 8.5, 2.75 ], "texture": "#texture" },
				"east": { "uv": [ 8.75, 2.5, 8.5, 2.75 ], "texture": "#texture" }
			}
		},
		{
			"__comment": "Voxels",
			"from": [ 8.8, 8.4, 1 ],
			"to": [ 10.2, 8.599999, 1.2 ],
			"faces": {
				"down": { "uv": [ 1.75, 0.5, 3.5, 0.75 ], "texture": "#texture" },
				"up": { "uv": [ 1.75, 1, 3.5, 0.75 ], "texture": "#texture" },
				"north": { "uv": [ 3.5, 1, 1.75, 1.25 ], "texture": "#texture" },
				"south": { "uv": [ 1.75, 1.25, 3.5, 1.5 ], "texture": "#texture" },
				"west": { "uv": [ 8.25, 2.25, 8.5, 2.5 ], "texture": "#texture" },
				"east": { "uv": [ 8.75, 2.25, 8.5, 2.5 ], "texture": "#texture" }
			}
		},
		{
			"__comment": "Voxels",
			"from": [ 8.8, 8.599999, 1 ],
			"to": [ 10, 8.799999, 1.2 ],
			"faces": {
				"down": { "uv": [ 14, 8.5, 15.5, 8.75 ], "texture": "#texture" },
				"up": { "uv": [ 6.5, 8.75, 8, 8.5 ], "texture": "#texture" },
				"north": { "uv": [ 14.75, 8.75, 13.25, 9 ], "texture": "#texture" },
				"south": { "uv": [ 6.5, 5.5, 8, 5.75 ], "texture": "#texture" },
				"west": { "uv": [ 8.25, 2, 8.5, 2.25 ], "texture": "#texture" },
				"east": { "uv": [ 8.75, 2, 8.5, 2.25 ], "texture": "#texture" }
			}
		},
		{
			"__comment": "Voxels",
			"from": [ 9, 8.2, 1 ],
			"to": [ 10.2, 8.4, 1.2 ],
			"faces": {
				"down": { "uv": [ 6.5, 5.75, 8, 6 ], "texture": "#texture" },
				"up": { "uv": [ 12.5, 6.75, 14, 6.5 ], "texture": "#texture" },
				"north": { "uv": [ 12.5, 6.5, 11, 6.75 ], "texture": "#texture" },
				"south": { "uv": [ 9.5, 6.5, 11, 6.75 ], "texture": "#texture" },
				"west": { "uv": [ 8.75, 1.75, 9, 2 ], "texture": "#texture" },
				"east": { "uv": [ 9.25, 1.75, 9, 2 ], "texture": "#texture" }
			}
		},
		{
			"__comment": "Voxels",
			"from": [ 9.2, 7.8, 1 ],
			"to": [ 10.4, 8.2, 1.2 ],
			"faces": {
				"down": { "uv": [ 8, 6.5, 9.5, 6.75 ], "texture": "#texture" },
				"up": { "uv": [ 8, 7, 9.5, 6.75 ], "texture": "#texture" },
				"north": { "uv": [ 1.5, 5.5, 0, 6 ], "texture": "#texture" },
				"south": { "uv": [ 0, 3.75, 1.5, 4.25 ], "texture": "#texture" },
				"west": { "uv": [ 8.5, 3.5, 8.75, 4 ], "texture": "#texture" },
				"east": { "uv": [ 9, 3.5, 8.75, 4 ], "texture": "#texture" }
			}
		},
		{
			"__comment": "Voxels",
			"from": [ 9.2, 12.8, 1 ],
			"to": [ 11, 13, 1.2 ],
			"faces": {
				"down": { "uv": [ 4.25, 4.25, 6.5, 4.5 ], "texture": "#texture" },
				"up": { "uv": [ 4.25, 5.25, 6.5, 5 ], "texture": "#texture" },
				"north": { "uv": [ 6.5, 4.75, 4.25, 5 ], "texture": "#texture" },
				"south": { "uv": [ 1.75, 3.25, 4, 3.5 ], "texture": "#texture" },
				"west": { "uv": [ 9, 1.25, 9.25, 1.5 ], "texture": "#texture" },
				"east": { "uv": [ 8.5, 1, 8.25, 1.25 ], "texture": "#texture" }
			}
		},
		{
			"__comment": "Voxels",
			"from": [ 9.4, 7.4, 1 ],
			"to": [ 10.8, 7.599999, 1.2 ],
			"faces": {
				"down": { "uv": [ 1.75, 1.5, 3.5, 1.75 ], "texture": "#texture" },
				"up": { "uv": [ 1.75, 2, 3.5, 1.75 ], "texture": "#texture" },
				"north": { "uv": [ 3.5, 2, 1.75, 2.25 ], "texture": "#texture" },
				"south": { "uv": [ 1.75, 2.25, 3.5, 2.5 ], "texture": "#texture" },
				"west": { "uv": [ 8.75, 1, 9, 1.25 ], "texture": "#texture" },
				"east": { "uv": [ 9.25, 1, 9, 1.25 ], "texture": "#texture" }
			}
		},
		{
			"__comment": "Voxels",
			"from": [ 9.4, 7.6, 1 ],
			"to": [ 10.6, 7.8, 1.2 ],
			"faces": {
				"down": { "uv": [ 14, 8, 15.5, 8.25 ], "texture": "#texture" },
				"up": { "uv": [ 6.5, 8.25, 8, 8 ], "texture": "#texture" },
				"north": { "uv": [ 15.5, 8.25, 14, 8.5 ], "texture": "#texture" },
				"south": { "uv": [ 6.5, 8.25, 8, 8.5 ], "texture": "#texture" },
				"west": { "uv": [ 8.75, 0.75, 9, 1 ], "texture": "#texture" },
				"east": { "uv": [ 9.25, 0.75, 9, 1 ], "texture": "#texture" }
			}
		},
		{
			"__comment": "Voxels",
			"from": [ 9.4, 12, 1 ],
			"to": [ 9.599999, 12.2, 1.2 ],
			"faces": {
				"down": { "uv": [ 8.25, 0.5, 8.5, 0.75 ], "texture": "#texture" },
				"up": { "uv": [ 8.25, 0.5, 8.5, 0.25 ], "texture": "#texture" },
				"north": { "uv": [ 8.5, 0, 8.25, 0.25 ], "texture": "#texture" },
				"south": { "uv": [ 8.5, 0.5, 8.75, 0.75 ], "texture": "#texture" },
				"west": { "uv": [ 8.75, 0.5, 9, 0.75 ], "texture": "#texture" },
				"east": { "uv": [ 9.25, 0.5, 9, 0.75 ], "texture": "#texture" }
			}
		},
		{
			"__comment": "Voxels",
			"from": [ 9.599999, 7, 1 ],
			"to": [ 11, 7.2, 1.2 ],
			"faces": {
				"down": { "uv": [ 1.75, 2.5, 3.5, 2.75 ], "texture": "#texture" },
				"up": { "uv": [ 1.75, 3, 3.5, 2.75 ], "texture": "#texture" },
				"north": { "uv": [ 5.75, 3, 4, 3.25 ], "texture": "#texture" },
				"south": { "uv": [ 14.25, 11, 16, 11.25 ], "texture": "#texture" },
				"west": { "uv": [ 8.5, 0, 8.75, 0.25 ], "texture": "#texture" },
				"east": { "uv": [ 12.75, 6, 12.5, 6.25 ], "texture": "#texture" }
			}
		},
		{
			"__comment": "Voxels",
			"from": [ 9.599999, 7.2, 1 ],
			"to": [ 10.8, 7.4, 1.2 ],
			"faces": {
				"down": { "uv": [ 6.5, 7.5, 8, 7.75 ], "texture": "#texture" },
				"up": { "uv": [ 6.5, 7.5, 8, 7.25 ], "texture": "#texture" },
				"north": { "uv": [ 9.5, 7.75, 8, 8 ], "texture": "#texture" },
				"south": { "uv": [ 9.5, 7.75, 11, 8 ], "texture": "#texture" },
				"west": { "uv": [ 9.5, 3, 9.75, 3.25 ], "texture": "#texture" },
				"east": { "uv": [ 9.5, 2.5, 9.25, 2.75 ], "texture": "#texture" }
			}
		},
		{
			"__comment": "Voxels",
			"from": [ 9.599999, 11.6, 1 ],
			"to": [ 9.999999, 11.8, 1.2 ],
			"faces": {
				"down": { "uv": [ 15.5, 7.5, 16, 7.75 ], "texture": "#texture" },
				"up": { "uv": [ 6, 8.25, 6.5, 8 ], "texture": "#texture" },
				"north": { "uv": [ 16, 7.25, 15.5, 7.5 ], "texture": "#texture" },
				"south": { "uv": [ 15.5, 7, 16, 7.25 ], "texture": "#texture" },
				"west": { "uv": [ 9.25, 2.75, 9.5, 3 ], "texture": "#texture" },
				"east": { "uv": [ 9.5, 4, 9.25, 4.25 ], "texture": "#texture" }
			}
		},
		{
			"__comment": "Voxels",
			"from": [ 9.8, 6.6, 1 ],
			"to": [ 11.2, 6.8, 1.2 ],
			"faces": {
				"down": { "uv": [ 14.25, 11.5, 16, 11.75 ], "texture": "#texture" },
				"up": { "uv": [ 14.25, 12, 16, 11.75 ], "texture": "#texture" },
				"north": { "uv": [ 16, 12, 14.25, 12.25 ], "texture": "#texture" },
				"south": { "uv": [ 14.25, 12.25, 16, 12.5 ], "texture": "#texture" },
				"west": { "uv": [ 9.5, 2, 9.75, 2.25 ], "texture": "#texture" },
				"east": { "uv": [ 9.75, 2.25, 9.5, 2.5 ], "texture": "#texture" }
			}
		},
		{
			"__comment": "Voxels",
			"from": [ 9.8, 6.8, 1 ],
			"to": [ 11, 7, 1.2 ],
			"faces": {
				"down": { "uv": [ 11, 7.75, 12.5, 8 ], "texture": "#texture" },
				"up": { "uv": [ 6.5, 1.75, 8, 1.5 ], "texture": "#texture" },
				"north": { "uv": [ 15.5, 7.75, 14, 8 ], "texture": "#texture" },
				"south": { "uv": [ 9.5, 7.5, 11, 7.75 ], "texture": "#texture" },
				"west": { "uv": [ 9.25, 4.5, 9.5, 4.75 ], "texture": "#texture" },
				"east": { "uv": [ 9.5, 6.25, 9.25, 6.5 ], "texture": "#texture" }
			}
		},
		{
			"__comment": "Voxels",
			"from": [ 10, 6.2, 1 ],
			"to": [ 11.4, 6.4, 1.2 ],
			"faces": {
				"down": { "uv": [ 14.25, 12.5, 16, 12.75 ], "texture": "#texture" },
				"up": { "uv": [ 0, 0.25, 1.75, 0 ], "texture": "#texture" },
				"north": { "uv": [ 1.75, 0.25, 0, 0.5 ], "texture": "#texture" },
				"south": { "uv": [ 0, 0.5, 1.75, 0.75 ], "texture": "#texture" },
				"west": { "uv": [ 15.5, 6.25, 15.75, 6.5 ], "texture": "#texture" },
				"east": { "uv": [ 9.75, 6, 9.5, 6.25 ], "texture": "#texture" }
			}
		},
		{
			"__comment": "Voxels",
			"from": [ 10, 6.4, 1 ],
			"to": [ 11.2, 6.599999, 1.2 ],
			"faces": {
				"down": { "uv": [ 11, 7.5, 12.5, 7.75 ], "texture": "#texture" },
				"up": { "uv": [ 12.5, 7.75, 14, 7.5 ], "texture": "#texture" },
				"north": { "uv": [ 15.5, 7.5, 14, 7.75 ], "texture": "#texture" },
				"south": { "uv": [ 8, 7.25, 9.5, 7.5 ], "texture": "#texture" },
				"west": { "uv": [ 9.5, 3.25, 9.75, 3.5 ], "texture": "#texture" },
				"east": { "uv": [ 9.75, 2.5, 9.5, 2.75 ], "texture": "#texture" }
			}
		},
		{
			"__comment": "Voxels",
			"from": [ 10.2, 5.8, 1 ],
			"to": [ 11.6, 6, 1.2 ],
			"faces": {
				"down": { "uv": [ 14, 13.5, 15.75, 13.75 ], "texture": "#texture" },
				"up": { "uv": [ 14.25, 14, 16, 13.75 ], "texture": "#texture" },
				"north": { "uv": [ 11.75, 8.75, 10, 9 ], "texture": "#texture" },
				"south": { "uv": [ 8.25, 8.75, 10, 9 ], "texture": "#texture" },
				"west": { "uv": [ 8.75, 0, 9, 0.25 ], "texture": "#texture" },
				"east": { "uv": [ 9.25, 0, 9, 0.25 ], "texture": "#texture" }
			}
		},
		{
			"__comment": "Voxels",
			"from": [ 10.2, 6, 1 ],
			"to": [ 11.4, 6.2, 1.2 ],
			"faces": {
				"down": { "uv": [ 12.5, 7, 14, 7.25 ], "texture": "#texture" },
				"up": { "uv": [ 14, 7.25, 15.5, 7 ], "texture": "#texture" },
				"north": { "uv": [ 16, 14, 14.5, 14.25 ], "texture": "#texture" },
				"south": { "uv": [ 11.75, 8.75, 13.25, 9 ], "texture": "#texture" },
				"west": { "uv": [ 9.25, 5.25, 9.5, 5.5 ], "texture": "#texture" },
				"east": { "uv": [ 9.5, 5, 9.25, 5.25 ], "texture": "#texture" }
			}
		},
		{
			"__comment": "Voxels",
			"from": [ 10.2, 12.6, 1 ],
			"to": [ 10.8, 12.8, 1.2 ],
			"faces": {
				"down": { "uv": [ 8.25, 4.25, 9, 4.5 ], "texture": "#texture" },
				"up": { "uv": [ 8.25, 4.75, 9, 4.5 ], "texture": "#texture" },
				"north": { "uv": [ 9, 4.75, 8.25, 5 ], "texture": "#texture" },
				"south": { "uv": [ 8.25, 5, 9, 5.25 ], "texture": "#texture" },
				"west": { "uv": [ 9.25, 3.75, 9.5, 4 ], "texture": "#texture" },
				"east": { "uv": [ 9.5, 3.5, 9.25, 3.75 ], "texture": "#texture" }
			}
		},
		{
			"__comment": "Voxels",
			"from": [ 10.4, 5.4, 1 ],
			"to": [ 11.8, 5.6, 1.2 ],
			"faces": {
				"down": { "uv": [ 11.75, 9, 13.5, 9.25 ], "texture": "#texture" },
				"up": { "uv": [ 10, 9.25, 11.75, 9 ], "texture": "#texture" },
				"north": { "uv": [ 15.25, 9.25, 13.5, 9.5 ], "texture": "#texture" },
				"south": { "uv": [ 11.75, 9.25, 13.5, 9.5 ], "texture": "#texture" },
				"west": { "uv": [ 9.25, 2.25, 9.5, 2.5 ], "texture": "#texture" },
				"east": { "uv": [ 9.5, 2, 9.25, 2.25 ], "texture": "#texture" }
			}
		},
		{
			"__comment": "Voxels",
			"from": [ 10.4, 5.6, 1 ],
			"to": [ 11.6, 5.8, 1.2 ],
			"faces": {
				"down": { "uv": [ 6.5, 4, 8, 4.25 ], "texture": "#texture" },
				"up": { "uv": [ 6.5, 4, 8, 3.75 ], "texture": "#texture" },
				"north": { "uv": [ 8, 3, 6.5, 3.25 ], "texture": "#texture" },
				"south": { "uv": [ 6.5, 2.75, 8, 3 ], "texture": "#texture" },
				"west": { "uv": [ 9.25, 0.75, 9.5, 1 ], "texture": "#texture" },
				"east": { "uv": [ 9.5, 0.5, 9.25, 0.75 ], "texture": "#texture" }
			}
		},
		{
			"__comment": "Voxels",
			"from": [ 10.6, 4.8, 1 ],
			"to": [ 12, 5, 1.2 ],
			"faces": {
				"down": { "uv": [ 6.5, 9.25, 8.25, 9.5 ], "texture": "#texture" },
				"up": { "uv": [ 3.5, 0.25, 5.25, 0 ], "texture": "#texture" },
				"north": { "uv": [ 5.25, 0.25, 3.5, 0.5 ], "texture": "#texture" },
				"south": { "uv": [ 14.25, 11.25, 16, 11.5 ], "texture": "#texture" },
				"west": { "uv": [ 10, 6.25, 10.25, 6.5 ], "texture": "#texture" },
				"east": { "uv": [ 10.5, 6.25, 10.25, 6.5 ], "texture": "#texture" }
			}
		},
		{
			"__comment": "Voxels",
			"from": [ 10.6, 5, 1 ],
			"to": [ 11.8, 5.4, 1.2 ],
			"faces": {
				"down": { "uv": [ 6.5, 2.5, 8, 2.75 ], "texture": "#texture" },
				"up": { "uv": [ 6.5, 2.5, 8, 2.25 ], "texture": "#texture" },
				"north": { "uv": [ 1.5, 1.75, 0, 2.25 ], "texture": "#texture" },
				"south": { "uv": [ 0, 6.75, 1.5, 7.25 ], "texture": "#texture" },
				"west": { "uv": [ 1.5, 3.25, 1.75, 3.75 ], "texture": "#texture" },
				"east": { "uv": [ 1.75, 2.75, 1.5, 3.25 ], "texture": "#texture" }
			}
		},
		{
			"__comment": "Voxels",
			"from": [ 10.8, 4.4, 1 ],
			"to": [ 12.2, 4.6, 1.2 ],
			"faces": {
				"down": { "uv": [ 3.5, 1.25, 5.25, 1.5 ], "texture": "#texture" },
				"up": { "uv": [ 3.5, 1.75, 5.25, 1.5 ], "texture": "#texture" },
				"north": { "uv": [ 5.25, 1.75, 3.5, 2 ], "texture": "#texture" },
				"south": { "uv": [ 3.5, 2.25, 5.25, 2.5 ], "texture": "#texture" },
				"west": { "uv": [ 13, 6.25, 13.25, 6.5 ], "texture": "#texture" },
				"east": { "uv": [ 13.5, 6.25, 13.25, 6.5 ], "texture": "#texture" }
			}
		},
		{
			"__comment": "Voxels",
			"from": [ 10.8, 4.6, 1 ],
			"to": [ 12, 4.8, 1.2 ],
			"faces": {
				"down": { "uv": [ 6.5, 4.25, 8, 4.5 ], "texture": "#texture" },
				"up": { "uv": [ 6.5, 1.5, 8, 1.25 ], "texture": "#texture" },
				"north": { "uv": [ 8, 1, 6.5, 1.25 ], "texture": "#texture" },
				"south": { "uv": [ 6.5, 0.75, 8, 1 ], "texture": "#texture" },
				"west": { "uv": [ 14.5, 6.25, 14.75, 6.5 ], "texture": "#texture" },
				"east": { "uv": [ 15, 6.25, 14.75, 6.5 ], "texture": "#texture" }
			}
		},
		{
			"__comment": "Voxels",
			"from": [ 11, 3.6, 1 ],
			"to": [ 12.4, 4, 1.2 ],
			"faces": {
				"down": { "uv": [ 3.5, 2.5, 5.25, 2.75 ], "texture": "#texture" },
				"up": { "uv": [ 3.5, 3, 5.25, 2.75 ], "texture": "#texture" },
				"north": { "uv": [ 1.75, 7.75, 0, 8.25 ], "texture": "#texture" },
				"south": { "uv": [ 0, 8.25, 1.75, 8.75 ], "texture": "#texture" },
				"west": { "uv": [ 8, 1.75, 8.25, 2.25 ], "texture": "#texture" },
				"east": { "uv": [ 8.25, 1.25, 8, 1.75 ], "texture": "#texture" }
			}
		},
		{
			"__comment": "Voxels",
			"from": [ 11, 4, 1 ],
			"to": [ 12.2, 4.4, 1.2 ],
			"faces": {
				"down": { "uv": [ 12.5, 7.25, 14, 7.5 ], "texture": "#texture" },
				"up": { "uv": [ 14, 7.5, 15.5, 7.25 ], "texture": "#texture" },
				"north": { "uv": [ 1.5, 2.75, 0, 3.25 ], "texture": "#texture" },
				"south": { "uv": [ 0, 2.25, 1.5, 2.75 ], "texture": "#texture" },
				"west": { "uv": [ 8, 0.75, 8.25, 1.25 ], "texture": "#texture" },
				"east": { "uv": [ 8.25, 0.25, 8, 0.75 ], "texture": "#texture" }
			}
		},
		{
			"__comment": "Voxels",
			"from": [ 11.2, 2.8, 1 ],
			"to": [ 12.6, 3.4, 1.2 ],
			"faces": {
				"down": { "uv": [ 8.25, 9.25, 10, 9.5 ], "texture": "#texture" },
				"up": { "uv": [ 10, 9.5, 11.75, 9.25 ], "texture": "#texture" },
				"north": { "uv": [ 7, 14.25, 5.25, 15 ], "texture": "#texture" },
				"south": { "uv": [ 3.5, 14.25, 5.25, 15 ], "texture": "#texture" },
				"west": { "uv": [ 8, 3.75, 8.25, 4.5 ], "texture": "#texture" },
				"east": { "uv": [ 1.75, 8.75, 1.5, 9.5 ], "texture": "#texture" }
			}
		},
		{
			"__comment": "Voxels",
			"from": [ 11.2, 3.4, 1 ],
			"to": [ 12.4, 3.6, 1.2 ],
			"faces": {
				"down": { "uv": [ 9.5, 6.75, 11, 7 ], "texture": "#texture" },
				"up": { "uv": [ 11, 7, 12.5, 6.75 ], "texture": "#texture" },
				"north": { "uv": [ 14, 6.75, 12.5, 7 ], "texture": "#texture" },
				"south": { "uv": [ 14, 6.75, 15.5, 7 ], "texture": "#texture" },
				"west": { "uv": [ 9.5, 1.5, 9.75, 1.75 ], "texture": "#texture" },
				"east": { "uv": [ 9.75, 1.25, 9.5, 1.5 ], "texture": "#texture" }
			}
		},
		{
			"__comment": "Voxels",
			"from": [ 11.4, 1.8, 1 ],
			"to": [ 12.8, 2.6, 1.2 ],
			"faces": {
				"down": { "uv": [ 6.5, 9, 8.25, 9.25 ], "texture": "#texture" },
				"up": { "uv": [ 8.25, 9.25, 10, 9 ], "texture": "#texture" },
				"north": { "uv": [ 1.75, 11.5, 0, 12.5 ], "texture": "#texture" },
				"south": { "uv": [ 0, 12.5, 1.75, 13.5 ], "texture": "#texture" },
				"west": { "uv": [ 8, 5.5, 8.25, 6.5 ], "texture": "#texture" },
				"east": { "uv": [ 8.25, 4.5, 8, 5.5 ], "texture": "#texture" }
			}
		},
		{
			"__comment": "Voxels",
			"from": [ 11.4, 2.6, 1 ],
			"to": [ 12.6, 2.8, 1.2 ],
			"faces": {
				"down": { "uv": [ 11, 8.25, 12.5, 8.5 ], "texture": "#texture" },
				"up": { "uv": [ 6.5, 7, 8, 6.75 ], "texture": "#texture" },
				"north": { "uv": [ 8, 6.25, 6.5, 6.5 ], "texture": "#texture" },
				"south": { "uv": [ 6.5, 6, 8, 6.25 ], "texture": "#texture" },
				"west": { "uv": [ 11, 6, 11.25, 6.25 ], "texture": "#texture" },
				"east": { "uv": [ 11.5, 6, 11.25, 6.25 ], "texture": "#texture" }
			}
		},
		{
			"__comment": "Voxels",
			"from": [ 11.6, 0.8, 1 ],
			"to": [ 13, 1.8, 1.2 ],
			"faces": {
				"down": { "uv": [ 13.5, 9, 15.25, 9.25 ], "texture": "#texture" },
				"up": { "uv": [ 6.5, 9, 8.25, 8.75 ], "texture": "#texture" },
				"north": { "uv": [ 3.5, 14.25, 1.75, 15.5 ], "texture": "#texture" },
				"south": { "uv": [ 0, 14.25, 1.75, 15.5 ], "texture": "#texture" },
				"west": { "uv": [ 5.25, 0, 5.5, 1.25 ], "texture": "#texture" },
				"east": { "uv": [ 16, 14.25, 15.75, 15.5 ], "texture": "#texture" }
			}
		}
	],
	"display": {
		"head": {
			"rotation":  [ 0, 90, 0 ],
			"translation":  [ 27.826, 0, 4.8695 ],
			"scale":  [ 4, 4, 4 ]
		}
	}
}