{
	"__comment": "Designed by MagicWorksMC with Cubik Studio - https://cubik.studio",
	"textures": {
		"particle": "item/signtextures/rrcparking",
		"texture1": "item/signtextures/rrcpark",
		"texture": "item/signtextures/rrcparking"
	},
	"elements": [ 	 
		{
			"__comment": "Box1",
			"from": [ 0.8, 5.44, 7.84 ],
			"to": [ 16.64, 12.16, 7.841 ],
			"faces": {
				"down": { "uv": [ 1, 6.999, 14, 7 ], "texture": "#texture1" },
				"up": { "uv": [ 1, 9, 14, 9.000999 ], "texture": "#texture1" },
				"north": { "uv": [ 3.5, 6, 13, 9 ], "texture": "#texture1" },
				"south": { "uv": [ 1, 1, 15.5, 7 ], "texture": "#texture1" },
				"west": { "uv": [ 9, 4, 9.001, 9.5 ], "texture": "#texture1" },
				"east": { "uv": [ 6.999, 4, 7, 9.5 ], "texture": "#texture1" }
			}
		},
		{
			"__comment": "Voxels",
			"from": [ -0.5, 11.25, 7.25 ],
			"to": [ 17.75, 12.5, 7.75 ],
			"faces": {
				"down": { "uv": [ 0, 10, 9.125, 10.25 ], "texture": "#texture" },
				"up": { "uv": [ 0, 10.5, 9.125, 10.25 ], "texture": "#texture" },
				"north": { "uv": [ 9.125, 11.125, 0, 11.75 ], "texture": "#texture" },
				"south": { "uv": [ 0, 10.5, 9.125, 11.125 ], "texture": "#texture" },
				"west": { "uv": [ 13.5, 13.75, 13.75, 14.375 ], "texture": "#texture" },
				"east": { "uv": [ 14, 13.75, 13.75, 14.375 ], "texture": "#texture" }
			}
		},
		{
			"__comment": "Voxels",
			"from": [ -0.25, 9, 7.25 ],
			"to": [ 17.5, 11.25, 7.75 ],
			"faces": {
				"down": { "uv": [ 0, 9.75, 8.875, 10 ], "texture": "#texture" },
				"up": { "uv": [ 0, 9.75, 8.875, 9.5 ], "texture": "#texture" },
				"north": { "uv": [ 8.875, 14.875, 0, 16 ], "texture": "#texture" },
				"south": { "uv": [ 0, 13.75, 8.875, 14.875 ], "texture": "#texture" },
				"west": { "uv": [ 15, 14.875, 15.25, 16 ], "texture": "#texture" },
				"east": { "uv": [ 15.5, 14.875, 15.25, 16 ], "texture": "#texture" }
			}
		},
		{
			"__comment": "Voxels",
			"from": [ 0, 7, 7.25 ],
			"to": [ 17, 9, 7.75 ],
			"faces": {
				"down": { "uv": [ 0, 9.25, 8.5, 9.5 ], "texture": "#texture" },
				"up": { "uv": [ 0, 9.25, 8.5, 9 ], "texture": "#texture" },
				"north": { "uv": [ 8.5, 12.75, 0, 13.75 ], "texture": "#texture" },
				"south": { "uv": [ 0, 11.75, 8.5, 12.75 ], "texture": "#texture" },
				"west": { "uv": [ 15.5, 15, 15.75, 16 ], "texture": "#texture" },
				"east": { "uv": [ 16, 15, 15.75, 16 ], "texture": "#texture" }
			}
		},
		{
			"__comment": "Voxels",
			"from": [ 0.25, 5.75, 7.25 ],
			"to": [ 4.5, 7, 7.75 ],
			"faces": {
				"down": { "uv": [ 12.875, 15.125, 15, 15.375 ], "texture": "#texture" },
				"up": { "uv": [ 12.875, 15.125, 15, 14.875 ], "texture": "#texture" },
				"north": { "uv": [ 15, 15.375, 12.875, 16 ], "texture": "#texture" },
				"south": { "uv": [ 8.875, 14.25, 11, 14.875 ], "texture": "#texture" },
				"west": { "uv": [ 14, 13.75, 14.25, 14.375 ], "texture": "#texture" },
				"east": { "uv": [ 13.5, 13.75, 13.25, 14.375 ], "texture": "#texture" }
			}
		},
		{
			"__comment": "Voxels",
			"from": [ 4.5, 6, 7.25 ],
			"to": [ 12.5, 7, 7.75 ],
			"faces": {
				"down": { "uv": [ 11, 14.625, 15, 14.875 ], "texture": "#texture" },
				"up": { "uv": [ 11, 14.625, 15, 14.375 ], "texture": "#texture" },
				"north": { "uv": [ 12.875, 15, 8.875, 15.5 ], "texture": "#texture" },
				"south": { "uv": [ 8.875, 15.5, 12.875, 16 ], "texture": "#texture" },
				"west": { "uv": [ 8.875, 13.75, 9.125, 14.25 ], "texture": "#texture" },
				"east": { "uv": [ 9.375, 13.75, 9.125, 14.25 ], "texture": "#texture" }
			}
		},
		{
			"__comment": "Voxels",
			"from": [ 12.5, 6.25, 7.25 ],
			"to": [ 17, 7, 7.75 ],
			"faces": {
				"down": { "uv": [ 8.5, 13.125, 10.75, 13.375 ], "texture": "#texture" },
				"up": { "uv": [ 11, 14, 13.25, 13.75 ], "texture": "#texture" },
				"north": { "uv": [ 13.25, 14, 11, 14.375 ], "texture": "#texture" },
				"south": { "uv": [ 8.5, 13.375, 10.75, 13.75 ], "texture": "#texture" },
				"west": { "uv": [ 9.875, 13.875, 10.125, 14.25 ], "texture": "#texture" },
				"east": { "uv": [ 10.375, 13.875, 10.125, 14.25 ], "texture": "#texture" }
			}
		},
		{
			"__comment": "Voxels",
			"from": [ 17, 7.25, 7.25 ],
			"to": [ 17.25, 9, 7.75 ],
			"faces": {
				"down": { "uv": [ 14.5, 13.75, 14.625, 14 ], "texture": "#texture" },
				"up": { "uv": [ 14.625, 14.375, 14.75, 14.125 ], "texture": "#texture" },
				"north": { "uv": [ 15.625, 14, 15.5, 14.875 ], "texture": "#texture" },
				"south": { "uv": [ 15.625, 14, 15.75, 14.875 ], "texture": "#texture" },
				"west": { "uv": [ 15, 14, 15.25, 14.875 ], "texture": "#texture" },
				"east": { "uv": [ 15.5, 14, 15.25, 14.875 ], "texture": "#texture" }
			}
		},
		{
			"__comment": "Voxels",
			"from": [ 17.25, 8.75, 7.25 ],
			"to": [ 17.5, 9, 7.75 ],
			"faces": {
				"down": { "uv": [ 14.75, 14.125, 14.875, 14.375 ], "texture": "#texture" },
				"up": { "uv": [ 14.875, 14.375, 15, 14.125 ], "texture": "#texture" },
				"north": { "uv": [ 9.5, 14.875, 9.375, 15 ], "texture": "#texture" },
				"south": { "uv": [ 9.5, 14.875, 9.625, 15 ], "texture": "#texture" },
				"west": { "uv": [ 8.875, 14.875, 9.125, 15 ], "texture": "#texture" },
				"east": { "uv": [ 9.375, 14.875, 9.125, 15 ], "texture": "#texture" }
			}
		},
		{
			"__comment": "Voxels",
			"from": [ 17.5, 10.25, 7.25 ],
			"to": [ 17.75, 11.25, 7.75 ],
			"faces": {
				"down": { "uv": [ 14.625, 13.875, 14.75, 14.125 ], "texture": "#texture" },
				"up": { "uv": [ 14.75, 14.125, 14.875, 13.875 ], "texture": "#texture" },
				"north": { "uv": [ 14.375, 13.875, 14.25, 14.375 ], "texture": "#texture" },
				"south": { "uv": [ 14.375, 13.875, 14.5, 14.375 ], "texture": "#texture" },
				"west": { "uv": [ 9.375, 13.75, 9.625, 14.25 ], "texture": "#texture" },
				"east": { "uv": [ 9.875, 13.75, 9.625, 14.25 ], "texture": "#texture" }
			}
		},
		{
			"__comment": "Voxels",
			"from": [ 17.75, 11.75, 7.25 ],
			"to": [ 18, 12.5, 7.75 ],
			"faces": {
				"down": { "uv": [ 14.875, 13.875, 15, 14.125 ], "texture": "#texture" },
				"up": { "uv": [ 15, 14, 15.125, 13.75 ], "texture": "#texture" },
				"north": { "uv": [ 11, 13.875, 10.875, 14.25 ], "texture": "#texture" },
				"south": { "uv": [ 14.5, 14, 14.625, 14.375 ], "texture": "#texture" },
				"west": { "uv": [ 10.625, 13.875, 10.875, 14.25 ], "texture": "#texture" },
				"east": { "uv": [ 10.625, 13.875, 10.375, 14.25 ], "texture": "#texture" }
			}
		}
	],
	"display": {
		"head": {
			"rotation":  [ 0, 180, 0 ],
			"scale":  [ 3, 3, 3 ]
		}
	}
}