{
	"__comment": "Designed by MagicWorksMC with Cubik Studio - https://cubik.studio",
	"textures": {
		"particle": "item/signtextures/aframe",
		"texture": "item/signtextures/aframe",
		"texture1": "item/signtextures/rrctechrehears"
	},
	"elements": [ 	 
		{
			"__comment": "Voxels",
			"from": [ -2, -0.25, -2 ],
			"to": [ -1, 0.75, -1.5 ],
			"faces": {
				"down": { "uv": [ 7.25, 11, 7.75, 11.25 ], "texture": "#texture" },
				"up": { "uv": [ 7.25, 13, 7.75, 12.75 ], "texture": "#texture" },
				"north": { "uv": [ 7.75, 15.5, 7.25, 16 ], "texture": "#texture" },
				"south": { "uv": [ 7.25, 15, 7.75, 15.5 ], "texture": "#texture" },
				"west": { "uv": [ 7.75, 15.5, 8, 16 ], "texture": "#texture" },
				"east": { "uv": [ 8, 15, 7.75, 15.5 ], "texture": "#texture" }
			}
		},
		{
			"__comment": "Voxels",
			"from": [ -2, 0.75, -2 ],
			"to": [ -1.75, 12.25, -1.5 ],
			"faces": {
				"up": { "uv": [ 6.875, 11, 7, 10.75 ], "texture": "#texture" },
				"north": { "uv": [ 0.625, 4.5, 0.5, 10.25 ], "texture": "#texture" },
				"south": { "uv": [ 0.625, 4.5, 0.75, 10.25 ], "texture": "#texture" },
				"west": { "uv": [ 0, 5, 0.25, 10.75 ], "texture": "#texture" },
				"east": { "uv": [ 0.5, 5, 0.25, 10.75 ], "texture": "#texture" }
			}
		},
		{
			"__comment": "Voxels",
			"from": [ -1.75, 0.75, -1.75 ],
			"to": [ 4.75, 11.25, -1.5 ],
			"faces": {
				"down": { "uv": [ 4, 9.875, 7.25, 10 ], "texture": "#texture", "cullface": "north" },
				"up": { "uv": [ 0.75, 10, 4, 9.875 ], "texture": "#texture", "cullface": "north" },
				"north": { "uv": [ 0.46875, 11.46875, 4.96875, 14.96875 ], "texture": "#texture", "cullface": "north" },
				"south": { "uv": [ 3.25, 10.75, 6.5, 16 ], "texture": "#texture", "cullface": "north" },
				"east": { "uv": [ 6.75, 10.75, 6.625, 16 ], "texture": "#texture", "cullface": "north" }
			}
		},
		{
			"__comment": "Voxels",
			"from": [ -1.75, 10.75, -2 ],
			"to": [ 4.75, 11.25, -1.75 ],
			"faces": {
				"down": { "uv": [ 0.75, 9.75, 4, 9.875 ], "texture": "#texture", "cullface": "north" },
				"up": { "uv": [ 4, 9.875, 7.25, 9.75 ], "texture": "#texture", "cullface": "north" },
				"north": { "uv": [ 3.75, 10.5, 0.5, 10.75 ], "texture": "#texture", "cullface": "north" },
				"east": { "uv": [ 7.25, 10.75, 7.125, 11 ], "texture": "#texture", "cullface": "north" }
			}
		},
		{
			"__comment": "Voxels",
			"from": [ -1.75, 11.25, -2 ],
			"to": [ -0.75, 12, -1.5 ],
			"faces": {
				"down": { "uv": [ 7.25, 11.5, 7.75, 11.75 ], "texture": "#texture" },
				"up": { "uv": [ 7.25, 11.5, 7.75, 11.25 ], "texture": "#texture" },
				"north": { "uv": [ 7.75, 13.5, 7.25, 13.875 ], "texture": "#texture" },
				"south": { "uv": [ 7.25, 13.875, 7.75, 14.25 ], "texture": "#texture" },
				"east": { "uv": [ 8, 13.5, 7.75, 13.875 ], "texture": "#texture" }
			}
		},
		{
			"__comment": "Voxels",
			"from": [ -1.75, 12, -2 ],
			"to": [ -1.5, 12.25, -1.5 ],
			"faces": {
				"up": { "uv": [ 7.875, 13.25, 8, 13 ], "texture": "#texture" },
				"north": { "uv": [ 0.5, 2.875, 0.375, 3 ], "texture": "#texture" },
				"south": { "uv": [ 0.25, 2.875, 0.375, 3 ], "texture": "#texture" },
				"east": { "uv": [ 0.25, 1.5, 0, 1.625 ], "texture": "#texture" }
			}
		},
		{
			"__comment": "Voxels",
			"from": [ -1.25, 12, -2 ],
			"to": [ -0.75, 12.25, -1.5 ],
			"faces": {
				"up": { "uv": [ 0, 3.25, 0.25, 3 ], "texture": "#texture" },
				"north": { "uv": [ 0.25, 1.375, 0, 1.5 ], "texture": "#texture" },
				"south": { "uv": [ 0.25, 4.125, 0.5, 4.25 ], "texture": "#texture" },
				"west": { "uv": [ 0.25, 4.25, 0.5, 4.375 ], "texture": "#texture" },
				"east": { "uv": [ 0.5, 4, 0.25, 4.125 ], "texture": "#texture" }
			}
		},
		{
			"__comment": "Voxels",
			"from": [ -1, 0.25, -2 ],
			"to": [ 4.75, 0.75, -1.5 ],
			"faces": {
				"down": { "uv": [ 0.75, 10, 3.625, 10.25 ], "texture": "#texture", "cullface": "north" },
				"up": { "uv": [ 3.625, 10.25, 6.5, 10 ], "texture": "#texture", "cullface": "north" },
				"north": { "uv": [ 3.375, 10.25, 0.5, 10.5 ], "texture": "#texture", "cullface": "north" },
				"south": { "uv": [ 3.375, 10.25, 6.25, 10.5 ], "texture": "#texture", "cullface": "north" },
				"east": { "uv": [ 0.25, 2, 0, 2.25 ], "texture": "#texture", "cullface": "north" }
			}
		},
		{
			"__comment": "Voxels",
			"from": [ 0.5, 11.25, -2 ],
			"to": [ 0.75, 12, -1.5 ],
			"faces": {
				"down": { "uv": [ 0.25, 4.375, 0.375, 4.625 ], "texture": "#texture", "cullface": "north" },
				"up": { "uv": [ 0.375, 4, 0.5, 3.75 ], "texture": "#texture", "cullface": "north" },
				"north": { "uv": [ 8, 14.625, 7.875, 15 ], "texture": "#texture", "cullface": "north" },
				"south": { "uv": [ 7.875, 14.25, 8, 14.625 ], "texture": "#texture", "cullface": "north" },
				"west": { "uv": [ 0, 3.5, 0.25, 3.875 ], "texture": "#texture", "cullface": "north" },
				"east": { "uv": [ 0.25, 4.625, 0, 5 ], "texture": "#texture", "cullface": "north" }
			}
		},
		{
			"__comment": "Voxels",
			"from": [ 0.75, 11.75, -2 ],
			"to": [ 1, 12.25, -1.5 ],
			"faces": {
				"down": { "uv": [ 0, 0.875, 0.125, 1.125 ], "texture": "#texture", "cullface": "north" },
				"up": { "uv": [ 0.375, 5, 0.5, 4.75 ], "texture": "#texture", "cullface": "north" },
				"north": { "uv": [ 0.125, 0.375, 0, 0.625 ], "texture": "#texture", "cullface": "north" },
				"south": { "uv": [ 0.125, 0.875, 0.25, 1.125 ], "texture": "#texture", "cullface": "north" },
				"west": { "uv": [ 7.75, 12.5, 8, 12.75 ], "texture": "#texture", "cullface": "north" },
				"east": { "uv": [ 0.25, 1.75, 0, 2 ], "texture": "#texture", "cullface": "north" }
			}
		},
		{
			"__comment": "Voxels",
			"from": [ 1, 12, -2 ],
			"to": [ 2, 12.25, -1.5 ],
			"faces": {
				"down": { "uv": [ 7.25, 12.5, 7.75, 12.75 ], "texture": "#texture", "cullface": "north" },
				"up": { "uv": [ 7.25, 12, 7.75, 11.75 ], "texture": "#texture", "cullface": "north" },
				"north": { "uv": [ 8, 10.5, 7.5, 10.625 ], "texture": "#texture", "cullface": "north" },
				"south": { "uv": [ 7.5, 10.625, 8, 10.75 ], "texture": "#texture", "cullface": "north" },
				"east": { "uv": [ 0.25, 0.75, 0, 0.875 ], "texture": "#texture", "cullface": "north" }
			}
		},
		{
			"__comment": "Voxels",
			"from": [ 1.75, 11.75, -2 ],
			"to": [ 2.25, 12, -1.5 ],
			"faces": {
				"down": { "uv": [ 7.75, 12.75, 8, 13 ], "texture": "#texture", "cullface": "north" },
				"up": { "uv": [ 0, 2.75, 0.25, 2.5 ], "texture": "#texture", "cullface": "north" },
				"north": { "uv": [ 0.25, 1.125, 0, 1.25 ], "texture": "#texture", "cullface": "north" },
				"south": { "uv": [ 0.25, 3.625, 0.5, 3.75 ], "texture": "#texture", "cullface": "north" },
				"west": { "uv": [ 0, 1.25, 0.25, 1.375 ], "texture": "#texture", "cullface": "north" },
				"east": { "uv": [ 0.25, 0.25, 0, 0.375 ], "texture": "#texture", "cullface": "north" }
			}
		},
		{
			"__comment": "Voxels",
			"from": [ 2, 11.25, -2 ],
			"to": [ 2.25, 11.75, -1.5 ],
			"faces": {
				"down": { "uv": [ 0.125, 0.375, 0.25, 0.625 ], "texture": "#texture", "cullface": "north" },
				"north": { "uv": [ 0.5, 4.375, 0.375, 4.625 ], "texture": "#texture", "cullface": "north" },
				"south": { "uv": [ 0.25, 3.75, 0.375, 4 ], "texture": "#texture", "cullface": "north" },
				"west": { "uv": [ 7.75, 12.25, 8, 12.5 ], "texture": "#texture", "cullface": "north" },
				"east": { "uv": [ 8, 12, 7.75, 12.25 ], "texture": "#texture", "cullface": "north" }
			}
		},
		{
			"__comment": "Voxels",
			"from": [ 3.5, 11.25, -2 ],
			"to": [ 4.75, 12, -1.5 ],
			"faces": {
				"down": { "uv": [ 7.25, 13, 7.875, 13.25 ], "texture": "#texture", "cullface": "north" },
				"up": { "uv": [ 7.25, 13.5, 7.875, 13.25 ], "texture": "#texture", "cullface": "north" },
				"north": { "uv": [ 7.875, 14.625, 7.25, 15 ], "texture": "#texture", "cullface": "north" },
				"south": { "uv": [ 7.25, 14.25, 7.875, 14.625 ], "texture": "#texture", "cullface": "north" },
				"west": { "uv": [ 0, 3.875, 0.25, 4.25 ], "texture": "#texture", "cullface": "north" },
				"east": { "uv": [ 0.25, 4.25, 0, 4.625 ], "texture": "#texture", "cullface": "north" }
			}
		},
		{
			"__comment": "Voxels",
			"from": [ 3.5, 12, -2 ],
			"to": [ 4, 12.25, -1.5 ],
			"faces": {
				"up": { "uv": [ 7.75, 11.75, 8, 11.5 ], "texture": "#texture", "cullface": "north" },
				"north": { "uv": [ 0.25, 0.125, 0, 0.25 ], "texture": "#texture", "cullface": "north" },
				"south": { "uv": [ 0.25, 3, 0.5, 3.125 ], "texture": "#texture", "cullface": "north" },
				"west": { "uv": [ 0, 0, 0.25, 0.125 ], "texture": "#texture", "cullface": "north" },
				"east": { "uv": [ 0.5, 4.625, 0.25, 4.75 ], "texture": "#texture", "cullface": "north" }
			}
		},
		{
			"__comment": "Voxels",
			"from": [ 3.75, -0.25, -2 ],
			"to": [ 4.75, 0.25, -1.5 ],
			"faces": {
				"down": { "uv": [ 7, 10.5, 7.5, 10.75 ], "texture": "#texture", "cullface": "north" },
				"north": { "uv": [ 7.75, 12, 7.25, 12.25 ], "texture": "#texture", "cullface": "north" },
				"south": { "uv": [ 7.25, 12.25, 7.75, 12.5 ], "texture": "#texture", "cullface": "north" },
				"west": { "uv": [ 0, 2.75, 0.25, 3 ], "texture": "#texture", "cullface": "north" },
				"east": { "uv": [ 8, 11, 7.75, 11.25 ], "texture": "#texture", "cullface": "north" }
			}
		},
		{
			"__comment": "Voxels",
			"from": [ 4.25, 12, -2 ],
			"to": [ 4.75, 12.25, -1.5 ],
			"faces": {
				"up": { "uv": [ 7.75, 11.5, 8, 11.25 ], "texture": "#texture", "cullface": "north" },
				"north": { "uv": [ 0.5, 3.5, 0.25, 3.625 ], "texture": "#texture", "cullface": "north" },
				"south": { "uv": [ 0.25, 3.375, 0.5, 3.5 ], "texture": "#texture", "cullface": "north" },
				"west": { "uv": [ 0.25, 3.25, 0.5, 3.375 ], "texture": "#texture", "cullface": "north" },
				"east": { "uv": [ 0.5, 3.125, 0.25, 3.25 ], "texture": "#texture", "cullface": "north" }
			}
		},
		{
			"__comment": "Voxels",
			"from": [ 4.5, 0.75, -2 ],
			"to": [ 4.75, 10.75, -1.75 ],
			"faces": {
				"north": { "uv": [ 6.875, 11, 6.75, 16 ], "texture": "#texture", "cullface": "north" },
				"west": { "uv": [ 7, 11, 7.125, 16 ], "texture": "#texture", "cullface": "north" },
				"east": { "uv": [ 7, 11, 6.875, 16 ], "texture": "#texture", "cullface": "north" }
			}
		},
		{
			"__comment": "Voxels",
			"from": [ -1.7812, 0.7812, -1.875 ],
			"to": [ 4.4688, 10.7812, -1.874 ],
			"faces": {
				"down": { "uv": [ 4, 9.875, 7.25, 10 ], "texture": "#texture", "cullface": "north" },
				"north": { "uv": [ 0, 0, 10.6875, 16 ], "texture": "#texture1", "cullface": "north" },
				"south": { "uv": [ 3.25, 10.75, 6.5, 16 ], "texture": "#texture", "cullface": "north" }
			}
		}
	],
	"display": {
		"head": {
			"translation":  [ 20.051, 5.0659, 29.128 ],
			"scale":  [ 3, 3, 3 ]
		}
	}
}