{
	"__comment": "Designed by MagicWorksMC with Cubik Studio - https://cubik.studio",
	"textures": {
		"particle": "item/signtextures/stopsign",
		"stop": "item/signtextures/stop",
		"texture": "item/signtextures/stopsign"
	},
	"elements": [ 	 
		{
			"__comment": "Box1",
			"from": [ 4.7525, 1.3465, 5.8614 ],
			"to": [ 4.7535, 3.8465, 10.3614 ],
			"faces": {
				"down": { "uv": [ 4.5, 6, 4.501, 9.5 ], "texture": "#stop" },
				"up": { "uv": [ 4.5, 6.5, 4.501, 10 ], "texture": "#stop" },
				"north": { "uv": [ 11.499, 12, 11.5, 14.5 ], "texture": "#stop" },
				"south": { "uv": [ 4.5, 12, 4.501, 14.5 ], "texture": "#stop" },
				"west": { "uv": [ 0, 3.5, 16, 12 ], "texture": "#stop" },
				"east": { "uv": [ 6, 12, 9.5, 14.5 ], "texture": "#stop" }
			}
		},
		{
			"__comment": "Voxels",
			"from": [ 4.8, -0.2667, 6.9333 ],
			"to": [ 5.066667, 5.333301, 9.3333 ],
			"faces": {
				"down": { "uv": [ 2, 8.5, 2.25, 10.75 ], "texture": "#texture" },
				"up": { "uv": [ 2.5, 10.75, 2.75, 8.5 ], "texture": "#texture" },
				"north": { "uv": [ 4.75, 10.75, 4.5, 16 ], "texture": "#texture" },
				"south": { "uv": [ 4.75, 10.75, 5, 16 ], "texture": "#texture" },
				"west": { "uv": [ 2.25, 10.75, 4.5, 16 ], "texture": "#texture" },
				"east": { "uv": [ 2.25, 10.75, 0, 16 ], "texture": "#texture" }
			}
		},
		{
			"__comment": "Voxels",
			"from": [ 4.8, 0, 6.6667 ],
			"to": [ 5.066667, 5.066667, 6.933367 ],
			"faces": {
				"down": { "uv": [ 2.25, 8.25, 2.5, 8.5 ], "texture": "#texture" },
				"up": { "uv": [ 4.5, 10, 4.75, 9.75 ], "texture": "#texture" },
				"north": { "uv": [ 6.25, 11.25, 6, 16 ], "texture": "#texture" },
				"south": { "uv": [ 5.25, 11.25, 5.5, 16 ], "texture": "#texture" },
				"west": { "uv": [ 6.5, 11.25, 6.75, 16 ], "texture": "#texture" },
				"east": { "uv": [ 7, 11.25, 6.75, 16 ], "texture": "#texture" }
			}
		},
		{
			"__comment": "Voxels",
			"from": [ 4.8, 0, 9.3333 ],
			"to": [ 5.066667, 5.066667, 9.599966 ],
			"faces": {
				"down": { "uv": [ 4.5, 10, 4.75, 10.25 ], "texture": "#texture" },
				"up": { "uv": [ 4.5, 10.5, 4.75, 10.25 ], "texture": "#texture" },
				"north": { "uv": [ 6, 11.25, 5.75, 16 ], "texture": "#texture" },
				"south": { "uv": [ 6.25, 11.25, 6.5, 16 ], "texture": "#texture" },
				"west": { "uv": [ 5, 11.25, 5.25, 16 ], "texture": "#texture" },
				"east": { "uv": [ 5.75, 11.25, 5.5, 16 ], "texture": "#texture" }
			}
		},
		{
			"__comment": "Voxels",
			"from": [ 4.8, 0.2667, 6.4 ],
			"to": [ 5.066667, 4.800034, 6.666667 ],
			"faces": {
				"down": { "uv": [ 4.5, 10.5, 4.75, 10.75 ], "texture": "#texture" },
				"up": { "uv": [ 3.75, 8.25, 4, 8 ], "texture": "#texture" },
				"north": { "uv": [ 7.25, 11.75, 7, 16 ], "texture": "#texture" },
				"south": { "uv": [ 7.25, 11.75, 7.5, 16 ], "texture": "#texture" },
				"west": { "uv": [ 7.5, 11.75, 7.75, 16 ], "texture": "#texture" },
				"east": { "uv": [ 8, 11.75, 7.75, 16 ], "texture": "#texture" }
			}
		},
		{
			"__comment": "Voxels",
			"from": [ 4.8, 0.2667, 9.599999 ],
			"to": [ 5.066667, 4.800034, 9.866666 ],
			"faces": {
				"down": { "uv": [ 3.25, 8, 3.5, 8.25 ], "texture": "#texture" },
				"up": { "uv": [ 3.25, 8.5, 3.5, 8.25 ], "texture": "#texture" },
				"north": { "uv": [ 8.25, 11.75, 8, 16 ], "texture": "#texture" },
				"south": { "uv": [ 8.25, 11.75, 8.5, 16 ], "texture": "#texture" },
				"west": { "uv": [ 8.5, 11.75, 8.75, 16 ], "texture": "#texture" },
				"east": { "uv": [ 9, 11.75, 8.75, 16 ], "texture": "#texture" }
			}
		},
		{
			"__comment": "Voxels",
			"from": [ 4.8, 0.5333, 6.1333 ],
			"to": [ 5.066667, 4.5333, 6.399967 ],
			"faces": {
				"down": { "uv": [ 3.75, 8.25, 4, 8.5 ], "texture": "#texture" },
				"up": { "uv": [ 3, 8.25, 3.25, 8 ], "texture": "#texture" },
				"north": { "uv": [ 8, 8, 7.75, 11.75 ], "texture": "#texture" },
				"south": { "uv": [ 8, 8, 8.25, 11.75 ], "texture": "#texture" },
				"west": { "uv": [ 8.25, 8, 8.5, 11.75 ], "texture": "#texture" },
				"east": { "uv": [ 8.75, 8, 8.5, 11.75 ], "texture": "#texture" }
			}
		},
		{
			"__comment": "Voxels",
			"from": [ 4.8, 0.5333, 9.8667 ],
			"to": [ 5.066667, 4.5333, 10.13337 ],
			"faces": {
				"down": { "uv": [ 2.5, 8.25, 2.75, 8.5 ], "texture": "#texture" },
				"up": { "uv": [ 2.25, 8.25, 2.5, 8 ], "texture": "#texture" },
				"north": { "uv": [ 7.5, 8, 7.25, 11.75 ], "texture": "#texture" },
				"south": { "uv": [ 7.5, 8, 7.75, 11.75 ], "texture": "#texture" },
				"west": { "uv": [ 7, 8, 7.25, 11.75 ], "texture": "#texture" },
				"east": { "uv": [ 9, 8, 8.75, 11.75 ], "texture": "#texture" }
			}
		},
		{
			"__comment": "Voxels",
			"from": [ 4.8, 0.8, 5.8667 ],
			"to": [ 5.066667, 4.266667, 6.133367 ],
			"faces": {
				"down": { "uv": [ 2.5, 8, 2.75, 8.25 ], "texture": "#texture" },
				"up": { "uv": [ 3, 8.5, 3.25, 8.25 ], "texture": "#texture" },
				"north": { "uv": [ 7, 8, 6.75, 11.25 ], "texture": "#texture" },
				"south": { "uv": [ 6.5, 8, 6.75, 11.25 ], "texture": "#texture" },
				"west": { "uv": [ 6.25, 8, 6.5, 11.25 ], "texture": "#texture" },
				"east": { "uv": [ 6.25, 8, 6, 11.25 ], "texture": "#texture" }
			}
		},
		{
			"__comment": "Voxels",
			"from": [ 4.8, 0.8, 10.1333 ],
			"to": [ 5.066667, 4.266667, 10.39997 ],
			"faces": {
				"down": { "uv": [ 4, 8.25, 4.25, 8.5 ], "texture": "#texture" },
				"up": { "uv": [ 4.25, 8.5, 4.5, 8.25 ], "texture": "#texture" },
				"north": { "uv": [ 6, 8, 5.75, 11.25 ], "texture": "#texture" },
				"south": { "uv": [ 5.5, 8, 5.75, 11.25 ], "texture": "#texture" },
				"west": { "uv": [ 5.25, 8, 5.5, 11.25 ], "texture": "#texture" },
				"east": { "uv": [ 5.25, 8, 5, 11.25 ], "texture": "#texture" }
			}
		},
		{
			"__comment": "Voxels",
			"from": [ 4.8, 1.0667, 5.6 ],
			"to": [ 5.066667, 4.000033, 5.866667 ],
			"faces": {
				"down": { "uv": [ 2, 8.25, 2.25, 8.5 ], "texture": "#texture" },
				"up": { "uv": [ 2, 8.25, 2.25, 8 ], "texture": "#texture" },
				"north": { "uv": [ 0.25, 8, 0, 10.75 ], "texture": "#texture" },
				"south": { "uv": [ 0.25, 8, 0.5, 10.75 ], "texture": "#texture" },
				"west": { "uv": [ 0.5, 8, 0.75, 10.75 ], "texture": "#texture" },
				"east": { "uv": [ 1, 8, 0.75, 10.75 ], "texture": "#texture" }
			}
		},
		{
			"__comment": "Voxels",
			"from": [ 4.8, 1.0667, 10.4 ],
			"to": [ 5.066667, 4.000033, 10.66667 ],
			"faces": {
				"down": { "uv": [ 2.75, 8.25, 3, 8.5 ], "texture": "#texture" },
				"up": { "uv": [ 2.75, 8.25, 3, 8 ], "texture": "#texture" },
				"north": { "uv": [ 1.25, 8, 1, 10.75 ], "texture": "#texture" },
				"south": { "uv": [ 1.25, 8, 1.5, 10.75 ], "texture": "#texture" },
				"west": { "uv": [ 1.5, 8, 1.75, 10.75 ], "texture": "#texture" },
				"east": { "uv": [ 2, 8, 1.75, 10.75 ], "texture": "#texture" }
			}
		},
		{
			"__comment": "Voxels",
			"from": [ 4.8, 1.3333, 5.3333 ],
			"to": [ 5.066667, 3.7333, 5.599967 ],
			"faces": {
				"down": { "uv": [ 3.5, 8.25, 3.75, 8.5 ], "texture": "#texture" },
				"up": { "uv": [ 3.5, 8.25, 3.75, 8 ], "texture": "#texture" },
				"north": { "uv": [ 2.5, 8.5, 2.25, 10.75 ], "texture": "#texture" },
				"south": { "uv": [ 2.75, 8.5, 3, 10.75 ], "texture": "#texture" },
				"west": { "uv": [ 3, 8.5, 3.25, 10.75 ], "texture": "#texture" },
				"east": { "uv": [ 3.5, 8.5, 3.25, 10.75 ], "texture": "#texture" }
			}
		},
		{
			"__comment": "Voxels",
			"from": [ 4.8, 1.3333, 10.6667 ],
			"to": [ 5.066667, 3.7333, 10.93337 ],
			"faces": {
				"down": { "uv": [ 4, 8, 4.25, 8.25 ], "texture": "#texture" },
				"up": { "uv": [ 4.25, 8.25, 4.5, 8 ], "texture": "#texture" },
				"north": { "uv": [ 3.75, 8.5, 3.5, 10.75 ], "texture": "#texture" },
				"south": { "uv": [ 3.75, 8.5, 4, 10.75 ], "texture": "#texture" },
				"west": { "uv": [ 4, 8.5, 4.25, 10.75 ], "texture": "#texture" },
				"east": { "uv": [ 4.5, 8.5, 4.25, 10.75 ], "texture": "#texture" }
			}
		}
	],
	"display": {
		"firstperson_righthand": {
			"translation":  [ 0, 6.9565, 0 ]
		},
		"head": {
			"rotation":  [ 0, 90, 0 ],
			"translation":  [ 0, 22.956, -11.82 ],
			"scale":  [ 4, 4, 4 ]
		}
	}
}