{
	"__comment": "Designed by MagicWorksMC with Cubik Studio - https://cubik.studio",
	"textures": {
		"particle": "item/signtextures/vipparkingm",
		"texture1": "item/signtextures/vipparking",
		"texture": "item/signtextures/vipparkingm"
	},
	"elements": [ 	 
		{
			"__comment": "Box2",
			"from": [ -0.96, 0.32, 7.92 ],
			"to": [ 16.96, 4.48, 7.921 ],
			"faces": {
				"down": { "uv": [ 0, 16, 0, 16 ], "texture": "#texture1" },
				"up": { "uv": [ 0, 16, 0, 16 ], "texture": "#texture1" },
				"north": { "uv": [ 0, 0, 16, 4 ], "texture": "#texture1" },
				"south": { "uv": [ 0, 16, 0, 16 ], "texture": "#texture1" },
				"west": { "uv": [ 0, 16, 0, 16 ], "texture": "#texture1" },
				"east": { "uv": [ 0, 16, 0, 16 ], "texture": "#texture1" }
			}
		},
		{
			"__comment": "Voxels",
			"from": [ -1.28, 0, 8 ],
			"to": [ 17.28, 4.8, 8.64 ],
			"faces": {
				"down": { "uv": [ 0, 8, 14.5, 8.5 ], "texture": "#texture" },
				"up": { "uv": [ 0, 8, 14.5, 7.5 ], "texture": "#texture" },
				"north": { "uv": [ 14.5, 12.25, 0, 16 ], "texture": "#texture" },
				"south": { "uv": [ 0, 8.5, 14.5, 12.25 ], "texture": "#texture" },
				"west": { "uv": [ 14.5, 12.25, 15, 16 ], "texture": "#texture" },
				"east": { "uv": [ 15.5, 12.25, 15, 16 ], "texture": "#texture" }
			}
		}
	],
	"display": {
		"firstperson_righthand": {
			"rotation":  [ 0, -136, -30 ],
			"translation":  [ 0, 4.8695, 0 ]
		},
		"gui": {
			"rotation":  [ 0, 180, 0 ],
			"translation":  [ 0, 4.8695, 0 ],
			"scale":  [ 0.7304, 0.7565, 0.1652 ]
		},
		"head": {
			"translation":  [ 0, 21.565, 0 ],
			"scale":  [ 4, 4, 4 ]
		}
	}
}