{
	"__comment": "Designed by MagicWorksMC with Cubik Studio - https://cubik.studio",
	"textures": {
		"particle": "item/signtextures/corkscrew",
		"voxels_atlas": "item/signtextures/corkscrew"
	},
	"elements": [ 	 
		{
			"__comment": "Voxels",
			"from": [ 5, 9, 7.5 ],
			"to": [ 9.75, 9.25, 8 ],
			"faces": {
				"down": { "uv": [ 5.75, 14.5, 10.5, 15 ], "texture": "#voxels_atlas" },
				"up": { "uv": [ 6, 15.5, 10.75, 15 ], "texture": "#voxels_atlas" },
				"north": { "uv": [ 9.5, 10.75, 4.75, 11 ], "texture": "#voxels_atlas" },
				"south": { "uv": [ 9.5, 10.75, 14.25, 11 ], "texture": "#voxels_atlas" },
				"west": { "uv": [ 15.25, 10.75, 15.75, 11 ], "texture": "#voxels_atlas" },
				"east": { "uv": [ 15.75, 10.5, 15.25, 10.75 ], "texture": "#voxels_atlas" }
			}
		},
		{
			"__comment": "Voxels",
			"from": [ 5, 13.25, 7.5 ],
			"to": [ 10, 13.5, 8 ],
			"faces": {
				"down": { "uv": [ 1, 15, 6, 15.5 ], "texture": "#voxels_atlas" },
				"up": { "uv": [ 1, 16, 6, 15.5 ], "texture": "#voxels_atlas" },
				"north": { "uv": [ 9.75, 11.25, 4.75, 11.5 ], "texture": "#voxels_atlas" },
				"south": { "uv": [ 9.75, 11.25, 14.75, 11.5 ], "texture": "#voxels_atlas" },
				"west": { "uv": [ 14.25, 10.25, 14.75, 10.5 ], "texture": "#voxels_atlas" },
				"east": { "uv": [ 15.25, 10.25, 14.75, 10.5 ], "texture": "#voxels_atlas" }
			}
		},
		{
			"__comment": "Voxels",
			"from": [ 5.25, 8.5, 7.5 ],
			"to": [ 9.75, 9, 8 ],
			"faces": {
				"down": { "uv": [ 10, 12.5, 14.5, 13 ], "texture": "#voxels_atlas" },
				"north": { "uv": [ 10, 12, 5.5, 12.5 ], "texture": "#voxels_atlas" },
				"south": { "uv": [ 10, 12, 14.5, 12.5 ], "texture": "#voxels_atlas" },
				"west": { "uv": [ 4.25, 8.5, 4.75, 9 ], "texture": "#voxels_atlas" },
				"east": { "uv": [ 0.5, 3.5, 0, 4 ], "texture": "#voxels_atlas" }
			}
		},
		{
			"__comment": "Voxels",
			"from": [ 5.25, 12.75, 7.5 ],
			"to": [ 10.25, 13, 8 ],
			"faces": {
				"down": { "uv": [ 6, 15.5, 11, 16 ], "texture": "#voxels_atlas" },
				"up": { "uv": [ 11, 16, 16, 15.5 ], "texture": "#voxels_atlas" },
				"north": { "uv": [ 14.75, 11, 9.75, 11.25 ], "texture": "#voxels_atlas" },
				"south": { "uv": [ 4.75, 11, 9.75, 11.25 ], "texture": "#voxels_atlas" },
				"west": { "uv": [ 13.75, 9.25, 14.25, 9.5 ], "texture": "#voxels_atlas" },
				"east": { "uv": [ 15.75, 9.25, 15.25, 9.5 ], "texture": "#voxels_atlas" }
			}
		},
		{
			"__comment": "Voxels",
			"from": [ 5.25, 13, 7.5 ],
			"to": [ 10, 13.25, 8 ],
			"faces": {
				"north": { "uv": [ 14.25, 10.5, 9.5, 10.75 ], "texture": "#voxels_atlas" },
				"south": { "uv": [ 4.75, 10.5, 9.5, 10.75 ], "texture": "#voxels_atlas" },
				"west": { "uv": [ 13.5, 9, 14, 9.25 ], "texture": "#voxels_atlas" },
				"east": { "uv": [ 14.5, 9, 14, 9.25 ], "texture": "#voxels_atlas" }
			}
		},
		{
			"__comment": "Voxels",
			"from": [ 5.25, 13.5, 7.5 ],
			"to": [ 9.75, 13.75, 8 ],
			"faces": {
				"up": { "uv": [ 10, 13.5, 14.5, 13 ], "texture": "#voxels_atlas" },
				"north": { "uv": [ 13.75, 10, 9.25, 10.25 ], "texture": "#voxels_atlas" },
				"south": { "uv": [ 4.75, 10, 9.25, 10.25 ], "texture": "#voxels_atlas" },
				"west": { "uv": [ 14.5, 9, 15, 9.25 ], "texture": "#voxels_atlas" },
				"east": { "uv": [ 15.5, 9, 15, 9.25 ], "texture": "#voxels_atlas" }
			}
		},
		{
			"__comment": "Voxels",
			"from": [ 5.5, 8, 7.5 ],
			"to": [ 9.25, 8.5, 8 ],
			"faces": {
				"down": { "uv": [ 1, 11, 4.75, 11.5 ], "texture": "#voxels_atlas" },
				"north": { "uv": [ 4.75, 10, 1, 10.5 ], "texture": "#voxels_atlas" },
				"south": { "uv": [ 1, 9.5, 4.75, 10 ], "texture": "#voxels_atlas" },
				"west": { "uv": [ 15.5, 15, 16, 15.5 ], "texture": "#voxels_atlas" },
				"east": { "uv": [ 1, 1, 0.5, 1.5 ], "texture": "#voxels_atlas" }
			}
		},
		{
			"__comment": "Voxels",
			"from": [ 5.5, 12.5, 7.5 ],
			"to": [ 10.25, 12.75, 8 ],
			"faces": {
				"down": { "uv": [ 1, 13.5, 5.75, 14 ], "texture": "#voxels_atlas" },
				"north": { "uv": [ 9.5, 10.25, 4.75, 10.5 ], "texture": "#voxels_atlas" },
				"south": { "uv": [ 9.5, 10.25, 14.25, 10.5 ], "texture": "#voxels_atlas" },
				"west": { "uv": [ 15.5, 9, 16, 9.25 ], "texture": "#voxels_atlas" },
				"east": { "uv": [ 5.25, 7.75, 4.75, 8 ], "texture": "#voxels_atlas" }
			}
		},
		{
			"__comment": "Voxels",
			"from": [ 5.75, 7.5, 7.5 ],
			"to": [ 8.25, 8, 8 ],
			"faces": {
				"down": { "uv": [ 1, 4, 3.5, 4.5 ], "texture": "#voxels_atlas" },
				"north": { "uv": [ 3.5, 3.5, 1, 4 ], "texture": "#voxels_atlas" },
				"south": { "uv": [ 1, 3, 3.5, 3.5 ], "texture": "#voxels_atlas" },
				"west": { "uv": [ 0.5, 1.5, 1, 2 ], "texture": "#voxels_atlas" },
				"east": { "uv": [ 1, 2, 0.5, 2.5 ], "texture": "#voxels_atlas" }
			}
		},
		{
			"__comment": "Voxels",
			"from": [ 5.75, 12, 7.5 ],
			"to": [ 10.5, 12.5, 8 ],
			"faces": {
				"down": { "uv": [ 10.75, 15, 15.5, 15.5 ], "texture": "#voxels_atlas" },
				"up": { "uv": [ 5.75, 14, 10.5, 13.5 ], "texture": "#voxels_atlas" },
				"north": { "uv": [ 5.75, 14, 1, 14.5 ], "texture": "#voxels_atlas" },
				"south": { "uv": [ 10.5, 14.5, 15.25, 15 ], "texture": "#voxels_atlas" },
				"west": { "uv": [ 0, 1.5, 0.5, 2 ], "texture": "#voxels_atlas" },
				"east": { "uv": [ 0.5, 2, 0, 2.5 ], "texture": "#voxels_atlas" }
			}
		},
		{
			"__comment": "Voxels",
			"from": [ 5.75, 13.75, 7.5 ],
			"to": [ 9.5, 14, 8 ],
			"faces": {
				"up": { "uv": [ 1, 9.5, 4.75, 9 ], "texture": "#voxels_atlas" },
				"north": { "uv": [ 10.5, 9.25, 6.75, 9.5 ], "texture": "#voxels_atlas" },
				"south": { "uv": [ 6.75, 9.5, 10.5, 9.75 ], "texture": "#voxels_atlas" },
				"west": { "uv": [ 4.75, 7.5, 5.25, 7.75 ], "texture": "#voxels_atlas" },
				"east": { "uv": [ 5.25, 7.25, 4.75, 7.5 ], "texture": "#voxels_atlas" }
			}
		},
		{
			"__comment": "Voxels",
			"from": [ 6, 7, 7.5 ],
			"to": [ 7.25, 7.5, 8 ],
			"faces": {
				"down": { "uv": [ 14.5, 12, 15.75, 12.5 ], "texture": "#voxels_atlas" },
				"north": { "uv": [ 4.75, 2.5, 3.5, 3 ], "texture": "#voxels_atlas" },
				"south": { "uv": [ 3.25, 2, 4.5, 2.5 ], "texture": "#voxels_atlas" },
				"west": { "uv": [ 0, 3, 0.5, 3.5 ], "texture": "#voxels_atlas" },
				"east": { "uv": [ 0.5, 2.5, 0, 3 ], "texture": "#voxels_atlas" }
			}
		},
		{
			"__comment": "Voxels",
			"from": [ 6, 11.5, 7.5 ],
			"to": [ 10.5, 12, 8 ],
			"faces": {
				"down": { "uv": [ 1, 13, 5.5, 13.5 ], "texture": "#voxels_atlas" },
				"north": { "uv": [ 5.5, 12.5, 1, 13 ], "texture": "#voxels_atlas" },
				"south": { "uv": [ 5.5, 12.5, 10, 13 ], "texture": "#voxels_atlas" },
				"west": { "uv": [ 0, 1, 0.5, 1.5 ], "texture": "#voxels_atlas" },
				"east": { "uv": [ 1, 3.5, 0.5, 4 ], "texture": "#voxels_atlas" }
			}
		},
		{
			"__comment": "Voxels",
			"from": [ 6.25, 6.75, 7.5 ],
			"to": [ 6.75, 7, 8 ],
			"faces": {
				"down": { "uv": [ 0.5, 3, 1, 3.5 ], "texture": "#voxels_atlas" },
				"north": { "uv": [ 5.25, 7, 4.75, 7.25 ], "texture": "#voxels_atlas" },
				"south": { "uv": [ 4.75, 6, 5.25, 6.25 ], "texture": "#voxels_atlas" },
				"west": { "uv": [ 4.75, 5.75, 5.25, 6 ], "texture": "#voxels_atlas" },
				"east": { "uv": [ 5.25, 1.75, 4.75, 2 ], "texture": "#voxels_atlas" }
			}
		},
		{
			"__comment": "Voxels",
			"from": [ 6.25, 11.25, 7.5 ],
			"to": [ 10.25, 11.5, 8 ],
			"faces": {
				"down": { "uv": [ 1, 11.5, 5, 12 ], "texture": "#voxels_atlas" },
				"north": { "uv": [ 8.75, 9.75, 4.75, 10 ], "texture": "#voxels_atlas" },
				"south": { "uv": [ 8.75, 9.75, 12.75, 10 ], "texture": "#voxels_atlas" },
				"west": { "uv": [ 4.75, 1.5, 5.25, 1.75 ], "texture": "#voxels_atlas" },
				"east": { "uv": [ 15.25, 11, 14.75, 11.25 ], "texture": "#voxels_atlas" }
			}
		},
		{
			"__comment": "Voxels",
			"from": [ 6.25, 14, 7.5 ],
			"to": [ 9.5, 14.25, 8 ],
			"faces": {
				"up": { "uv": [ 12.75, 12, 16, 11.5 ], "texture": "#voxels_atlas" },
				"north": { "uv": [ 13.75, 9.5, 10.5, 9.75 ], "texture": "#voxels_atlas" },
				"south": { "uv": [ 12.75, 9.75, 16, 10 ], "texture": "#voxels_atlas" },
				"west": { "uv": [ 15.25, 11, 15.75, 11.25 ], "texture": "#voxels_atlas" },
				"east": { "uv": [ 14.75, 10.75, 14.25, 11 ], "texture": "#voxels_atlas" }
			}
		},
		{
			"__comment": "Voxels",
			"from": [ 6.5, 10.75, 7.5 ],
			"to": [ 9.75, 11.25, 8 ],
			"faces": {
				"down": { "uv": [ 1, 7.5, 4.25, 8 ], "texture": "#voxels_atlas" },
				"north": { "uv": [ 4.25, 6.5, 1, 7 ], "texture": "#voxels_atlas" },
				"south": { "uv": [ 1, 8, 4.25, 8.5 ], "texture": "#voxels_atlas" },
				"west": { "uv": [ 4.25, 6.5, 4.75, 7 ], "texture": "#voxels_atlas" },
				"east": { "uv": [ 4.75, 7.5, 4.25, 8 ], "texture": "#voxels_atlas" }
			}
		},
		{
			"__comment": "Voxels",
			"from": [ 6.75, 6.75, 7.75 ],
			"to": [ 7, 7, 8 ],
			"faces": {
				"down": { "uv": [ 5.25, 7.5, 5.5, 7.75 ], "texture": "#voxels_atlas" },
				"north": { "uv": [ 16, 10.75, 15.75, 11 ], "texture": "#voxels_atlas" },
				"south": { "uv": [ 5.5, 7.5, 5.75, 7.75 ], "texture": "#voxels_atlas" },
				"east": { "uv": [ 4.75, 1, 4.5, 1.25 ], "texture": "#voxels_atlas" }
			}
		},
		{
			"__comment": "Voxels",
			"from": [ 6.75, 10.5, 7.5 ],
			"to": [ 9.5, 10.75, 8 ],
			"faces": {
				"down": { "uv": [ 1, 5.5, 3.75, 6 ], "texture": "#voxels_atlas" },
				"north": { "uv": [ 7.5, 9, 4.75, 9.25 ], "texture": "#voxels_atlas" },
				"south": { "uv": [ 10.5, 9.25, 13.25, 9.5 ], "texture": "#voxels_atlas" },
				"west": { "uv": [ 14.25, 10.5, 14.75, 10.75 ], "texture": "#voxels_atlas" },
				"east": { "uv": [ 15.25, 10.5, 14.75, 10.75 ], "texture": "#voxels_atlas" }
			}
		},
		{
			"__comment": "Voxels",
			"from": [ 6.75, 14.25, 7.5 ],
			"to": [ 9.25, 14.5, 8 ],
			"faces": {
				"up": { "uv": [ 1, 5.5, 3.5, 5 ], "texture": "#voxels_atlas" },
				"north": { "uv": [ 10, 9, 7.5, 9.25 ], "texture": "#voxels_atlas" },
				"south": { "uv": [ 10, 9, 12.5, 9.25 ], "texture": "#voxels_atlas" },
				"west": { "uv": [ 14.25, 9.25, 14.75, 9.5 ], "texture": "#voxels_atlas" },
				"east": { "uv": [ 15.25, 9.25, 14.75, 9.5 ], "texture": "#voxels_atlas" }
			}
		},
		{
			"__comment": "Voxels",
			"from": [ 7, 10, 7.5 ],
			"to": [ 9, 10.5, 8 ],
			"faces": {
				"down": { "uv": [ 1, 0.5, 3, 1 ], "texture": "#voxels_atlas" },
				"north": { "uv": [ 6.75, 9.25, 4.75, 9.75 ], "texture": "#voxels_atlas" },
				"south": { "uv": [ 1, 1, 3, 1.5 ], "texture": "#voxels_atlas" },
				"west": { "uv": [ 4.25, 8, 4.75, 8.5 ], "texture": "#voxels_atlas" },
				"east": { "uv": [ 4.75, 7, 4.25, 7.5 ], "texture": "#voxels_atlas" }
			}
		},
		{
			"__comment": "Voxels",
			"from": [ 7, 14.5, 7.5 ],
			"to": [ 9.25, 14.75, 8 ],
			"faces": {
				"up": { "uv": [ 1, 2, 3.25, 1.5 ], "texture": "#voxels_atlas" },
				"north": { "uv": [ 16, 10, 13.75, 10.25 ], "texture": "#voxels_atlas" },
				"south": { "uv": [ 13.75, 9.5, 16, 9.75 ], "texture": "#voxels_atlas" },
				"west": { "uv": [ 4.75, 6.75, 5.25, 7 ], "texture": "#voxels_atlas" },
				"east": { "uv": [ 15.25, 10.75, 14.75, 11 ], "texture": "#voxels_atlas" }
			}
		},
		{
			"__comment": "Voxels",
			"from": [ 7.25, 7.25, 7.5 ],
			"to": [ 8.25, 7.5, 8 ],
			"faces": {
				"down": { "uv": [ 15, 13.5, 16, 14 ], "texture": "#voxels_atlas" },
				"north": { "uv": [ 4, 0.75, 3, 1 ], "texture": "#voxels_atlas" },
				"south": { "uv": [ 3, 0.5, 4, 0.75 ], "texture": "#voxels_atlas" },
				"east": { "uv": [ 15.75, 11.25, 15.25, 11.5 ], "texture": "#voxels_atlas" }
			}
		},
		{
			"__comment": "Voxels",
			"from": [ 7.25, 9.5, 7.5 ],
			"to": [ 8.5, 10, 8 ],
			"faces": {
				"down": { "uv": [ 3.5, 4.5, 4.75, 5 ], "texture": "#voxels_atlas" },
				"north": { "uv": [ 4.75, 3.5, 3.5, 4 ], "texture": "#voxels_atlas" },
				"south": { "uv": [ 3.5, 3, 4.75, 3.5 ], "texture": "#voxels_atlas" },
				"west": { "uv": [ 0, 0.5, 0.5, 1 ], "texture": "#voxels_atlas" },
				"east": { "uv": [ 0.5, 0, 0, 0.5 ], "texture": "#voxels_atlas" }
			}
		},
		{
			"__comment": "Voxels",
			"from": [ 7.5, 9.25, 7.5 ],
			"to": [ 8.25, 9.5, 8 ],
			"faces": {
				"north": { "uv": [ 4.75, 0.75, 4, 1 ], "texture": "#voxels_atlas" },
				"south": { "uv": [ 4, 0, 4.75, 0.25 ], "texture": "#voxels_atlas" },
				"west": { "uv": [ 15.25, 10.25, 15.75, 10.5 ], "texture": "#voxels_atlas" },
				"east": { "uv": [ 13.75, 9.25, 13.25, 9.5 ], "texture": "#voxels_atlas" }
			}
		},
		{
			"__comment": "Voxels",
			"from": [ 7.5, 14.75, 7.5 ],
			"to": [ 9, 15, 8 ],
			"faces": {
				"up": { "uv": [ 14.5, 13, 16, 12.5 ], "texture": "#voxels_atlas" },
				"north": { "uv": [ 4.5, 1.25, 3, 1.5 ], "texture": "#voxels_atlas" },
				"south": { "uv": [ 3, 1, 4.5, 1.25 ], "texture": "#voxels_atlas" },
				"west": { "uv": [ 12.5, 9, 13, 9.25 ], "texture": "#voxels_atlas" },
				"east": { "uv": [ 13.5, 9, 13, 9.25 ], "texture": "#voxels_atlas" }
			}
		},
		{
			"__comment": "Voxels",
			"from": [ 7.75, 1.25, 7.5 ],
			"to": [ 8.25, 7.25, 8 ],
			"faces": {
				"down": { "uv": [ 0.5, 0.5, 1, 1 ], "texture": "#voxels_atlas" },
				"north": { "uv": [ 1, 10, 0.5, 16 ], "texture": "#voxels_atlas" },
				"south": { "uv": [ 0, 10, 0.5, 16 ], "texture": "#voxels_atlas" },
				"west": { "uv": [ 0.5, 4, 1, 10 ], "texture": "#voxels_atlas" },
				"east": { "uv": [ 0.5, 4, 0, 10 ], "texture": "#voxels_atlas" }
			}
		},
		{
			"__comment": "Voxels",
			"from": [ 8, 15, 7.5 ],
			"to": [ 9, 15.25, 8 ],
			"faces": {
				"up": { "uv": [ 3.25, 2, 4.25, 1.5 ], "texture": "#voxels_atlas" },
				"north": { "uv": [ 4, 0.25, 3, 0.5 ], "texture": "#voxels_atlas" },
				"south": { "uv": [ 3, 0, 4, 0.25 ], "texture": "#voxels_atlas" },
				"west": { "uv": [ 4.75, 6.5, 5.25, 6.75 ], "texture": "#voxels_atlas" },
				"east": { "uv": [ 5.25, 6.25, 4.75, 6.5 ], "texture": "#voxels_atlas" }
			}
		},
		{
			"__comment": "Voxels",
			"from": [ 8.25, 7.75, 7.5 ],
			"to": [ 8.75, 8, 8 ],
			"faces": {
				"down": { "uv": [ 4.25, 1.5, 4.75, 2 ], "texture": "#voxels_atlas" },
				"north": { "uv": [ 5.25, 5.5, 4.75, 5.75 ], "texture": "#voxels_atlas" },
				"south": { "uv": [ 4.75, 5.25, 5.25, 5.5 ], "texture": "#voxels_atlas" },
				"east": { "uv": [ 5.25, 4.75, 4.75, 5 ], "texture": "#voxels_atlas" }
			}
		},
		{
			"__comment": "Voxels",
			"from": [ 8.5, 9.75, 7.5 ],
			"to": [ 8.75, 10, 8 ],
			"faces": {
				"down": { "uv": [ 15.75, 12, 16, 12.5 ], "texture": "#voxels_atlas" },
				"north": { "uv": [ 16, 11.25, 15.75, 11.5 ], "texture": "#voxels_atlas" },
				"south": { "uv": [ 15.75, 11, 16, 11.25 ], "texture": "#voxels_atlas" },
				"east": { "uv": [ 5.25, 4.25, 4.75, 4.5 ], "texture": "#voxels_atlas" }
			}
		},
		{
			"__comment": "Voxels",
			"from": [ 8.5, 15.25, 7.5 ],
			"to": [ 8.75, 15.5, 8 ],
			"faces": {
				"up": { "uv": [ 4.75, 4.25, 5, 3.75 ], "texture": "#voxels_atlas" },
				"north": { "uv": [ 5.5, 7, 5.25, 7.25 ], "texture": "#voxels_atlas" },
				"south": { "uv": [ 5.5, 7, 5.75, 7.25 ], "texture": "#voxels_atlas" },
				"west": { "uv": [ 4.75, 3.25, 5.25, 3.5 ], "texture": "#voxels_atlas" },
				"east": { "uv": [ 5.25, 3, 4.75, 3.25 ], "texture": "#voxels_atlas" }
			}
		},
		{
			"__comment": "Voxels",
			"from": [ 9, 10.25, 7.5 ],
			"to": [ 9.25, 10.5, 8 ],
			"faces": {
				"down": { "uv": [ 5, 3.75, 5.25, 4.25 ], "texture": "#voxels_atlas" },
				"north": { "uv": [ 16, 10.5, 15.75, 10.75 ], "texture": "#voxels_atlas" },
				"south": { "uv": [ 5.5, 8.25, 5.75, 8.5 ], "texture": "#voxels_atlas" },
				"east": { "uv": [ 5.25, 2, 4.75, 2.25 ], "texture": "#voxels_atlas" }
			}
		},
		{
			"__comment": "Voxels",
			"from": [ 9.25, 8.25, 7.5 ],
			"to": [ 9.75, 8.5, 8 ],
			"faces": {
				"down": { "uv": [ 4.75, 8.5, 5.25, 9 ], "texture": "#voxels_atlas" },
				"north": { "uv": [ 5.25, 1.25, 4.75, 1.5 ], "texture": "#voxels_atlas" },
				"south": { "uv": [ 4.75, 1, 5.25, 1.25 ], "texture": "#voxels_atlas" },
				"east": { "uv": [ 5.25, 0.5, 4.75, 0.75 ], "texture": "#voxels_atlas" }
			}
		},
		{
			"__comment": "Voxels",
			"from": [ 9.75, 11, 7.5 ],
			"to": [ 10, 11.25, 8 ],
			"faces": {
				"down": { "uv": [ 5, 2.5, 5.25, 3 ], "texture": "#voxels_atlas" },
				"north": { "uv": [ 16, 10.25, 15.75, 10.5 ], "texture": "#voxels_atlas" },
				"south": { "uv": [ 15.75, 9.25, 16, 9.5 ], "texture": "#voxels_atlas" },
				"east": { "uv": [ 5.75, 8.5, 5.25, 8.75 ], "texture": "#voxels_atlas" }
			}
		},
		{
			"__comment": "Voxels",
			"from": [ 10.5, 11.75, 7.5 ],
			"to": [ 10.75, 12, 8 ],
			"faces": {
				"down": { "uv": [ 5, 0, 5.25, 0.5 ], "texture": "#voxels_atlas" },
				"up": { "uv": [ 5.25, 8.5, 5.5, 8 ], "texture": "#voxels_atlas" },
				"north": { "uv": [ 5.5, 7.25, 5.25, 7.5 ], "texture": "#voxels_atlas" },
				"south": { "uv": [ 5.5, 7.25, 5.75, 7.5 ], "texture": "#voxels_atlas" },
				"east": { "uv": [ 5.25, 3.5, 4.75, 3.75 ], "texture": "#voxels_atlas" }
			}
		}
	]
}