{
	"__comment": "Designed by MagicWorksMC with Cubik Studio - https://cubik.studio",
	"textures": {
		"particle": "item/signtextures/rrcbevm",
		"texture1": "item/signtextures/rrcbev",
		"texture": "item/signtextures/rrcbevm"
	},
	"elements": [ 	 
		{
			"__comment": "Box1",
			"from": [ 4.48, 3.68, 1.28 ],
			"to": [ 18.48, 9.18, 1.281 ],
			"faces": {
				"down": { "uv": [ 4.5, 14.499, 16, 14.5 ], "texture": "#texture1" },
				"up": { "uv": [ 4.5, 1.5, 16, 1.501 ], "texture": "#texture1" },
				"north": { "uv": [ 0, 7, 11.5, 12.5 ], "texture": "#texture1" },
				"south": { "uv": [ 0, 0, 14.5, 7 ], "texture": "#texture1" },
				"west": { "uv": [ 1.5, 7, 1.501, 12.5 ], "texture": "#texture1" },
				"east": { "uv": [ 14.499, 7, 14.5, 12.5 ], "texture": "#texture1" }
			}
		},
		{
			"__comment": "Voxels",
			"from": [ 1.25, 3.5, 0.75 ],
			"to": [ 18.5, 8.5, 1 ],
			"faces": {
				"down": { "uv": [ 0, 10.25, 8.625, 10.375 ], "texture": "#texture" },
				"up": { "uv": [ 0, 10.5, 8.625, 10.375 ], "texture": "#texture" },
				"north": { "uv": [ 8.625, 13.5, 0, 16 ], "texture": "#texture" },
				"south": { "uv": [ 0, 11, 8.625, 13.5 ], "texture": "#texture" },
				"west": { "uv": [ 0, 2, 0.125, 4.5 ], "texture": "#texture" },
				"east": { "uv": [ 0.25, 2, 0.125, 4.5 ], "texture": "#texture" }
			}
		},
		{
			"__comment": "Voxels",
			"from": [ 1.25, 3.5, 1 ],
			"to": [ 18.5, 3.75, 1.25 ],
			"faces": {
				"down": { "uv": [ 0, 10.125, 8.625, 10.25 ], "texture": "#texture" },
				"up": { "uv": [ 0, 10.125, 8.625, 10 ], "texture": "#texture" },
				"north": { "uv": [ 8.625, 9.875, 0, 10 ], "texture": "#texture" },
				"south": { "uv": [ 0, 9.75, 8.625, 9.875 ], "texture": "#texture" },
				"west": { "uv": [ 1.5, 7.875, 1.625, 8 ], "texture": "#texture" },
				"east": { "uv": [ 3.75, 8.875, 3.625, 9 ], "texture": "#texture" }
			}
		},
		{
			"__comment": "Voxels",
			"from": [ 1.25, 3.75, 1 ],
			"to": [ 1.75, 8.5, 1.25 ],
			"faces": {
				"down": { "uv": [ 0.875, 6.625, 1.125, 6.75 ], "texture": "#texture" },
				"up": { "uv": [ 15.75, 10, 16, 9.875 ], "texture": "#texture" },
				"north": { "uv": [ 0.25, 4.5, 0, 6.875 ], "texture": "#texture" },
				"south": { "uv": [ 0, 6.875, 0.25, 9.25 ], "texture": "#texture" },
				"west": { "uv": [ 0.375, 6.625, 0.5, 9 ], "texture": "#texture" },
				"east": { "uv": [ 0.375, 6.625, 0.25, 9 ], "texture": "#texture" }
			}
		},
		{
			"__comment": "Voxels",
			"from": [ 1.75, 7, 1 ],
			"to": [ 2.5, 7.5, 1.25 ],
			"faces": {
				"down": { "uv": [ 0.875, 7.375, 1.25, 7.5 ], "texture": "#texture" },
				"up": { "uv": [ 0.875, 7.375, 1.25, 7.25 ], "texture": "#texture" },
				"north": { "uv": [ 1.25, 8, 0.875, 8.25 ], "texture": "#texture" },
				"south": { "uv": [ 0.875, 8.25, 1.25, 8.5 ], "texture": "#texture" },
				"west": { "uv": [ 1.375, 7.375, 1.5, 7.625 ], "texture": "#texture" },
				"east": { "uv": [ 1.5, 7.625, 1.375, 7.875 ], "texture": "#texture" }
			}
		},
		{
			"__comment": "Voxels",
			"from": [ 1.75, 7.5, 1 ],
			"to": [ 2.25, 8, 1.25 ],
			"faces": {
				"down": { "uv": [ 15.75, 10, 16, 10.125 ], "texture": "#texture" },
				"up": { "uv": [ 15.75, 10.25, 16, 10.125 ], "texture": "#texture" },
				"north": { "uv": [ 16, 12.125, 15.75, 12.375 ], "texture": "#texture" },
				"south": { "uv": [ 15.75, 12.5, 16, 12.75 ], "texture": "#texture" },
				"west": { "uv": [ 1.375, 8.375, 1.5, 8.625 ], "texture": "#texture" },
				"east": { "uv": [ 1.5, 8.625, 1.375, 8.875 ], "texture": "#texture" }
			}
		},
		{
			"__comment": "Voxels",
			"from": [ 1.75, 8, 1 ],
			"to": [ 2, 8.5, 1.25 ],
			"faces": {
				"down": { "uv": [ 3.375, 8.875, 3.5, 9 ], "texture": "#texture" },
				"up": { "uv": [ 3.25, 9, 3.375, 8.875 ], "texture": "#texture" },
				"north": { "uv": [ 1.375, 7.375, 1.25, 7.625 ], "texture": "#texture" },
				"south": { "uv": [ 1.25, 7.625, 1.375, 7.875 ], "texture": "#texture" },
				"west": { "uv": [ 1.25, 7.875, 1.375, 8.125 ], "texture": "#texture" },
				"east": { "uv": [ 16, 10.5, 15.875, 10.75 ], "texture": "#texture" }
			}
		},
		{
			"__comment": "Voxels",
			"from": [ 2, 6.5, 1 ],
			"to": [ 2.75, 7, 1.25 ],
			"faces": {
				"down": { "uv": [ 0.875, 7.125, 1.25, 7.25 ], "texture": "#texture" },
				"up": { "uv": [ 0.875, 7.125, 1.25, 7 ], "texture": "#texture" },
				"north": { "uv": [ 1.25, 8.5, 0.875, 8.75 ], "texture": "#texture" },
				"south": { "uv": [ 15.625, 13.5, 16, 13.75 ], "texture": "#texture" },
				"west": { "uv": [ 0.5, 6.75, 0.625, 7 ], "texture": "#texture" },
				"east": { "uv": [ 16, 11, 15.875, 11.25 ], "texture": "#texture" }
			}
		},
		{
			"__comment": "Voxels",
			"from": [ 2, 8.25, 1 ],
			"to": [ 18.75, 8.5, 1.25 ],
			"faces": {
				"down": { "uv": [ 0, 9.25, 8.375, 9.375 ], "texture": "#texture" },
				"up": { "uv": [ 0, 9.5, 8.375, 9.375 ], "texture": "#texture" },
				"north": { "uv": [ 8.375, 9.5, 0, 9.625 ], "texture": "#texture" },
				"south": { "uv": [ 0, 9.625, 8.375, 9.75 ], "texture": "#texture" },
				"west": { "uv": [ 3.5, 8.875, 3.625, 9 ], "texture": "#texture" },
				"east": { "uv": [ 1.625, 7.625, 1.5, 7.75 ], "texture": "#texture" }
			}
		},
		{
			"__comment": "Voxels",
			"from": [ 2.25, 6, 1 ],
			"to": [ 3, 6.5, 1.25 ],
			"faces": {
				"down": { "uv": [ 0.875, 6.875, 1.25, 7 ], "texture": "#texture" },
				"up": { "uv": [ 0.875, 6.875, 1.25, 6.75 ], "texture": "#texture" },
				"north": { "uv": [ 16, 10.75, 15.625, 11 ], "texture": "#texture" },
				"south": { "uv": [ 0.875, 8.75, 1.25, 9 ], "texture": "#texture" },
				"west": { "uv": [ 15.75, 11, 15.875, 11.25 ], "texture": "#texture" },
				"east": { "uv": [ 1.625, 8.375, 1.5, 8.625 ], "texture": "#texture" }
			}
		},
		{
			"__comment": "Voxels",
			"from": [ 2.5, 5.5, 1 ],
			"to": [ 3.75, 6, 1.25 ],
			"faces": {
				"down": { "uv": [ 15.375, 9.375, 16, 9.5 ], "texture": "#texture" },
				"up": { "uv": [ 15.375, 9.375, 16, 9.25 ], "texture": "#texture" },
				"north": { "uv": [ 15.625, 10.75, 15, 11 ], "texture": "#texture" },
				"south": { "uv": [ 14.25, 10.5, 14.875, 10.75 ], "texture": "#texture" },
				"west": { "uv": [ 1.5, 8.625, 1.625, 8.875 ], "texture": "#texture" },
				"east": { "uv": [ 1.5, 6.625, 1.375, 6.875 ], "texture": "#texture" }
			}
		},
		{
			"__comment": "Voxels",
			"from": [ 2.75, 5, 1 ],
			"to": [ 3.75, 5.5, 1.25 ],
			"faces": {
				"down": { "uv": [ 1.25, 8.875, 1.75, 9 ], "texture": "#texture" },
				"up": { "uv": [ 1.75, 9, 2.25, 8.875 ], "texture": "#texture" },
				"north": { "uv": [ 15.875, 10.5, 15.375, 10.75 ], "texture": "#texture" },
				"south": { "uv": [ 14.875, 10.5, 15.375, 10.75 ], "texture": "#texture" },
				"west": { "uv": [ 1.375, 6.875, 1.5, 7.125 ], "texture": "#texture" },
				"east": { "uv": [ 1.5, 7.125, 1.375, 7.375 ], "texture": "#texture" }
			}
		},
		{
			"__comment": "Voxels",
			"from": [ 3, 4.75, 1 ],
			"to": [ 3.75, 5, 1.25 ],
			"faces": {
				"down": { "uv": [ 0.875, 7.875, 1.25, 8 ], "texture": "#texture" },
				"up": { "uv": [ 0.875, 7.875, 1.25, 7.75 ], "texture": "#texture" },
				"north": { "uv": [ 1.25, 7.625, 0.875, 7.75 ], "texture": "#texture" },
				"south": { "uv": [ 0.875, 7.5, 1.25, 7.625 ], "texture": "#texture" },
				"west": { "uv": [ 1.5, 7.75, 1.625, 7.875 ], "texture": "#texture" },
				"east": { "uv": [ 1.625, 8, 1.5, 8.125 ], "texture": "#texture" }
			}
		},
		{
			"__comment": "Voxels",
			"from": [ 3.25, 3.75, 1 ],
			"to": [ 3.75, 4.75, 1.25 ],
			"faces": {
				"down": { "uv": [ 2.5, 8.875, 2.75, 9 ], "texture": "#texture" },
				"up": { "uv": [ 2.25, 9, 2.5, 8.875 ], "texture": "#texture" },
				"north": { "uv": [ 0.25, 0.375, 0, 0.875 ], "texture": "#texture" },
				"south": { "uv": [ 0.625, 8.5, 0.875, 9 ], "texture": "#texture" },
				"west": { "uv": [ 0.625, 7, 0.75, 7.5 ], "texture": "#texture" },
				"east": { "uv": [ 0.875, 7, 0.75, 7.5 ], "texture": "#texture" }
			}
		},
		{
			"__comment": "Voxels",
			"from": [ 3.25, 6, 1 ],
			"to": [ 3.75, 8.25, 1.25 ],
			"faces": {
				"down": { "uv": [ 2.75, 8.875, 3, 9 ], "texture": "#texture" },
				"up": { "uv": [ 3, 9, 3.25, 8.875 ], "texture": "#texture" },
				"north": { "uv": [ 15.875, 13.75, 15.625, 14.875 ], "texture": "#texture" },
				"south": { "uv": [ 15.625, 14.875, 15.875, 16 ], "texture": "#texture" },
				"west": { "uv": [ 15.875, 13.75, 16, 14.875 ], "texture": "#texture" },
				"east": { "uv": [ 16, 14.875, 15.875, 16 ], "texture": "#texture" }
			}
		},
		{
			"__comment": "Voxels",
			"from": [ 3.75, 7, 1 ],
			"to": [ 18.75, 7.5, 1.25 ],
			"faces": {
				"down": { "uv": [ 8.375, 9.5, 15.875, 9.625 ], "texture": "#texture" },
				"up": { "uv": [ 8.375, 9.75, 15.875, 9.625 ], "texture": "#texture" },
				"north": { "uv": [ 7.5, 10.75, 0, 11 ], "texture": "#texture" },
				"south": { "uv": [ 7.5, 10.75, 15, 11 ], "texture": "#texture" },
				"west": { "uv": [ 1.25, 8.125, 1.375, 8.375 ], "texture": "#texture" },
				"east": { "uv": [ 1.375, 6.875, 1.25, 7.125 ], "texture": "#texture" }
			}
		},
		{
			"__comment": "Voxels",
			"from": [ 3.75, 7.5, 1 ],
			"to": [ 4.25, 7.75, 1.25 ],
			"faces": {
				"down": { "uv": [ 15.75, 12.375, 16, 12.5 ], "texture": "#texture" },
				"up": { "uv": [ 15.75, 12.125, 16, 12 ], "texture": "#texture" },
				"north": { "uv": [ 16, 11.375, 15.75, 11.5 ], "texture": "#texture" },
				"south": { "uv": [ 15.75, 11.25, 16, 11.375 ], "texture": "#texture" },
				"west": { "uv": [ 15.875, 9.625, 16, 9.75 ], "texture": "#texture" },
				"east": { "uv": [ 16, 9.5, 15.875, 9.625 ], "texture": "#texture" }
			}
		},
		{
			"__comment": "Voxels",
			"from": [ 3.75, 7.75, 1 ],
			"to": [ 4, 8.25, 1.25 ],
			"faces": {
				"down": { "uv": [ 1.125, 6.625, 1.25, 6.75 ], "texture": "#texture" },
				"up": { "uv": [ 0.5, 6.75, 0.625, 6.625 ], "texture": "#texture" },
				"north": { "uv": [ 0.75, 6.75, 0.625, 7 ], "texture": "#texture" },
				"south": { "uv": [ 0.75, 6.75, 0.875, 7 ], "texture": "#texture" },
				"west": { "uv": [ 1.25, 8.625, 1.375, 8.875 ], "texture": "#texture" },
				"east": { "uv": [ 1.375, 8.375, 1.25, 8.625 ], "texture": "#texture" }
			}
		},
		{
			"__comment": "Voxels",
			"from": [ 4, 6.5, 1 ],
			"to": [ 18.75, 7, 1.25 ],
			"faces": {
				"down": { "uv": [ 8.625, 10.25, 16, 10.375 ], "texture": "#texture" },
				"up": { "uv": [ 8.625, 10.5, 16, 10.375 ], "texture": "#texture" },
				"north": { "uv": [ 16, 11.75, 8.625, 12 ], "texture": "#texture" },
				"south": { "uv": [ 8.625, 11.5, 16, 11.75 ], "texture": "#texture" },
				"west": { "uv": [ 1.25, 7.125, 1.375, 7.375 ], "texture": "#texture" },
				"east": { "uv": [ 1.375, 6.625, 1.25, 6.875 ], "texture": "#texture" }
			}
		},
		{
			"__comment": "Voxels",
			"from": [ 4.25, 6, 1 ],
			"to": [ 18.5, 6.5, 1.25 ],
			"faces": {
				"down": { "uv": [ 8.625, 10, 15.75, 10.125 ], "texture": "#texture" },
				"up": { "uv": [ 8.625, 10.25, 15.75, 10.125 ], "texture": "#texture" },
				"north": { "uv": [ 15.75, 11.25, 8.625, 11.5 ], "texture": "#texture" },
				"south": { "uv": [ 8.625, 11, 15.75, 11.25 ], "texture": "#texture" },
				"west": { "uv": [ 1.375, 8.125, 1.5, 8.375 ], "texture": "#texture" },
				"east": { "uv": [ 1.5, 7.875, 1.375, 8.125 ], "texture": "#texture" }
			}
		},
		{
			"__comment": "Voxels",
			"from": [ 4.5, 3.25, 0.75 ],
			"to": [ 11.5, 3.5, 1.25 ],
			"faces": {
				"down": { "uv": [ 8.625, 13.5, 12.125, 13.75 ], "texture": "#texture" },
				"up": { "uv": [ 12.125, 13.75, 15.625, 13.5 ], "texture": "#texture" },
				"north": { "uv": [ 3.75, 9.125, 0.25, 9.25 ], "texture": "#texture" },
				"south": { "uv": [ 0.25, 9, 3.75, 9.125 ], "texture": "#texture" },
				"west": { "uv": [ 15.75, 9.75, 16, 9.875 ], "texture": "#texture" },
				"east": { "uv": [ 0.875, 6.625, 0.625, 6.75 ], "texture": "#texture" }
			}
		},
		{
			"__comment": "Voxels",
			"from": [ 4.5, 3.75, 1 ],
			"to": [ 18.5, 6, 1.25 ],
			"faces": {
				"down": { "uv": [ 8.375, 9.375, 15.375, 9.5 ], "texture": "#texture" },
				"up": { "uv": [ 8.375, 9.375, 15.375, 9.25 ], "texture": "#texture" },
				"north": { "uv": [ 15.625, 14.875, 8.625, 16 ], "texture": "#texture" },
				"south": { "uv": [ 8.625, 13.75, 15.625, 14.875 ], "texture": "#texture" },
				"west": { "uv": [ 0, 0.875, 0.125, 2 ], "texture": "#texture" },
				"east": { "uv": [ 0.25, 0.875, 0.125, 2 ], "texture": "#texture" }
			}
		},
		{
			"__comment": "Voxels",
			"from": [ 4.5, 7.5, 1 ],
			"to": [ 18.75, 8.25, 1.25 ],
			"faces": {
				"down": { "uv": [ 8.625, 9.875, 15.75, 10 ], "texture": "#texture" },
				"up": { "uv": [ 8.625, 9.875, 15.75, 9.75 ], "texture": "#texture" },
				"north": { "uv": [ 15.75, 12, 8.625, 12.375 ], "texture": "#texture" },
				"south": { "uv": [ 8.625, 12.75, 15.75, 13.125 ], "texture": "#texture" },
				"west": { "uv": [ 0, 0, 0.125, 0.375 ], "texture": "#texture" },
				"east": { "uv": [ 0.25, 0, 0.125, 0.375 ], "texture": "#texture" }
			}
		},
		{
			"__comment": "Voxels",
			"from": [ 4.5, 8.5, 0.75 ],
			"to": [ 18.75, 9.25, 1.25 ],
			"faces": {
				"down": { "uv": [ 7.125, 10.5, 14.25, 10.75 ], "texture": "#texture" },
				"up": { "uv": [ 0, 10.75, 7.125, 10.5 ], "texture": "#texture" },
				"north": { "uv": [ 15.75, 12.375, 8.625, 12.75 ], "texture": "#texture" },
				"south": { "uv": [ 8.625, 13.125, 15.75, 13.5 ], "texture": "#texture" },
				"west": { "uv": [ 15.75, 13.125, 16, 13.5 ], "texture": "#texture" },
				"east": { "uv": [ 16, 12.75, 15.75, 13.125 ], "texture": "#texture" }
			}
		},
		{
			"__comment": "Voxels",
			"from": [ 18.5, 6.5, 0.75 ],
			"to": [ 18.75, 8.5, 1 ],
			"faces": {
				"down": { "uv": [ 1.5, 8.25, 1.625, 8.375 ], "texture": "#texture" },
				"up": { "uv": [ 1.5, 8.25, 1.625, 8.125 ], "texture": "#texture" },
				"north": { "uv": [ 0.625, 7, 0.5, 8 ], "texture": "#texture" },
				"south": { "uv": [ 0.625, 7.5, 0.75, 8.5 ], "texture": "#texture" },
				"west": { "uv": [ 0.75, 7.5, 0.875, 8.5 ], "texture": "#texture" },
				"east": { "uv": [ 0.625, 8, 0.5, 9 ], "texture": "#texture" }
			}
		}
	],
	"display": {
		"head": {
			"rotation":  [ 0, 180, 0 ],
			"translation":  [ 11.826, 3.4782, -24.34 ],
			"scale":  [ 3.2, 3.2, 3.2 ]
		}
	}
}