{
	"__comment": "Designed by MagicWorksMC with Cubik Studio - https://cubik.studio",
	"textures": {
		"particle": "item/signtextures/rrcparking2",
		"texture1": "item/signtextures/rrcpark",
		"texture": "item/signtextures/rrcparking2"
	},
	"elements": [ 	 
		{
			"__comment": "Box1",
			"from": [ 2.72, 5.6, 7.84 ],
			"to": [ 18.56, 12.32, 7.841 ],
			"faces": {
				"down": { "uv": [ 1, 6.999, 14, 7 ], "texture": "#texture1" },
				"up": { "uv": [ 1, 9, 14, 9.000999 ], "texture": "#texture1" },
				"north": { "uv": [ 3.5, 6, 13, 9 ], "texture": "#texture1" },
				"south": { "uv": [ 1, 9, 15.5, 15 ], "texture": "#texture1" },
				"west": { "uv": [ 9, 4, 9.001, 9.5 ], "texture": "#texture1" },
				"east": { "uv": [ 6.999, 4, 7, 9.5 ], "texture": "#texture1" }
			}
		},
		{
			"__comment": "Voxels",
			"from": [ 1, 11.75, 7.25 ],
			"to": [ 19.5, 12.5, 7.75 ],
			"faces": {
				"down": { "uv": [ 0, 9.25, 9.25, 9.5 ], "texture": "#texture" },
				"up": { "uv": [ 0, 9.75, 9.25, 9.5 ], "texture": "#texture" },
				"north": { "uv": [ 9.25, 10.125, 0, 10.5 ], "texture": "#texture" },
				"south": { "uv": [ 0, 9.75, 9.25, 10.125 ], "texture": "#texture" },
				"west": { "uv": [ 12.875, 14.875, 13.125, 15.25 ], "texture": "#texture" },
				"east": { "uv": [ 13.125, 14.5, 12.875, 14.875 ], "texture": "#texture" }
			}
		},
		{
			"__comment": "Voxels",
			"from": [ 1.25, 10.25, 7.25 ],
			"to": [ 19.25, 11.75, 7.75 ],
			"faces": {
				"down": { "uv": [ 0, 9, 9, 9.25 ], "texture": "#texture" },
				"up": { "uv": [ 0, 9, 9, 8.75 ], "texture": "#texture" },
				"north": { "uv": [ 9, 15.25, 0, 16 ], "texture": "#texture" },
				"south": { "uv": [ 0, 14.5, 9, 15.25 ], "texture": "#texture" },
				"west": { "uv": [ 15.125, 15.25, 15.375, 16 ], "texture": "#texture" },
				"east": { "uv": [ 15.625, 15.25, 15.375, 16 ], "texture": "#texture" }
			}
		},
		{
			"__comment": "Voxels",
			"from": [ 1.5, 8.75, 7.25 ],
			"to": [ 19, 10.25, 7.75 ],
			"faces": {
				"down": { "uv": [ 0, 8.5, 8.75, 8.75 ], "texture": "#texture" },
				"up": { "uv": [ 0, 8.5, 8.75, 8.25 ], "texture": "#texture" },
				"north": { "uv": [ 8.75, 13.75, 0, 14.5 ], "texture": "#texture" },
				"south": { "uv": [ 0, 13, 8.75, 13.75 ], "texture": "#texture" },
				"west": { "uv": [ 15.625, 15.25, 15.875, 16 ], "texture": "#texture" },
				"east": { "uv": [ 11.375, 14.5, 11.125, 15.25 ], "texture": "#texture" }
			}
		},
		{
			"__comment": "Voxels",
			"from": [ 1.75, 7.25, 7.25 ],
			"to": [ 19, 8.75, 7.75 ],
			"faces": {
				"down": { "uv": [ 0, 8, 8.625, 8.25 ], "texture": "#texture" },
				"up": { "uv": [ 0, 8, 8.625, 7.75 ], "texture": "#texture" },
				"north": { "uv": [ 8.625, 12.25, 0, 13 ], "texture": "#texture" },
				"south": { "uv": [ 0, 11.5, 8.625, 12.25 ], "texture": "#texture" },
				"west": { "uv": [ 11.375, 14.5, 11.625, 15.25 ], "texture": "#texture" },
				"east": { "uv": [ 11.875, 14.5, 11.625, 15.25 ], "texture": "#texture" }
			}
		},
		{
			"__comment": "Voxels",
			"from": [ 2, 6.25, 7.25 ],
			"to": [ 18.75, 7.25, 7.75 ],
			"faces": {
				"down": { "uv": [ 0, 7.5, 8.375, 7.75 ], "texture": "#texture" },
				"up": { "uv": [ 0, 7.5, 8.375, 7.25 ], "texture": "#texture" },
				"north": { "uv": [ 8.375, 11, 0, 11.5 ], "texture": "#texture" },
				"south": { "uv": [ 0, 10.5, 8.375, 11 ], "texture": "#texture" },
				"west": { "uv": [ 12.375, 14.75, 12.625, 15.25 ], "texture": "#texture" },
				"east": { "uv": [ 12.875, 14.75, 12.625, 15.25 ], "texture": "#texture" }
			}
		},
		{
			"__comment": "Voxels",
			"from": [ 6.5, 6, 7.25 ],
			"to": [ 18.75, 6.25, 7.75 ],
			"faces": {
				"down": { "uv": [ 9, 15.5, 15.125, 15.75 ], "texture": "#texture" },
				"up": { "uv": [ 9, 16, 15.125, 15.75 ], "texture": "#texture" },
				"north": { "uv": [ 15.125, 15.375, 9, 15.5 ], "texture": "#texture" },
				"south": { "uv": [ 9, 15.25, 15.125, 15.375 ], "texture": "#texture" },
				"west": { "uv": [ 11.875, 14.5, 12.125, 14.625 ], "texture": "#texture" },
				"east": { "uv": [ 13.5, 14.75, 13.25, 14.875 ], "texture": "#texture" }
			}
		},
		{
			"__comment": "Voxels",
			"from": [ 14.5, 5.75, 7.25 ],
			"to": [ 18.75, 6, 7.75 ],
			"faces": {
				"down": { "uv": [ 9, 14.75, 11.125, 15 ], "texture": "#texture" },
				"up": { "uv": [ 9, 15.25, 11.125, 15 ], "texture": "#texture" },
				"north": { "uv": [ 11.125, 14.625, 9, 14.75 ], "texture": "#texture" },
				"south": { "uv": [ 9, 14.5, 11.125, 14.625 ], "texture": "#texture" },
				"west": { "uv": [ 13.25, 14.625, 13.5, 14.75 ], "texture": "#texture" },
				"east": { "uv": [ 13.5, 14.5, 13.25, 14.625 ], "texture": "#texture" }
			}
		},
		{
			"__comment": "Voxels",
			"from": [ 18.75, 7, 7.25 ],
			"to": [ 19, 7.25, 7.75 ],
			"faces": {
				"down": { "uv": [ 13.5, 15, 13.625, 15.25 ], "texture": "#texture" },
				"up": { "uv": [ 13.625, 14.75, 13.75, 14.5 ], "texture": "#texture" },
				"north": { "uv": [ 16, 15.25, 15.875, 15.375 ], "texture": "#texture" },
				"south": { "uv": [ 13.125, 14.5, 13.25, 14.625 ], "texture": "#texture" },
				"west": { "uv": [ 12.125, 14.5, 12.375, 14.625 ], "texture": "#texture" },
				"east": { "uv": [ 13.5, 15.125, 13.25, 15.25 ], "texture": "#texture" }
			}
		},
		{
			"__comment": "Voxels",
			"from": [ 19, 9, 7.25 ],
			"to": [ 19.25, 10.25, 7.75 ],
			"faces": {
				"down": { "uv": [ 13.25, 14.875, 13.375, 15.125 ], "texture": "#texture" },
				"up": { "uv": [ 13.375, 15.125, 13.5, 14.875 ], "texture": "#texture" },
				"north": { "uv": [ 16, 15.375, 15.875, 16 ], "texture": "#texture" },
				"south": { "uv": [ 13.125, 14.625, 13.25, 15.25 ], "texture": "#texture" },
				"west": { "uv": [ 11.875, 14.625, 12.125, 15.25 ], "texture": "#texture" },
				"east": { "uv": [ 12.375, 14.625, 12.125, 15.25 ], "texture": "#texture" }
			}
		},
		{
			"__comment": "Voxels",
			"from": [ 19.25, 11.25, 7.25 ],
			"to": [ 19.5, 11.75, 7.75 ],
			"faces": {
				"down": { "uv": [ 13.5, 14.75, 13.625, 15 ], "texture": "#texture" },
				"up": { "uv": [ 13.5, 14.75, 13.625, 14.5 ], "texture": "#texture" },
				"north": { "uv": [ 13.75, 15, 13.625, 15.25 ], "texture": "#texture" },
				"south": { "uv": [ 13.625, 14.75, 13.75, 15 ], "texture": "#texture" },
				"west": { "uv": [ 12.625, 14.5, 12.875, 14.75 ], "texture": "#texture" },
				"east": { "uv": [ 12.625, 14.5, 12.375, 14.75 ], "texture": "#texture" }
			}
		}
	],
	"display": {
		"head": {
			"rotation":  [ 0, 180, 0 ],
			"translation":  [ 6.2604, 1.3918, -1.391 ],
			"scale":  [ 3, 3, 3 ]
		}
	}
}