{
	"__comment": "Designed by MagicWorksMC with Cubik Studio - https://cubik.studio",
	"textures": {
		"particle": "item/signtextures/warning",
		"texture": "item/signtextures/warning"
	},
	"elements": [ 	 
		{
			"__comment": "Voxels",
			"from": [ 7.5, 0, 8 ],
			"to": [ 7.875, 7.125, 15.125 ],
			"rotation": { "origin": [ 7.5, 0, 8 ], "axis": "x", "angle": -45 },
			"faces": {
				"down": { "uv": [ 14.25, 8.875, 14.625, 16 ], "texture": "#texture" },
				"up": { "uv": [ 14.625, 16, 15, 8.875 ], "texture": "#texture" },
				"north": { "uv": [ 15.375, 8.875, 15, 16 ], "texture": "#texture" },
				"south": { "uv": [ 15.375, 8.875, 15.75, 16 ], "texture": "#texture" },
				"west": { "uv": [ 0, 8.875, 7.125, 16 ], "texture": "#texture" },
				"east": { "uv": [ 14.25, 8.875, 7.125, 16 ], "texture": "#texture" }
			}
		}
	],
	"display": {
		"head": {
			"rotation":  [ 90, 0, 90 ],
			"translation":  [ -8.347, 0, 0 ],
			"scale":  [ 3, 3, 3 ]
		}
	}
}