{
	"__comment": "Designed by MagicWorksMC with Cubik Studio - https://cubik.studio",
	"textures": {
		"particle": "item/signtextures/watchopposing_m",
		"sign": "item/signtextures/watchopposing",
		"texture": "item/signtextures/watchopposing_m"
	},
	"elements": [ 	 
		{
			"__comment": "Box1",
			"from": [ 7.44, 0.32, -3.84 ],
			"to": [ 7.441, 9.28, 19.2 ],
			"faces": {
				"down": { "uv": [ 7, 0, 7.001, 16 ], "texture": "#sign", "cullface": "south" },
				"up": { "uv": [ 7, 0, 7.001, 16 ], "texture": "#sign", "cullface": "south" },
				"north": { "uv": [ 8.999, 6.5, 9, 7.5 ], "texture": "#sign", "cullface": "south" },
				"south": { "uv": [ 7.5, 9.5, 7.5, 10 ], "texture": "#sign", "cullface": "south" },
				"west": { "uv": [ 0, 0, 16, 7 ], "texture": "#sign", "cullface": "south" },
				"east": { "uv": [ 0, 6.5, 16, 16 ], "texture": "#sign", "cullface": "south" }
			}
		},
		{
			"__comment": "Voxels",
			"from": [ 7.4667, 0, -5.3333 ],
			"to": [ 8.000033, 9.6, 21.0667 ],
			"faces": {
				"down": { "uv": [ 0, 5.3125, 0.125, 11.5 ], "texture": "#texture" },
				"up": { "uv": [ 0.125, 11.5, 0.25, 5.3125 ], "texture": "#texture" },
				"north": { "uv": [ 6.3125, 13.75, 6.1875, 16 ], "texture": "#texture" },
				"south": { "uv": [ 6.3125, 13.75, 6.4375, 16 ], "texture": "#texture", "cullface": "south" },
				"west": { "uv": [ 0, 13.75, 6.1875, 16 ], "texture": "#texture" },
				"east": { "uv": [ 6.1875, 11.5, 0, 13.75 ], "texture": "#texture" }
			}
		},
		{
			"__comment": "Voxels",
			"from": [ 7.4667, 0.2667, -5.6 ],
			"to": [ 8.000033, 9.333367, -5.333333 ],
			"faces": {
				"down": { "uv": [ 6.4375, 13.8125, 6.5625, 13.875 ], "texture": "#texture", "cullface": "north" },
				"up": { "uv": [ 6.4375, 13.8125, 6.5625, 13.75 ], "texture": "#texture", "cullface": "north" },
				"north": { "uv": [ 6.5625, 13.875, 6.4375, 16 ], "texture": "#texture", "cullface": "north" },
				"south": { "uv": [ 6.5625, 13.875, 6.6875, 16 ], "texture": "#texture", "cullface": "north" },
				"west": { "uv": [ 6.9375, 13.875, 7, 16 ], "texture": "#texture", "cullface": "north" },
				"east": { "uv": [ 7.0625, 13.875, 7, 16 ], "texture": "#texture", "cullface": "north" }
			}
		},
		{
			"__comment": "Voxels",
			"from": [ 7.4667, 0.2667, 21.0667 ],
			"to": [ 8.000033, 9.333367, 21.33337 ],
			"faces": {
				"down": { "uv": [ 6.5625, 13.8125, 6.6875, 13.875 ], "texture": "#texture", "cullface": "south" },
				"up": { "uv": [ 6.5625, 13.8125, 6.6875, 13.75 ], "texture": "#texture", "cullface": "south" },
				"north": { "uv": [ 6.8125, 13.875, 6.6875, 16 ], "texture": "#texture", "cullface": "south" },
				"south": { "uv": [ 6.8125, 13.875, 6.9375, 16 ], "texture": "#texture", "cullface": "south" },
				"west": { "uv": [ 7.0625, 13.875, 7.125, 16 ], "texture": "#texture", "cullface": "south" },
				"east": { "uv": [ 7.1875, 13.875, 7.125, 16 ], "texture": "#texture", "cullface": "south" }
			}
		}
	],
	"display": {
		"gui": {
			"rotation":  [ 0, 90, 0 ],
			"translation":  [ 0, 3.4782, 0 ]
		},
		"head": {
			"rotation":  [ 0, -90, 0 ],
			"translation":  [ 0, 10.434, -6.26 ],
			"scale":  [ 3.5, 3.5, 3.5 ]
		},
		"fixed": {
			"rotation":  [ 0, -90, 0 ],
			"translation":  [ 0, 3.4782, 0 ]
		}
	}
}