{
	"__comment": "Designed by MagicWorksMC with Cubik Studio - https://cubik.studio",
	"textures": {
		"particle": "item/ridecarttextures/riselight_m",
		"texture": "item/ridecarttextures/riselight_m"
	},
	"elements": [ 	 
		{
			"__comment": "Voxels",
			"from": [ -1.28, -11.52, 1.28 ],
			"to": [ -0.96, 3.52, 1.92 ],
			"faces": {
				"down": { "uv": [ 0.125, 9.375, 0.25, 9.625 ], "texture": "#texture", "cullface": "west" },
				"up": { "uv": [ 0, 9.125, 0.125, 8.875 ], "texture": "#texture", "cullface": "west" },
				"north": { "uv": [ 3.375, 10.125, 3.25, 16 ], "texture": "#texture", "cullface": "west" },
				"south": { "uv": [ 3.375, 10.125, 3.5, 16 ], "texture": "#texture", "cullface": "west" },
				"west": { "uv": [ 0, 10.125, 0.25, 16 ], "texture": "#texture", "cullface": "west" },
				"east": { "uv": [ 0.5, 10.125, 0.25, 16 ], "texture": "#texture", "cullface": "west" }
			}
		},
		{
			"__comment": "Voxels",
			"from": [ -1.28, -11.52, 4.16 ],
			"to": [ -0.96, -3.84, 4.8 ],
			"faces": {
				"down": { "uv": [ 0.125, 8.875, 0.25, 9.125 ], "texture": "#texture" },
				"up": { "uv": [ 0, 8.875, 0.125, 8.625 ], "texture": "#texture" },
				"north": { "uv": [ 14.625, 8.75, 14.5, 11.75 ], "texture": "#texture" },
				"south": { "uv": [ 11.125, 8.125, 11.25, 11.125 ], "texture": "#texture" },
				"west": { "uv": [ 3, 10, 3.25, 13 ], "texture": "#texture" },
				"east": { "uv": [ 3.25, 13, 3, 16 ], "texture": "#texture" }
			}
		},
		{
			"__comment": "Voxels",
			"from": [ -1.28, -11.52, 7.04 ],
			"to": [ -0.96, 3.52, 7.68 ],
			"faces": {
				"down": { "uv": [ 0.125, 8.375, 0.25, 8.625 ], "texture": "#texture", "cullface": "west" },
				"up": { "uv": [ 0, 8.375, 0.125, 8.125 ], "texture": "#texture", "cullface": "west" },
				"north": { "uv": [ 3.625, 10.125, 3.5, 16 ], "texture": "#texture", "cullface": "west" },
				"south": { "uv": [ 3.625, 10.125, 3.75, 16 ], "texture": "#texture", "cullface": "west" },
				"west": { "uv": [ 0.5, 10.125, 0.75, 16 ], "texture": "#texture", "cullface": "west" },
				"east": { "uv": [ 1, 10.125, 0.75, 16 ], "texture": "#texture", "cullface": "west" }
			}
		},
		{
			"__comment": "Voxels",
			"from": [ -1.28, -11.2, 0.96 ],
			"to": [ -0.96, 3.2, 1.28 ],
			"faces": {
				"down": { "uv": [ 0.5, 8.75, 0.625, 8.875 ], "texture": "#texture", "cullface": "west" },
				"up": { "uv": [ 0.625, 9, 0.75, 8.875 ], "texture": "#texture", "cullface": "west" },
				"north": { "uv": [ 5.5, 10.375, 5.375, 16 ], "texture": "#texture", "cullface": "west" },
				"west": { "uv": [ 5, 10.375, 5.125, 16 ], "texture": "#texture", "cullface": "west" },
				"east": { "uv": [ 4, 10.375, 3.875, 16 ], "texture": "#texture", "cullface": "west" }
			}
		},
		{
			"__comment": "Voxels",
			"from": [ -1.28, -11.2, 1.92 ],
			"to": [ -0.96, 3.2, 2.24 ],
			"faces": {
				"down": { "uv": [ 0.5, 8.875, 0.625, 9 ], "texture": "#texture", "cullface": "west" },
				"up": { "uv": [ 0.625, 9.375, 0.75, 9.25 ], "texture": "#texture", "cullface": "west" },
				"south": { "uv": [ 4.125, 10.375, 4.25, 16 ], "texture": "#texture", "cullface": "west" },
				"west": { "uv": [ 4.25, 10.375, 4.375, 16 ], "texture": "#texture", "cullface": "west" },
				"east": { "uv": [ 4.5, 10.375, 4.375, 16 ], "texture": "#texture", "cullface": "west" }
			}
		},
		{
			"__comment": "Voxels",
			"from": [ -1.28, -11.2, 3.84 ],
			"to": [ -0.96, -4.16, 4.16 ],
			"faces": {
				"down": { "uv": [ 0.5, 9.25, 0.625, 9.375 ], "texture": "#texture" },
				"up": { "uv": [ 0.625, 9.625, 0.75, 9.5 ], "texture": "#texture" },
				"north": { "uv": [ 8.375, 8, 8.25, 10.75 ], "texture": "#texture" },
				"west": { "uv": [ 8.375, 8, 8.5, 10.75 ], "texture": "#texture" },
				"east": { "uv": [ 1.625, 8.125, 1.5, 10.875 ], "texture": "#texture" }
			}
		},
		{
			"__comment": "Voxels",
			"from": [ -1.28, -11.2, 4.8 ],
			"to": [ -0.96, -4.16, 5.12 ],
			"faces": {
				"down": { "uv": [ 0.5, 9.5, 0.625, 9.625 ], "texture": "#texture" },
				"up": { "uv": [ 0.5, 10, 0.625, 9.875 ], "texture": "#texture" },
				"south": { "uv": [ 1.75, 8.125, 1.875, 10.875 ], "texture": "#texture" },
				"west": { "uv": [ 1.875, 8.125, 2, 10.875 ], "texture": "#texture" },
				"east": { "uv": [ 8.125, 8, 8, 10.75 ], "texture": "#texture" }
			}
		},
		{
			"__comment": "Voxels",
			"from": [ -1.28, -11.2, 6.72 ],
			"to": [ -0.96, 3.2, 7.04 ],
			"faces": {
				"down": { "uv": [ 0.625, 10, 0.75, 10.125 ], "texture": "#texture", "cullface": "west" },
				"up": { "uv": [ 0.5, 10.125, 0.625, 10 ], "texture": "#texture", "cullface": "west" },
				"north": { "uv": [ 3.875, 10.375, 3.75, 16 ], "texture": "#texture", "cullface": "west" },
				"west": { "uv": [ 4.875, 10.375, 5, 16 ], "texture": "#texture", "cullface": "west" },
				"east": { "uv": [ 5.375, 10.375, 5.25, 16 ], "texture": "#texture", "cullface": "west" }
			}
		},
		{
			"__comment": "Voxels",
			"from": [ -1.28, -11.2, 7.68 ],
			"to": [ -0.96, 3.2, 8 ],
			"faces": {
				"down": { "uv": [ 0.375, 8.125, 0.5, 8.25 ], "texture": "#texture", "cullface": "west" },
				"up": { "uv": [ 0.25, 8.375, 0.375, 8.25 ], "texture": "#texture", "cullface": "west" },
				"south": { "uv": [ 4.75, 10.375, 4.875, 16 ], "texture": "#texture", "cullface": "west" },
				"west": { "uv": [ 4.625, 10.375, 4.75, 16 ], "texture": "#texture", "cullface": "west" },
				"east": { "uv": [ 5.75, 10.375, 5.625, 16 ], "texture": "#texture", "cullface": "west" }
			}
		},
		{
			"__comment": "Voxels",
			"from": [ -1.28, -10.88, 0.64 ],
			"to": [ -0.96, 2.879999, 0.96 ],
			"faces": {
				"down": { "uv": [ 0.375, 8.5, 0.5, 8.625 ], "texture": "#texture", "cullface": "west" },
				"up": { "uv": [ 0.25, 8.625, 0.375, 8.5 ], "texture": "#texture", "cullface": "west" },
				"north": { "uv": [ 7.125, 10.625, 7, 16 ], "texture": "#texture", "cullface": "west" },
				"west": { "uv": [ 6.875, 10.625, 7, 16 ], "texture": "#texture", "cullface": "west" },
				"east": { "uv": [ 7.375, 10.625, 7.25, 16 ], "texture": "#texture", "cullface": "west" }
			}
		},
		{
			"__comment": "Voxels",
			"from": [ -1.28, -10.88, 2.24 ],
			"to": [ -0.96, 2.879999, 2.56 ],
			"faces": {
				"down": { "uv": [ 0.375, 8.625, 0.5, 8.75 ], "texture": "#texture", "cullface": "west" },
				"up": { "uv": [ 0.25, 8.875, 0.375, 8.75 ], "texture": "#texture", "cullface": "west" },
				"south": { "uv": [ 7.5, 10.625, 7.625, 16 ], "texture": "#texture", "cullface": "west" },
				"west": { "uv": [ 7.625, 10.625, 7.75, 16 ], "texture": "#texture", "cullface": "west" },
				"east": { "uv": [ 7.875, 10.625, 7.75, 16 ], "texture": "#texture", "cullface": "west" }
			}
		},
		{
			"__comment": "Voxels",
			"from": [ -1.28, -10.88, 3.52 ],
			"to": [ -0.96, -4.48, 3.84 ],
			"faces": {
				"down": { "uv": [ 0.375, 8.875, 0.5, 9 ], "texture": "#texture" },
				"up": { "uv": [ 0.25, 9, 0.375, 8.875 ], "texture": "#texture" },
				"north": { "uv": [ 6.25, 8.125, 6.125, 10.625 ], "texture": "#texture" },
				"west": { "uv": [ 5.875, 8, 6, 10.5 ], "texture": "#texture" },
				"east": { "uv": [ 5.875, 8, 5.75, 10.5 ], "texture": "#texture" }
			}
		},
		{
			"__comment": "Voxels",
			"from": [ -1.28, -10.88, 5.12 ],
			"to": [ -0.96, -4.48, 5.44 ],
			"faces": {
				"down": { "uv": [ 0.375, 9, 0.5, 9.125 ], "texture": "#texture" },
				"up": { "uv": [ 0.25, 9.25, 0.375, 9.125 ], "texture": "#texture" },
				"south": { "uv": [ 1.25, 8, 1.375, 10.5 ], "texture": "#texture" },
				"west": { "uv": [ 1.125, 8, 1.25, 10.5 ], "texture": "#texture" },
				"east": { "uv": [ 1.125, 8, 1, 10.5 ], "texture": "#texture" }
			}
		},
		{
			"__comment": "Voxels",
			"from": [ -1.28, -10.88, 6.4 ],
			"to": [ -0.96, 2.879999, 6.72 ],
			"faces": {
				"down": { "uv": [ 0.375, 9.25, 0.5, 9.375 ], "texture": "#texture", "cullface": "west" },
				"up": { "uv": [ 0.25, 9.375, 0.375, 9.25 ], "texture": "#texture", "cullface": "west" },
				"north": { "uv": [ 8, 10.625, 7.875, 16 ], "texture": "#texture", "cullface": "west" },
				"west": { "uv": [ 6.125, 10.625, 6.25, 16 ], "texture": "#texture", "cullface": "west" },
				"east": { "uv": [ 6.375, 10.625, 6.25, 16 ], "texture": "#texture", "cullface": "west" }
			}
		},
		{
			"__comment": "Voxels",
			"from": [ -1.28, -10.88, 8 ],
			"to": [ -0.96, 2.879999, 8.32 ],
			"faces": {
				"down": { "uv": [ 0.375, 9.375, 0.5, 9.5 ], "texture": "#texture", "cullface": "west" },
				"up": { "uv": [ 0.25, 9.75, 0.375, 9.625 ], "texture": "#texture", "cullface": "west" },
				"south": { "uv": [ 6.5, 10.625, 6.625, 16 ], "texture": "#texture", "cullface": "west" },
				"west": { "uv": [ 6.625, 10.625, 6.75, 16 ], "texture": "#texture", "cullface": "west" },
				"east": { "uv": [ 6.875, 10.625, 6.75, 16 ], "texture": "#texture", "cullface": "west" }
			}
		},
		{
			"__comment": "Voxels",
			"from": [ -1.28, -3.52, 4.16 ],
			"to": [ -0.96, 9.6, 4.8 ],
			"faces": {
				"down": { "uv": [ 0.125, 8.125, 0.25, 8.375 ], "texture": "#texture", "cullface": "west" },
				"up": { "uv": [ 0.25, 10.125, 0.375, 9.875 ], "texture": "#texture", "cullface": "west" },
				"north": { "uv": [ 9.25, 10.875, 9.125, 16 ], "texture": "#texture", "cullface": "west" },
				"south": { "uv": [ 9, 10.875, 9.125, 16 ], "texture": "#texture", "cullface": "west" },
				"west": { "uv": [ 1.5, 10.875, 1.75, 16 ], "texture": "#texture", "cullface": "west" },
				"east": { "uv": [ 2, 10.875, 1.75, 16 ], "texture": "#texture", "cullface": "west" }
			}
		},
		{
			"__comment": "Voxels",
			"from": [ -1.28, -3.2, 3.84 ],
			"to": [ -0.96, 9.28, 4.16 ],
			"faces": {
				"down": { "uv": [ 0.375, 9.75, 0.5, 9.875 ], "texture": "#texture", "cullface": "west" },
				"up": { "uv": [ 0.25, 9.875, 0.375, 9.75 ], "texture": "#texture", "cullface": "west" },
				"north": { "uv": [ 10.625, 11.125, 10.5, 16 ], "texture": "#texture", "cullface": "west" },
				"west": { "uv": [ 10.25, 11.125, 10.375, 16 ], "texture": "#texture", "cullface": "west" },
				"east": { "uv": [ 11.25, 11.125, 11.125, 16 ], "texture": "#texture", "cullface": "west" }
			}
		},
		{
			"__comment": "Voxels",
			"from": [ -1.28, -3.2, 4.8 ],
			"to": [ -0.96, 9.28, 5.12 ],
			"faces": {
				"down": { "uv": [ 0.5, 9.625, 0.625, 9.75 ], "texture": "#texture", "cullface": "west" },
				"up": { "uv": [ 0.875, 9.875, 1, 9.75 ], "texture": "#texture", "cullface": "west" },
				"south": { "uv": [ 10.375, 11.125, 10.5, 16 ], "texture": "#texture", "cullface": "west" },
				"west": { "uv": [ 10.875, 11.125, 11, 16 ], "texture": "#texture", "cullface": "west" },
				"east": { "uv": [ 10.875, 11.125, 10.75, 16 ], "texture": "#texture", "cullface": "west" }
			}
		},
		{
			"__comment": "Voxels",
			"from": [ -1.28, -2.88, 3.52 ],
			"to": [ -0.96, 8.96, 3.84 ],
			"faces": {
				"down": { "uv": [ 0.75, 9.875, 0.875, 10 ], "texture": "#texture", "cullface": "west" },
				"up": { "uv": [ 0.625, 8.25, 0.75, 8.125 ], "texture": "#texture", "cullface": "west" },
				"north": { "uv": [ 11.625, 11.375, 11.5, 16 ], "texture": "#texture", "cullface": "west" },
				"west": { "uv": [ 11.375, 11.375, 11.5, 16 ], "texture": "#texture", "cullface": "west" },
				"east": { "uv": [ 12, 11.375, 11.875, 16 ], "texture": "#texture", "cullface": "west" }
			}
		},
		{
			"__comment": "Voxels",
			"from": [ -1.28, -2.88, 5.12 ],
			"to": [ -0.96, 8.96, 5.44 ],
			"faces": {
				"down": { "uv": [ 0.5, 8.125, 0.625, 8.25 ], "texture": "#texture", "cullface": "west" },
				"up": { "uv": [ 0.625, 8.5, 0.75, 8.375 ], "texture": "#texture", "cullface": "west" },
				"south": { "uv": [ 12, 11.375, 12.125, 16 ], "texture": "#texture", "cullface": "west" },
				"west": { "uv": [ 12.125, 11.375, 12.25, 16 ], "texture": "#texture", "cullface": "west" },
				"east": { "uv": [ 11.375, 11.375, 11.25, 16 ], "texture": "#texture", "cullface": "west" }
			}
		},
		{
			"__comment": "Voxels",
			"from": [ -1.28, 3.84, 1.28 ],
			"to": [ -0.96, 12.8, 1.92 ],
			"faces": {
				"down": { "uv": [ 0.125, 9.875, 0.25, 10.125 ], "texture": "#texture", "cullface": "west" },
				"up": { "uv": [ 0, 9.875, 0.125, 9.625 ], "texture": "#texture", "cullface": "west" },
				"north": { "uv": [ 13.125, 8.25, 13, 11.75 ], "texture": "#texture", "cullface": "west" },
				"south": { "uv": [ 13.25, 8.25, 13.375, 11.75 ], "texture": "#texture", "cullface": "west" },
				"west": { "uv": [ 2, 8.25, 2.25, 11.75 ], "texture": "#texture", "cullface": "west" },
				"east": { "uv": [ 2.5, 8.25, 2.25, 11.75 ], "texture": "#texture", "cullface": "west" }
			}
		},
		{
			"__comment": "Voxels",
			"from": [ -1.28, 3.84, 7.04 ],
			"to": [ -0.96, 12.8, 7.68 ],
			"faces": {
				"down": { "uv": [ 0.125, 9.625, 0.25, 9.875 ], "texture": "#texture", "cullface": "west" },
				"up": { "uv": [ 0, 9.625, 0.125, 9.375 ], "texture": "#texture", "cullface": "west" },
				"north": { "uv": [ 13.25, 8.25, 13.125, 11.75 ], "texture": "#texture", "cullface": "west" },
				"south": { "uv": [ 13.375, 8.25, 13.5, 11.75 ], "texture": "#texture", "cullface": "west" },
				"west": { "uv": [ 2.75, 8.25, 3, 11.75 ], "texture": "#texture", "cullface": "west" },
				"east": { "uv": [ 2.75, 8.25, 2.5, 11.75 ], "texture": "#texture", "cullface": "west" }
			}
		},
		{
			"__comment": "Voxels",
			"from": [ -1.28, 4.16, 0.96 ],
			"to": [ -0.96, 12.48, 1.28 ],
			"faces": {
				"down": { "uv": [ 0.625, 9.125, 0.75, 9.25 ], "texture": "#texture", "cullface": "west" },
				"up": { "uv": [ 0.5, 9.25, 0.625, 9.125 ], "texture": "#texture", "cullface": "west" },
				"north": { "uv": [ 11.625, 8.125, 11.5, 11.375 ], "texture": "#texture", "cullface": "west" },
				"west": { "uv": [ 13.5, 8.5, 13.625, 11.75 ], "texture": "#texture", "cullface": "west" },
				"east": { "uv": [ 13.75, 8.5, 13.625, 11.75 ], "texture": "#texture", "cullface": "west" }
			}
		},
		{
			"__comment": "Voxels",
			"from": [ -1.28, 4.16, 1.92 ],
			"to": [ -0.96, 12.48, 2.24 ],
			"faces": {
				"down": { "uv": [ 0.625, 8.75, 0.75, 8.875 ], "texture": "#texture", "cullface": "west" },
				"up": { "uv": [ 0.5, 8.5, 0.625, 8.375 ], "texture": "#texture", "cullface": "west" },
				"south": { "uv": [ 11.625, 8.125, 11.75, 11.375 ], "texture": "#texture", "cullface": "west" },
				"west": { "uv": [ 14.375, 8.5, 14.5, 11.75 ], "texture": "#texture", "cullface": "west" },
				"east": { "uv": [ 11.5, 8.125, 11.375, 11.375 ], "texture": "#texture", "cullface": "west" }
			}
		},
		{
			"__comment": "Voxels",
			"from": [ -1.28, 4.16, 6.72 ],
			"to": [ -0.96, 12.48, 7.04 ],
			"faces": {
				"down": { "uv": [ 0.875, 9.875, 1, 10 ], "texture": "#texture", "cullface": "west" },
				"up": { "uv": [ 0.75, 9.875, 0.875, 9.75 ], "texture": "#texture", "cullface": "west" },
				"north": { "uv": [ 14.125, 8.5, 14, 11.75 ], "texture": "#texture", "cullface": "west" },
				"west": { "uv": [ 11.875, 8.125, 12, 11.375 ], "texture": "#texture", "cullface": "west" },
				"east": { "uv": [ 14, 8.5, 13.875, 11.75 ], "texture": "#texture", "cullface": "west" }
			}
		},
		{
			"__comment": "Voxels",
			"from": [ -1.28, 4.16, 7.68 ],
			"to": [ -0.96, 12.48, 8 ],
			"faces": {
				"down": { "uv": [ 0.375, 9.625, 0.5, 9.75 ], "texture": "#texture", "cullface": "west" },
				"up": { "uv": [ 0.25, 9.5, 0.375, 9.375 ], "texture": "#texture", "cullface": "west" },
				"south": { "uv": [ 12.125, 8.125, 12.25, 11.375 ], "texture": "#texture", "cullface": "west" },
				"west": { "uv": [ 12, 8.125, 12.125, 11.375 ], "texture": "#texture", "cullface": "west" },
				"east": { "uv": [ 14.375, 8.5, 14.25, 11.75 ], "texture": "#texture", "cullface": "west" }
			}
		},
		{
			"__comment": "Voxels",
			"from": [ -1.28, 4.48, 0.64 ],
			"to": [ -0.96, 12.16, 0.96 ],
			"faces": {
				"down": { "uv": [ 0.375, 9.125, 0.5, 9.25 ], "texture": "#texture", "cullface": "west" },
				"up": { "uv": [ 0.25, 9.125, 0.375, 9 ], "texture": "#texture", "cullface": "west" },
				"north": { "uv": [ 9.375, 8, 9.25, 11 ], "texture": "#texture", "cullface": "west" },
				"west": { "uv": [ 9.5, 8, 9.625, 11 ], "texture": "#texture", "cullface": "west" },
				"east": { "uv": [ 9.75, 8, 9.625, 11 ], "texture": "#texture", "cullface": "west" }
			}
		},
		{
			"__comment": "Voxels",
			"from": [ -1.28, 4.48, 2.24 ],
			"to": [ -0.96, 12.16, 2.56 ],
			"faces": {
				"down": { "uv": [ 0.375, 8.75, 0.5, 8.875 ], "texture": "#texture", "cullface": "west" },
				"up": { "uv": [ 0.25, 8.75, 0.375, 8.625 ], "texture": "#texture", "cullface": "west" },
				"south": { "uv": [ 9.875, 8, 10, 11 ], "texture": "#texture", "cullface": "west" },
				"west": { "uv": [ 14.625, 8.75, 14.75, 11.75 ], "texture": "#texture", "cullface": "west" },
				"east": { "uv": [ 10.125, 8, 10, 11 ], "texture": "#texture", "cullface": "west" }
			}
		},
		{
			"__comment": "Voxels",
			"from": [ -1.28, 4.48, 6.4 ],
			"to": [ -0.96, 12.16, 6.72 ],
			"faces": {
				"down": { "uv": [ 0.375, 8.25, 0.5, 8.375 ], "texture": "#texture", "cullface": "west" },
				"up": { "uv": [ 0.25, 8.25, 0.375, 8.125 ], "texture": "#texture", "cullface": "west" },
				"north": { "uv": [ 10.25, 8, 10.125, 11 ], "texture": "#texture", "cullface": "west" },
				"west": { "uv": [ 10.5, 8.125, 10.625, 11.125 ], "texture": "#texture", "cullface": "west" },
				"east": { "uv": [ 10.75, 8.125, 10.625, 11.125 ], "texture": "#texture", "cullface": "west" }
			}
		},
		{
			"__comment": "Voxels",
			"from": [ -1.28, 4.48, 8 ],
			"to": [ -0.96, 12.16, 8.32 ],
			"faces": {
				"down": { "uv": [ 0.625, 9.875, 0.75, 10 ], "texture": "#texture", "cullface": "west" },
				"up": { "uv": [ 0.625, 9.75, 0.75, 9.625 ], "texture": "#texture", "cullface": "west" },
				"south": { "uv": [ 10.875, 8.125, 11, 11.125 ], "texture": "#texture", "cullface": "west" },
				"west": { "uv": [ 10.375, 8.125, 10.5, 11.125 ], "texture": "#texture", "cullface": "west" },
				"east": { "uv": [ 11.125, 8.125, 11, 11.125 ], "texture": "#texture", "cullface": "west" }
			}
		},
		{
			"__comment": "Voxels",
			"from": [ -1.28, 9.92, 4.16 ],
			"to": [ -0.96, 24, 4.8 ],
			"faces": {
				"down": { "uv": [ 0, 9.125, 0.125, 9.375 ], "texture": "#texture", "cullface": "west" },
				"up": { "uv": [ 0.125, 9.375, 0.25, 9.125 ], "texture": "#texture", "cullface": "west" },
				"north": { "uv": [ 5.875, 10.5, 5.75, 16 ], "texture": "#texture", "cullface": "west" },
				"south": { "uv": [ 5.875, 10.5, 6, 16 ], "texture": "#texture", "cullface": "west" },
				"west": { "uv": [ 1, 10.5, 1.25, 16 ], "texture": "#texture", "cullface": "west" },
				"east": { "uv": [ 1.5, 10.5, 1.25, 16 ], "texture": "#texture", "cullface": "west" }
			}
		},
		{
			"__comment": "Voxels",
			"from": [ -1.28, 10.24, 3.84 ],
			"to": [ -0.96, 23.68, 4.16 ],
			"faces": {
				"down": { "uv": [ 0.5, 8.5, 0.625, 8.625 ], "texture": "#texture", "cullface": "west" },
				"up": { "uv": [ 0.625, 8.625, 0.75, 8.5 ], "texture": "#texture", "cullface": "west" },
				"north": { "uv": [ 8.75, 10.75, 8.625, 16 ], "texture": "#texture", "cullface": "west" },
				"west": { "uv": [ 8.25, 10.75, 8.375, 16 ], "texture": "#texture", "cullface": "west" },
				"east": { "uv": [ 8.5, 10.75, 8.375, 16 ], "texture": "#texture", "cullface": "west" }
			}
		},
		{
			"__comment": "Voxels",
			"from": [ -1.28, 10.24, 4.8 ],
			"to": [ -0.96, 23.68, 5.12 ],
			"faces": {
				"down": { "uv": [ 0.5, 8, 0.625, 8.125 ], "texture": "#texture", "cullface": "west" },
				"up": { "uv": [ 0.625, 8.125, 0.75, 8 ], "texture": "#texture", "cullface": "west" },
				"south": { "uv": [ 8, 10.75, 8.125, 16 ], "texture": "#texture", "cullface": "west" },
				"west": { "uv": [ 8.75, 10.75, 8.875, 16 ], "texture": "#texture", "cullface": "west" },
				"east": { "uv": [ 8.25, 10.75, 8.125, 16 ], "texture": "#texture", "cullface": "west" }
			}
		},
		{
			"__comment": "Voxels",
			"from": [ -1.28, 10.56, 3.52 ],
			"to": [ -0.96, 23.36, 3.84 ],
			"faces": {
				"down": { "uv": [ 0, 8, 0.125, 8.125 ], "texture": "#texture", "cullface": "west" },
				"up": { "uv": [ 0.125, 8.125, 0.25, 8 ], "texture": "#texture", "cullface": "west" },
				"north": { "uv": [ 9.875, 11, 9.75, 16 ], "texture": "#texture", "cullface": "west" },
				"west": { "uv": [ 10, 11, 10.125, 16 ], "texture": "#texture", "cullface": "west" },
				"east": { "uv": [ 10.25, 11, 10.125, 16 ], "texture": "#texture", "cullface": "west" }
			}
		},
		{
			"__comment": "Voxels",
			"from": [ -1.28, 10.56, 5.12 ],
			"to": [ -0.96, 23.36, 5.44 ],
			"faces": {
				"down": { "uv": [ 0.25, 9.5, 0.375, 9.625 ], "texture": "#texture", "cullface": "west" },
				"up": { "uv": [ 0.375, 9.625, 0.5, 9.5 ], "texture": "#texture", "cullface": "west" },
				"south": { "uv": [ 9.5, 11, 9.625, 16 ], "texture": "#texture", "cullface": "west" },
				"west": { "uv": [ 9.375, 11, 9.5, 16 ], "texture": "#texture", "cullface": "west" },
				"east": { "uv": [ 9.375, 11, 9.25, 16 ], "texture": "#texture", "cullface": "west" }
			}
		},
		{
			"__comment": "Voxels",
			"from": [ -1.28, 13.12, 1.28 ],
			"to": [ -0.96, 24, 1.92 ],
			"faces": {
				"down": { "uv": [ 0.125, 8.625, 0.25, 8.875 ], "texture": "#texture", "cullface": "west" },
				"up": { "uv": [ 0, 8.625, 0.125, 8.375 ], "texture": "#texture", "cullface": "west" },
				"north": { "uv": [ 12.375, 11.75, 12.25, 16 ], "texture": "#texture", "cullface": "west" },
				"south": { "uv": [ 12.625, 11.75, 12.75, 16 ], "texture": "#texture", "cullface": "west" },
				"west": { "uv": [ 2, 11.75, 2.25, 16 ], "texture": "#texture", "cullface": "west" },
				"east": { "uv": [ 2.75, 11.75, 2.5, 16 ], "texture": "#texture", "cullface": "west" }
			}
		},
		{
			"__comment": "Voxels",
			"from": [ -1.28, 13.12, 7.04 ],
			"to": [ -0.96, 24, 7.68 ],
			"faces": {
				"down": { "uv": [ 0.375, 9.875, 0.5, 10.125 ], "texture": "#texture", "cullface": "west" },
				"up": { "uv": [ 0, 10.125, 0.125, 9.875 ], "texture": "#texture", "cullface": "west" },
				"north": { "uv": [ 12.5, 11.75, 12.375, 16 ], "texture": "#texture", "cullface": "west" },
				"south": { "uv": [ 12.5, 11.75, 12.625, 16 ], "texture": "#texture", "cullface": "west" },
				"west": { "uv": [ 2.25, 11.75, 2.5, 16 ], "texture": "#texture", "cullface": "west" },
				"east": { "uv": [ 3, 11.75, 2.75, 16 ], "texture": "#texture", "cullface": "west" }
			}
		},
		{
			"__comment": "Voxels",
			"from": [ -1.28, 13.44, 0.96 ],
			"to": [ -0.96, 23.68, 1.28 ],
			"faces": {
				"down": { "uv": [ 0.25, 8.375, 0.375, 8.5 ], "texture": "#texture", "cullface": "west" },
				"up": { "uv": [ 0.375, 8.5, 0.5, 8.375 ], "texture": "#texture", "cullface": "west" },
				"north": { "uv": [ 13.125, 12, 13, 16 ], "texture": "#texture", "cullface": "west" },
				"west": { "uv": [ 13.25, 12, 13.375, 16 ], "texture": "#texture", "cullface": "west" },
				"east": { "uv": [ 13.5, 12, 13.375, 16 ], "texture": "#texture", "cullface": "west" }
			}
		},
		{
			"__comment": "Voxels",
			"from": [ -1.28, 13.44, 1.92 ],
			"to": [ -0.96, 23.68, 2.24 ],
			"faces": {
				"down": { "uv": [ 0.25, 8, 0.375, 8.125 ], "texture": "#texture", "cullface": "west" },
				"up": { "uv": [ 0.375, 8.125, 0.5, 8 ], "texture": "#texture", "cullface": "west" },
				"south": { "uv": [ 13.625, 12, 13.75, 16 ], "texture": "#texture", "cullface": "west" },
				"west": { "uv": [ 13.75, 12, 13.875, 16 ], "texture": "#texture", "cullface": "west" },
				"east": { "uv": [ 14, 12, 13.875, 16 ], "texture": "#texture", "cullface": "west" }
			}
		},
		{
			"__comment": "Voxels",
			"from": [ -1.28, 13.44, 6.72 ],
			"to": [ -0.96, 23.68, 7.04 ],
			"faces": {
				"down": { "uv": [ 0.5, 9.75, 0.625, 9.875 ], "texture": "#texture", "cullface": "west" },
				"up": { "uv": [ 0.625, 9.875, 0.75, 9.75 ], "texture": "#texture", "cullface": "west" },
				"north": { "uv": [ 13, 12, 12.875, 16 ], "texture": "#texture", "cullface": "west" },
				"west": { "uv": [ 14, 12, 14.125, 16 ], "texture": "#texture", "cullface": "west" },
				"east": { "uv": [ 14.25, 12, 14.125, 16 ], "texture": "#texture", "cullface": "west" }
			}
		},
		{
			"__comment": "Voxels",
			"from": [ -1.28, 13.44, 7.68 ],
			"to": [ -0.96, 23.68, 8 ],
			"faces": {
				"down": { "uv": [ 0.5, 9.375, 0.625, 9.5 ], "texture": "#texture", "cullface": "west" },
				"up": { "uv": [ 0.625, 9.5, 0.75, 9.375 ], "texture": "#texture", "cullface": "west" },
				"south": { "uv": [ 14.375, 12, 14.5, 16 ], "texture": "#texture", "cullface": "west" },
				"west": { "uv": [ 14.5, 12, 14.625, 16 ], "texture": "#texture", "cullface": "west" },
				"east": { "uv": [ 14.75, 12, 14.625, 16 ], "texture": "#texture", "cullface": "west" }
			}
		},
		{
			"__comment": "Voxels",
			"from": [ -1.28, 13.76, 0.64 ],
			"to": [ -0.96, 23.36, 0.96 ],
			"faces": {
				"down": { "uv": [ 0.5, 9, 0.625, 9.125 ], "texture": "#texture", "cullface": "west" },
				"up": { "uv": [ 0.625, 9.125, 0.75, 9 ], "texture": "#texture", "cullface": "west" },
				"north": { "uv": [ 15.125, 12.25, 15, 16 ], "texture": "#texture", "cullface": "west" },
				"west": { "uv": [ 15.25, 12.25, 15.375, 16 ], "texture": "#texture", "cullface": "west" },
				"east": { "uv": [ 15.5, 12.25, 15.375, 16 ], "texture": "#texture", "cullface": "west" }
			}
		},
		{
			"__comment": "Voxels",
			"from": [ -1.28, 13.76, 2.24 ],
			"to": [ -0.96, 23.36, 2.56 ],
			"faces": {
				"down": { "uv": [ 0.5, 8.625, 0.625, 8.75 ], "texture": "#texture", "cullface": "west" },
				"up": { "uv": [ 0.625, 8.75, 0.75, 8.625 ], "texture": "#texture", "cullface": "west" },
				"south": { "uv": [ 15.625, 12.25, 15.75, 16 ], "texture": "#texture", "cullface": "west" },
				"west": { "uv": [ 15.75, 12.25, 15.875, 16 ], "texture": "#texture", "cullface": "west" },
				"east": { "uv": [ 15, 12.25, 14.875, 16 ], "texture": "#texture", "cullface": "west" }
			}
		},
		{
			"__comment": "Voxels",
			"from": [ -1.28, 13.76, 6.4 ],
			"to": [ -0.96, 23.36, 6.72 ],
			"faces": {
				"down": { "uv": [ 0.5, 8.25, 0.625, 8.375 ], "texture": "#texture", "cullface": "west" },
				"up": { "uv": [ 0.625, 8.375, 0.75, 8.25 ], "texture": "#texture", "cullface": "west" },
				"north": { "uv": [ 16, 12.25, 15.875, 16 ], "texture": "#texture", "cullface": "west" },
				"west": { "uv": [ 12.375, 8, 12.5, 11.75 ], "texture": "#texture", "cullface": "west" },
				"east": { "uv": [ 12.625, 8, 12.5, 11.75 ], "texture": "#texture", "cullface": "west" }
			}
		},
		{
			"__comment": "Voxels",
			"from": [ -1.28, 13.76, 8 ],
			"to": [ -0.96, 23.36, 8.32 ],
			"faces": {
				"down": { "uv": [ 0.75, 10, 0.875, 10.125 ], "texture": "#texture", "cullface": "west" },
				"up": { "uv": [ 0.875, 10.125, 1, 10 ], "texture": "#texture", "cullface": "west" },
				"south": { "uv": [ 12.75, 8, 12.875, 11.75 ], "texture": "#texture", "cullface": "west" },
				"west": { "uv": [ 12.875, 8, 13, 11.75 ], "texture": "#texture", "cullface": "west" },
				"east": { "uv": [ 14.875, 12.25, 14.75, 16 ], "texture": "#texture", "cullface": "west" }
			}
		}
	],
	"display": {
		"thirdperson_righthand": {
			"rotation":  [ 90, 90, 0 ],
			"translation":  [ -1.45, 9.0434, 6.2608 ],
			"scale":  [ 1, 0.9304, 1.3 ]
		},
		"thirdperson_lefthand": {
			"rotation":  [ 90, 90, 0 ],
			"translation":  [ -1.45, 9.0434, 6.2608 ],
			"scale":  [ 1, 0.9304, 1.3 ]
		},
		"firstperson_righthand": {
			"rotation":  [ -22, 14, 0 ],
			"translation":  [ 5.5652, 0.6959, 2.7826 ],
			"scale":  [ 0.5, 0.5, 0.5 ]
		},
		"firstperson_lefthand": {
			"rotation":  [ -22, 14, 0 ],
			"scale":  [ 0.5, 0.5, 0.5 ]
		},
		"gui": {
			"rotation":  [ 0, 90, 0 ],
			"translation":  [ 1.3913, 0.6956, 0 ],
			"scale":  [ 0.5, 0.5, 0.5 ]
		},
		"ground": {
			"rotation":  [ 0, 0, 101 ],
			"translation":  [ 0.6956, 0.4343, 2.7828 ],
			"scale":  [ -0.5, -0.5, 0.5 ]
		},
		"fixed": {
			"rotation":  [ 0, 90, 0 ],
			"translation":  [ 2, 1, -8 ],
			"scale":  [ 0.6, 0.6, 0.6 ]
		}
	}
}