{
 "parent": "item/generated",
 "textures": {
 "layer0": "item/diamond_hoe"
 },
 
"overrides": [ 
 {"predicate": {"custom_model_data":1}, "model": "item/ridemodels/tot/totelevator"},
 {"predicate": {"custom_model_data":4}, "model": "item/ridemodels/tot/totdropelev"},
 {"predicate": {"custom_model_data":5}, "model": "item/signmodels/tot/totsigntheday_m"},
 {"predicate": {"custom_model_data":6}, "model": "item/signmodels/tot/totsignthenight_m"},
 {"predicate": {"custom_model_data":7}, "model": "item/signmodels/tot/totsignhollyday_m"},
 {"predicate": {"custom_model_data":8}, "model": "item/signmodels/tot/totsignhollynight_m"},
 {"predicate": {"custom_model_data":9}, "model": "item/signmodels/tot/totsignwoodday_m"},
 {"predicate": {"custom_model_data":10}, "model": "item/signmodels/tot/totsignwoodnight_m"},
 {"predicate": {"custom_model_data":11}, "model": "item/signmodels/tot/totsigntowerday_m"},
 {"predicate": {"custom_model_data":12}, "model": "item/signmodels/tot/totsigntowernight_m"},
 {"predicate": {"custom_model_data":13}, "model": "item/signmodels/tot/totsignhotelday_m"},
 {"predicate": {"custom_model_data":14}, "model": "item/signmodels/tot/totsignhotelnight_m"},
 {"predicate": {"custom_model_data":15}, "model": "item/signmodels/tot/totesign"},
 {"predicate": {"custom_model_data":16}, "model": "item/signmodels/tot/totfesign"},
 {"predicate": {"custom_model_data":17}, "model":
"item/signmodels/tot/totservelevsignhand_m"},
 {"predicate": {"custom_model_data":18}, "model": "item/signmodels/tot/towerelvsign"},
 {"predicate": {"custom_model_data":19}, "model": "item/signmodels/tot/aframeclosedtot"},
 {"predicate": {"custom_model_data":20}, "model": "item/signmodels/tot/aframetechtot"},
 {"predicate": {"custom_model_data":21}, "model": "item/othermodels/tot/tothortondoor1_m"},
 {"predicate": {"custom_model_data":22}, "model": "item/othermodels/tot/tothortondoor2_m"},
 {"predicate": {"custom_model_data":23}, "model": "item/othermodels/tot/tothortondoor3_m"},
 {"predicate": {"custom_model_data":24}, "model": "item/othermodels/tot/totmaindoorl_m"},
 {"predicate": {"custom_model_data":25}, "model": "item/othermodels/tot/totmaindoorr_m"},
 {"predicate": {"custom_model_data":26}, "model": "item/signmodels/tot/servelevsign_m"},
 {"predicate": {"custom_model_data":27}, "model": "item/signmodels/tot/totservelevsignhand_m"},
 {"predicate": {"custom_model_data":28}, "model": "item/othermodels/tot/totpreshowdoor1"},
 {"predicate": {"custom_model_data":29}, "model": "item/othermodels/tot/totpreshowdoor2"},
 {"predicate": {"custom_model_data":30}, "model": "item/othermodels/tot/door5d_m"},
 {"predicate": {"custom_model_data":31}, "model": "item/othermodels/tot/door5e"},
 {"predicate": {"custom_model_data":32}, "model": "item/othermodels/tot/tothallwindow"},
 {"predicate": {"custom_model_data":33}, "model": "item/othermodels/tot/tothallwindow2pt1"},
 {"predicate": {"custom_model_data":34}, "model": "item/othermodels/tot/tothallwindow2pt2"},
 {"predicate": {"custom_model_data":35}, "model": "item/othermodels/tot/tothallwaydoor_m"},
 {"predicate": {"custom_model_data":36}, "model": "item/othermodels/tot/emc2tot_m"},
 {"predicate": {"custom_model_data":37}, "model": "item/othermodels/tot/clock5d_m"},
 {"predicate": {"custom_model_data":38}, "model": "item/othermodels/tot/clock5dbottom_m"},
 {"predicate": {"custom_model_data":39}, "model": "item/othermodels/tot/clock5dhand_m"},
 {"predicate": {"custom_model_data":40}, "model": "item/othermodels/tot/armghost"},
 {"predicate": {"custom_model_data":41}, "model": "item/ridemodels/monorailfront"},
 {"predicate": {"custom_model_data":42}, "model": "item/ridemodels/monorailback"},
 {"predicate": {"custom_model_data":43}, "model": "item/ridemodels/monoraildoorr"},
 {"predicate": {"custom_model_data":44}, "model": "item/othermodels/tot/endspiral"},
 {"predicate": {"custom_model_data":45}, "model": "item/othermodels/tot/endeye"},
 {"predicate": {"custom_model_data":46}, "model": "item/othermodels/tot/enddude"},
 {"predicate": {"custom_model_data":47}, "model": "item/othermodels/tot/endghost"},
 {"predicate": {"custom_model_data":48}, "model": "item/othermodels/tot/endrod"},
 {"predicate": {"custom_model_data":55}, "model": "item/ridemodels/middlecartest"},
 {"predicate": {"custom_model_data":56}, "model": "item/signmodels/rrc/fliptest1"},
 {"predicate": {"custom_model_data":57}, "model": "item/signmodels/rrc/stopsign"},
 {"predicate": {"custom_model_data":58}, "model": "item/signmodels/rrc/vipparking"},
 {"predicate": {"custom_model_data":59}, "model": "item/signmodels/rrc/rrcpalm"},
 {"predicate": {"custom_model_data":60}, "model": "item/signmodels/rrc/rrcbev"},
 {"predicate": {"custom_model_data":61}, "model": "item/signmodels/rrc/rrcparking"},
 {"predicate": {"custom_model_data":62}, "model": "item/signmodels/rrc/rrcconcertpark"},
 {"predicate": {"custom_model_data":63}, "model": "item/signmodels/rrc/rrcvippark"},
 {"predicate": {"custom_model_data":64}, "model": "item/signmodels/rrc/watchopposing"},
 {"predicate": {"custom_model_data":66}, "model": "item/ridemodels/rrcbackcartest"},
 {"predicate": {"custom_model_data":67}, "model": "item/ridemodels/rrcfrontcar"},
 {"predicate": {"custom_model_data":68}, "model": "item/ridemodels/rrcrestraint"},
 {"predicate": {"custom_model_data":70}, "model": "item/signmodels/tot/aframeevent"},
 {"predicate": {"custom_model_data":71}, "model": "item/signmodels/tot/eventarrow"},
 {"predicate": {"custom_model_data":72}, "model": "item/signmodels/rrc/rrctechrehears"},
 {"predicate": {"custom_model_data":100}, "model": "item/othermodels/slinky/mrspell"}

 ]
}