{
	"__comment": "Designed by CapenGoggles with Cubik Studio - https://cubik.studio",
	"textures": {
		"particle": "item/othertextures/clock5dbottom_m",
		"texture": "item/othertextures/clock5dbottom_m"
	},
	"elements": [ 	 
		{
			"__comment": "Voxels",
			"from": [ -3.5, 1.25, 13.5 ],
			"to": [ 0, 1.5, 14.5 ],
			"faces": {
				"down": { "uv": [ 0, 14, 7, 16 ], "texture": "#texture", "cullface": "west" },
				"up": { "uv": [ 7, 16, 14, 14 ], "texture": "#texture", "cullface": "west" },
				"north": { "uv": [ 13, 5.5, 6, 6 ], "texture": "#texture", "cullface": "west" },
				"south": { "uv": [ 6, 5, 13, 5.5 ], "texture": "#texture", "cullface": "west" },
				"west": { "uv": [ 14, 15.5, 16, 16 ], "texture": "#texture", "cullface": "west" },
				"east": { "uv": [ 16, 11, 14, 11.5 ], "texture": "#texture", "cullface": "west" }
			}
		},
		{
			"__comment": "Voxels",
			"from": [ -3.25, 1.25, 13 ],
			"to": [ -0.25, 1.5, 13.5 ],
			"faces": {
				"down": { "uv": [ 0, 10, 6, 11 ], "texture": "#texture", "cullface": "west" },
				"up": { "uv": [ 6, 11, 12, 10 ], "texture": "#texture", "cullface": "west" },
				"north": { "uv": [ 6, 7, 0, 7.5 ], "texture": "#texture", "cullface": "west" },
				"west": { "uv": [ 15, 9, 16, 9.5 ], "texture": "#texture", "cullface": "west" },
				"east": { "uv": [ 16, 9.5, 15, 10 ], "texture": "#texture", "cullface": "west" }
			}
		},
		{
			"__comment": "Voxels",
			"from": [ -3.25, 1.25, 14.5 ],
			"to": [ -0.25, 1.5, 15 ],
			"faces": {
				"down": { "uv": [ 0, 9, 6, 10 ], "texture": "#texture", "cullface": "west" },
				"up": { "uv": [ 0, 9, 6, 8 ], "texture": "#texture", "cullface": "west" },
				"south": { "uv": [ 0, 7.5, 6, 8 ], "texture": "#texture", "cullface": "west" },
				"west": { "uv": [ 5, 1.5, 6, 2 ], "texture": "#texture", "cullface": "west" },
				"east": { "uv": [ 6, 0, 5, 0.5 ], "texture": "#texture", "cullface": "west" }
			}
		},
		{
			"__comment": "Voxels",
			"from": [ -3, 1.25, 12.75 ],
			"to": [ -0.5, 1.5, 13 ],
			"faces": {
				"down": { "uv": [ 6, 4.5, 11, 5 ], "texture": "#texture", "cullface": "west" },
				"up": { "uv": [ 0, 0.5, 5, 0 ], "texture": "#texture", "cullface": "west" },
				"north": { "uv": [ 11, 3, 6, 3.5 ], "texture": "#texture", "cullface": "west" },
				"west": { "uv": [ 5.5, 4.5, 6, 5 ], "texture": "#texture", "cullface": "west" },
				"east": { "uv": [ 6, 5, 5.5, 5.5 ], "texture": "#texture", "cullface": "west" }
			}
		},
		{
			"__comment": "Voxels",
			"from": [ -3, 1.25, 15 ],
			"to": [ -0.5, 1.5, 15.25 ],
			"faces": {
				"down": { "uv": [ 0, 0.5, 5, 1 ], "texture": "#texture", "cullface": "west" },
				"up": { "uv": [ 6, 4.5, 11, 4 ], "texture": "#texture", "cullface": "west" },
				"south": { "uv": [ 0, 1, 5, 1.5 ], "texture": "#texture", "cullface": "west" },
				"west": { "uv": [ 5.5, 2.5, 6, 3 ], "texture": "#texture", "cullface": "west" },
				"east": { "uv": [ 16, 6, 15.5, 6.5 ], "texture": "#texture", "cullface": "west" }
			}
		},
		{
			"__comment": "Voxels",
			"from": [ -2.75, 1.25, 12.5 ],
			"to": [ -0.75, 1.5, 12.75 ],
			"faces": {
				"down": { "uv": [ 12, 10, 16, 10.5 ], "texture": "#texture", "cullface": "west" },
				"up": { "uv": [ 6, 3, 10, 2.5 ], "texture": "#texture", "cullface": "west" },
				"north": { "uv": [ 10, 2, 6, 2.5 ], "texture": "#texture", "cullface": "west" },
				"west": { "uv": [ 15, 6, 15.5, 6.5 ], "texture": "#texture", "cullface": "west" },
				"east": { "uv": [ 16, 7, 15.5, 7.5 ], "texture": "#texture", "cullface": "west" }
			}
		},
		{
			"__comment": "Voxels",
			"from": [ -2.75, 1.25, 15.25 ],
			"to": [ -0.75, 1.5, 15.5 ],
			"faces": {
				"down": { "uv": [ 12, 10.5, 16, 11 ], "texture": "#texture", "cullface": "west" },
				"up": { "uv": [ 6, 1.5, 10, 1 ], "texture": "#texture", "cullface": "west" },
				"south": { "uv": [ 6, 0, 10, 0.5 ], "texture": "#texture", "cullface": "west" },
				"west": { "uv": [ 5.5, 5.5, 6, 6 ], "texture": "#texture", "cullface": "west" },
				"east": { "uv": [ 15.5, 7.5, 15, 8 ], "texture": "#texture", "cullface": "west" }
			}
		},
		{
			"__comment": "Voxels",
			"from": [ -2.25, 1.25, 12.25 ],
			"to": [ -1.25, 1.5, 12.5 ],
			"faces": {
				"down": { "uv": [ 14, 12.5, 16, 13 ], "texture": "#texture", "cullface": "west" },
				"up": { "uv": [ 14, 14, 16, 13.5 ], "texture": "#texture", "cullface": "west" },
				"north": { "uv": [ 16, 11.5, 14, 12 ], "texture": "#texture", "cullface": "west" },
				"west": { "uv": [ 15, 8.5, 15.5, 9 ], "texture": "#texture", "cullface": "west" },
				"east": { "uv": [ 16, 8.5, 15.5, 9 ], "texture": "#texture", "cullface": "west" }
			}
		},
		{
			"__comment": "Voxels",
			"from": [ -2.25, 1.25, 15.5 ],
			"to": [ -1.25, 1.5, 15.75 ],
			"faces": {
				"down": { "uv": [ 14, 13, 16, 13.5 ], "texture": "#texture", "cullface": "west" },
				"up": { "uv": [ 14, 15.5, 16, 15 ], "texture": "#texture", "cullface": "west" },
				"south": { "uv": [ 14, 14, 16, 14.5 ], "texture": "#texture", "cullface": "west" },
				"west": { "uv": [ 5.5, 4, 6, 4.5 ], "texture": "#texture", "cullface": "west" },
				"east": { "uv": [ 6, 2, 5.5, 2.5 ], "texture": "#texture", "cullface": "west" }
			}
		},
		{
			"__comment": "Voxels",
			"from": [ 0, 1.25, 13.75 ],
			"to": [ 7, 1.5, 14.25 ],
			"faces": {
				"down": { "uv": [ 0, 13, 14, 14 ], "texture": "#texture" },
				"up": { "uv": [ 0, 13, 14, 12 ], "texture": "#texture" },
				"north": { "uv": [ 14, 11, 0, 11.5 ], "texture": "#texture" },
				"south": { "uv": [ 0, 11.5, 14, 12 ], "texture": "#texture" },
				"east": { "uv": [ 6, 0.5, 5, 1 ], "texture": "#texture" }
			}
		},
		{
			"__comment": "Voxels",
			"from": [ 0.25, 1.25, 13.5 ],
			"to": [ 4.75, 1.5, 13.75 ],
			"faces": {
				"down": { "uv": [ 6, 6, 15, 6.5 ], "texture": "#texture" },
				"up": { "uv": [ 6, 8, 15, 7.5 ], "texture": "#texture" },
				"north": { "uv": [ 15, 8, 6, 8.5 ], "texture": "#texture" },
				"west": { "uv": [ 15.5, 7.5, 16, 8 ], "texture": "#texture" },
				"east": { "uv": [ 15.5, 7, 15, 7.5 ], "texture": "#texture" }
			}
		},
		{
			"__comment": "Voxels",
			"from": [ 0.25, 1.25, 14.25 ],
			"to": [ 4.75, 1.5, 14.5 ],
			"faces": {
				"down": { "uv": [ 6, 9.5, 15, 10 ], "texture": "#texture" },
				"up": { "uv": [ 6, 7, 15, 6.5 ], "texture": "#texture" },
				"south": { "uv": [ 6, 8.5, 15, 9 ], "texture": "#texture" },
				"west": { "uv": [ 15, 5.5, 15.5, 6 ], "texture": "#texture" },
				"east": { "uv": [ 16, 5.5, 15.5, 6 ], "texture": "#texture" }
			}
		},
		{
			"__comment": "Voxels",
			"from": [ 0.5, 1.25, 13.25 ],
			"to": [ 3.25, 1.5, 13.5 ],
			"faces": {
				"down": { "uv": [ 0, 5.5, 5.5, 6 ], "texture": "#texture" },
				"up": { "uv": [ 0, 2.5, 5.5, 2 ], "texture": "#texture" },
				"north": { "uv": [ 5.5, 2.5, 0, 3 ], "texture": "#texture" },
				"west": { "uv": [ 5.5, 3.5, 6, 4 ], "texture": "#texture" },
				"east": { "uv": [ 6, 3, 5.5, 3.5 ], "texture": "#texture" }
			}
		},
		{
			"__comment": "Voxels",
			"from": [ 0.5, 1.25, 14.5 ],
			"to": [ 3.25, 1.5, 14.75 ],
			"faces": {
				"down": { "uv": [ 0, 3.5, 5.5, 4 ], "texture": "#texture" },
				"up": { "uv": [ 0, 4.5, 5.5, 4 ], "texture": "#texture" },
				"south": { "uv": [ 0, 5, 5.5, 5.5 ], "texture": "#texture" },
				"west": { "uv": [ 15, 8, 15.5, 8.5 ], "texture": "#texture" },
				"east": { "uv": [ 16, 8, 15.5, 8.5 ], "texture": "#texture" }
			}
		},
		{
			"__comment": "Voxels",
			"from": [ 0.75, 1.25, 13 ],
			"to": [ 1.75, 1.5, 13.25 ],
			"faces": {
				"down": { "uv": [ 13, 5.5, 15, 6 ], "texture": "#texture" },
				"up": { "uv": [ 13, 5.5, 15, 5 ], "texture": "#texture" },
				"north": { "uv": [ 13, 4.5, 11, 5 ], "texture": "#texture" },
				"west": { "uv": [ 15, 6.5, 15.5, 7 ], "texture": "#texture" },
				"east": { "uv": [ 16, 6.5, 15.5, 7 ], "texture": "#texture" }
			}
		},
		{
			"__comment": "Voxels",
			"from": [ 0.75, 1.25, 14.75 ],
			"to": [ 1.75, 1.5, 15 ],
			"faces": {
				"down": { "uv": [ 11, 4, 13, 4.5 ], "texture": "#texture" },
				"up": { "uv": [ 13, 4.5, 15, 4 ], "texture": "#texture" },
				"south": { "uv": [ 13, 3.5, 15, 4 ], "texture": "#texture" },
				"west": { "uv": [ 15, 5, 15.5, 5.5 ], "texture": "#texture" },
				"east": { "uv": [ 16, 5, 15.5, 5.5 ], "texture": "#texture" }
			}
		}
	],
	"display": {
		"head": {
			"rotation":  [ 90, -90, 180 ],
			"translation":  [ 13.8, -4.173, -18.76 ],
			"scale":  [ 2.3, 2.3, 2.3 ]
		}
	}
}