{
	"__comment": "Designed by MagicWorksMC with Cubik Studio - https://cubik.studio",
	"textures": {
		"particle": "item/othertextures/tothallwindow2",
		"texture": "item/othertextures/tothallwindow2"
	},
	"elements": [ 	 
		{
			"__comment": "Voxels",
			"from": [ 6.5312, -1.25, 7.9688 ],
			"to": [ 12.0312, -0.75, 8.7188 ],
			"faces": {
				"down": { "uv": [ 3.75, 14.375, 6.5, 14.75 ], "texture": "#texture" },
				"up": { "uv": [ 3.75, 14.375, 6.5, 14 ], "texture": "#texture" },
				"north": { "uv": [ 8.625, 13.625, 5.875, 13.875 ], "texture": "#texture" },
				"south": { "uv": [ 3.125, 13.625, 5.875, 13.875 ], "texture": "#texture" },
				"west": { "uv": [ 15.25, 12.625, 15.625, 12.875 ], "texture": "#texture" },
				"east": { "uv": [ 16, 12.625, 15.625, 12.875 ], "texture": "#texture" }
			}
		},
		{
			"__comment": "Voxels",
			"from": [ 6.5312, -0.75, 8.2188 ],
			"to": [ 12.0312, 0, 8.4688 ],
			"faces": {
				"down": { "uv": [ 5.125, 12.75, 7.875, 12.875 ], "texture": "#texture" },
				"up": { "uv": [ 6.5, 14, 9.25, 13.875 ], "texture": "#texture" },
				"north": { "uv": [ 9.25, 14, 6.5, 14.375 ], "texture": "#texture" },
				"south": { "uv": [ 6.5, 14.375, 9.25, 14.75 ], "texture": "#texture" },
				"west": { "uv": [ 3.375, 0, 3.5, 0.375 ], "texture": "#texture" },
				"east": { "uv": [ 3.375, 0, 3.25, 0.375 ], "texture": "#texture" }
			}
		},
		{
			"__comment": "Voxels",
			"from": [ 6.7812, 0, 8.2188 ],
			"to": [ 12.0312, 1.25, 8.4688 ],
			"faces": {
				"down": { "uv": [ 7.5, 13.25, 10.125, 13.375 ], "texture": "#texture" },
				"up": { "uv": [ 7.875, 12.75, 10.5, 12.625 ], "texture": "#texture" },
				"north": { "uv": [ 13.125, 14.75, 10.5, 15.375 ], "texture": "#texture" },
				"south": { "uv": [ 10.5, 15.375, 13.125, 16 ], "texture": "#texture" },
				"west": { "uv": [ 4.875, 2.625, 5, 3.25 ], "texture": "#texture" },
				"east": { "uv": [ 4.875, 0.125, 4.75, 0.75 ], "texture": "#texture" }
			}
		},
		{
			"__comment": "Voxels",
			"from": [ 7.0312, 1.25, 8.2188 ],
			"to": [ 12.0312, 1.75, 8.4688 ],
			"faces": {
				"down": { "uv": [ 10.125, 13.25, 12.625, 13.375 ], "texture": "#texture" },
				"up": { "uv": [ 12.625, 13.375, 15.125, 13.25 ], "texture": "#texture" },
				"north": { "uv": [ 15.125, 13.375, 12.625, 13.625 ], "texture": "#texture" },
				"south": { "uv": [ 10.125, 13.375, 12.625, 13.625 ], "texture": "#texture" },
				"west": { "uv": [ 4, 0, 4.125, 0.25 ], "texture": "#texture" },
				"east": { "uv": [ 4, 0, 3.875, 0.25 ], "texture": "#texture" }
			}
		},
		{
			"__comment": "Voxels",
			"from": [ 7.2812, 1.75, 8.2188 ],
			"to": [ 12.0312, 3.25, 8.4688 ],
			"faces": {
				"down": { "uv": [ 13.5, 12.5, 15.875, 12.625 ], "texture": "#texture" },
				"up": { "uv": [ 11.125, 12.625, 13.5, 12.5 ], "texture": "#texture" },
				"north": { "uv": [ 8.125, 15.25, 5.75, 16 ], "texture": "#texture" },
				"south": { "uv": [ 8.125, 15.25, 10.5, 16 ], "texture": "#texture" },
				"west": { "uv": [ 2.625, 0, 2.75, 0.75 ], "texture": "#texture" },
				"east": { "uv": [ 2.625, 0, 2.5, 0.75 ], "texture": "#texture" }
			}
		},
		{
			"__comment": "Voxels",
			"from": [ 7.2812, 7.25, 8.2188 ],
			"to": [ 12.0312, 8.25, 8.4688 ],
			"faces": {
				"down": { "uv": [ 8.875, 12.375, 11.25, 12.5 ], "texture": "#texture" },
				"up": { "uv": [ 10.5, 12.875, 12.875, 12.75 ], "texture": "#texture" },
				"north": { "uv": [ 8.125, 14.75, 5.75, 15.25 ], "texture": "#texture" },
				"south": { "uv": [ 8.125, 14.75, 10.5, 15.25 ], "texture": "#texture" },
				"west": { "uv": [ 4.875, 1.625, 5, 2.125 ], "texture": "#texture" },
				"east": { "uv": [ 5, 2.125, 4.875, 2.625 ], "texture": "#texture" }
			}
		},
		{
			"__comment": "Voxels",
			"from": [ 7.5312, 3.25, 8.2188 ],
			"to": [ 12.0312, 3.75, 8.4688 ],
			"faces": {
				"down": { "uv": [ 6.125, 12.875, 8.375, 13 ], "texture": "#texture" },
				"up": { "uv": [ 13.5, 12.5, 15.75, 12.375 ], "texture": "#texture" },
				"north": { "uv": [ 8.375, 13, 6.125, 13.25 ], "texture": "#texture" },
				"south": { "uv": [ 8.375, 13, 10.625, 13.25 ], "texture": "#texture" },
				"west": { "uv": [ 6.625, 11.125, 6.75, 11.375 ], "texture": "#texture" },
				"east": { "uv": [ 6.625, 11.125, 6.5, 11.375 ], "texture": "#texture" }
			}
		},
		{
			"__comment": "Voxels",
			"from": [ 7.5312, 8.25, 8.2188 ],
			"to": [ 12.0312, 8.5, 8.4688 ],
			"faces": {
				"down": { "uv": [ 4.125, 12.25, 6.375, 12.375 ], "texture": "#texture" },
				"up": { "uv": [ 6.375, 12.375, 8.625, 12.25 ], "texture": "#texture" },
				"north": { "uv": [ 10.625, 12.875, 8.375, 13 ], "texture": "#texture" },
				"south": { "uv": [ 11.25, 12.375, 13.5, 12.5 ], "texture": "#texture" },
				"west": { "uv": [ 15.875, 11.375, 16, 11.5 ], "texture": "#texture" },
				"east": { "uv": [ 15.625, 11.375, 15.5, 11.5 ], "texture": "#texture" }
			}
		},
		{
			"__comment": "Voxels",
			"from": [ 7.7812, 3.75, 8.2188 ],
			"to": [ 12.0312, 4.5, 8.4688 ],
			"faces": {
				"down": { "uv": [ 6.25, 11.75, 8.375, 11.875 ], "texture": "#texture" },
				"up": { "uv": [ 8.375, 11.875, 10.5, 11.75 ], "texture": "#texture" },
				"north": { "uv": [ 14.625, 14, 12.5, 14.375 ], "texture": "#texture" },
				"south": { "uv": [ 12.5, 14.375, 14.625, 14.75 ], "texture": "#texture" },
				"west": { "uv": [ 5.375, 11, 5.5, 11.375 ], "texture": "#texture" },
				"east": { "uv": [ 3.25, 0, 3.125, 0.375 ], "texture": "#texture" }
			}
		},
		{
			"__comment": "Voxels",
			"from": [ 7.7812, 6, 7.9688 ],
			"to": [ 12.0312, 6.25, 8.2188 ],
			"faces": {
				"down": { "uv": [ 10.5, 11.75, 12.625, 11.875 ], "texture": "#texture" },
				"up": { "uv": [ 12.625, 11.875, 14.75, 11.75 ], "texture": "#texture" },
				"north": { "uv": [ 6.25, 11.625, 4.125, 11.75 ], "texture": "#texture" },
				"south": { "uv": [ 6.25, 11.625, 8.375, 11.75 ], "texture": "#texture" },
				"west": { "uv": [ 6.375, 11, 6.5, 11.125 ], "texture": "#texture" },
				"east": { "uv": [ 15.375, 11.5, 15.25, 11.625 ], "texture": "#texture" }
			}
		},
		{
			"__comment": "Voxels",
			"from": [ 7.7812, 6, 8.4688 ],
			"to": [ 12.0312, 6.25, 8.7188 ],
			"faces": {
				"down": { "uv": [ 4.125, 11.75, 6.25, 11.875 ], "texture": "#texture" },
				"up": { "uv": [ 12.5, 14, 14.625, 13.875 ], "texture": "#texture" },
				"north": { "uv": [ 10.75, 12.25, 8.625, 12.375 ], "texture": "#texture" },
				"south": { "uv": [ 10.75, 12.25, 12.875, 12.375 ], "texture": "#texture" },
				"west": { "uv": [ 4.375, 0, 4.5, 0.125 ], "texture": "#texture" },
				"east": { "uv": [ 13.75, 11.375, 13.625, 11.5 ], "texture": "#texture" }
			}
		},
		{
			"__comment": "Voxels",
			"from": [ 7.7812, 7, 8.2188 ],
			"to": [ 12.0312, 7.25, 8.4688 ],
			"faces": {
				"down": { "uv": [ 12.875, 12.25, 15, 12.375 ], "texture": "#texture" },
				"up": { "uv": [ 4.125, 12.25, 6.25, 12.125 ], "texture": "#texture" },
				"north": { "uv": [ 8.375, 12.125, 6.25, 12.25 ], "texture": "#texture" },
				"south": { "uv": [ 6.25, 12, 8.375, 12.125 ], "texture": "#texture" },
				"west": { "uv": [ 15.125, 11.375, 15.25, 11.5 ], "texture": "#texture" },
				"east": { "uv": [ 4.625, 0, 4.5, 0.125 ], "texture": "#texture" }
			}
		},
		{
			"__comment": "Voxels",
			"from": [ 7.7812, 8.5, 8.2188 ],
			"to": [ 12.0312, 8.75, 8.4688 ],
			"faces": {
				"down": { "uv": [ 8.375, 12, 10.5, 12.125 ], "texture": "#texture" },
				"up": { "uv": [ 8.375, 12, 10.5, 11.875 ], "texture": "#texture" },
				"north": { "uv": [ 12.625, 11.875, 10.5, 12 ], "texture": "#texture" },
				"south": { "uv": [ 12.625, 11.875, 14.75, 12 ], "texture": "#texture" },
				"west": { "uv": [ 15.125, 11.75, 15.25, 11.875 ], "texture": "#texture" },
				"east": { "uv": [ 15.125, 11.75, 15, 11.875 ], "texture": "#texture" }
			}
		},
		{
			"__comment": "Voxels",
			"from": [ 8.031199, 4.5, 8.2188 ],
			"to": [ 12.0312, 7, 8.4688 ],
			"faces": {
				"down": { "uv": [ 10.625, 12.875, 12.625, 13 ], "texture": "#texture" },
				"up": { "uv": [ 12.625, 13, 14.625, 12.875 ], "texture": "#texture" },
				"north": { "uv": [ 5.75, 14.75, 3.75, 16 ], "texture": "#texture" },
				"south": { "uv": [ 1.75, 14.75, 3.75, 16 ], "texture": "#texture" },
				"west": { "uv": [ 15.625, 14.75, 15.75, 16 ], "texture": "#texture" },
				"east": { "uv": [ 15.625, 14.75, 15.5, 16 ], "texture": "#texture" }
			}
		},
		{
			"__comment": "Voxels",
			"from": [ 8.031199, 8.75, 8.2188 ],
			"to": [ 12.0312, 9.25, 8.4688 ],
			"faces": {
				"down": { "uv": [ 8.375, 11.625, 10.375, 11.75 ], "texture": "#texture" },
				"up": { "uv": [ 10.375, 11.75, 12.375, 11.625 ], "texture": "#texture" },
				"north": { "uv": [ 14.625, 13, 12.625, 13.25 ], "texture": "#texture" },
				"south": { "uv": [ 10.625, 13, 12.625, 13.25 ], "texture": "#texture" },
				"west": { "uv": [ 6.75, 11.125, 6.875, 11.375 ], "texture": "#texture" },
				"east": { "uv": [ 7.25, 11.125, 7.125, 11.375 ], "texture": "#texture" }
			}
		},
		{
			"__comment": "Voxels",
			"from": [ 8.281199, 9.25, 8.2188 ],
			"to": [ 12.0312, 9.5, 8.4688 ],
			"faces": {
				"down": { "uv": [ 4.25, 11.5, 6.125, 11.625 ], "texture": "#texture" },
				"up": { "uv": [ 6.125, 11.625, 8, 11.5 ], "texture": "#texture" },
				"north": { "uv": [ 14.25, 11.625, 12.375, 11.75 ], "texture": "#texture" },
				"south": { "uv": [ 8, 11.5, 9.875, 11.625 ], "texture": "#texture" },
				"west": { "uv": [ 15.75, 11.875, 15.875, 12 ], "texture": "#texture" },
				"east": { "uv": [ 16, 11.875, 15.875, 12 ], "texture": "#texture" }
			}
		},
		{
			"__comment": "Voxels",
			"from": [ 8.531199, 9.5, 7.9688 ],
			"to": [ 12.0312, 9.75, 8.7188 ],
			"faces": {
				"down": { "uv": [ 3.125, 13.25, 4.875, 13.625 ], "texture": "#texture" },
				"up": { "uv": [ 13.125, 15.125, 14.875, 14.75 ], "texture": "#texture" },
				"north": { "uv": [ 11.625, 11.5, 9.875, 11.625 ], "texture": "#texture" },
				"south": { "uv": [ 14.25, 11.625, 16, 11.75 ], "texture": "#texture" },
				"west": { "uv": [ 15.125, 13.25, 15.5, 13.375 ], "texture": "#texture" },
				"east": { "uv": [ 15.375, 12.25, 15, 12.375 ], "texture": "#texture" }
			}
		},
		{
			"__comment": "Voxels",
			"from": [ 8.531199, 9.75, 8.2188 ],
			"to": [ 12.0312, 11.5, 8.4688 ],
			"faces": {
				"down": { "uv": [ 13.375, 11.5, 15.125, 11.625 ], "texture": "#texture" },
				"up": { "uv": [ 11.625, 11.625, 13.375, 11.5 ], "texture": "#texture" },
				"north": { "uv": [ 14.875, 15.125, 13.125, 16 ], "texture": "#texture" },
				"south": { "uv": [ 2, 13.875, 3.75, 14.75 ], "texture": "#texture" },
				"west": { "uv": [ 4.375, 0.125, 4.5, 1 ], "texture": "#texture" },
				"east": { "uv": [ 4.125, 0.25, 4, 1.125 ], "texture": "#texture" }
			}
		},
		{
			"__comment": "Voxels",
			"from": [ 8.781199, 6.25, 7.9688 ],
			"to": [ 9.031199, 9.5, 8.2188 ],
			"faces": {
				"down": { "uv": [ 15.625, 11.75, 15.75, 11.875 ], "texture": "#texture" },
				"up": { "uv": [ 15, 11.5, 15.125, 11.375 ], "texture": "#texture" },
				"north": { "uv": [ 4.625, 8.25, 4.5, 9.875 ], "texture": "#texture" },
				"south": { "uv": [ 4.5, 9.875, 4.625, 11.5 ], "texture": "#texture" },
				"west": { "uv": [ 4.375, 1, 4.5, 2.625 ], "texture": "#texture" },
				"east": { "uv": [ 3.125, 0, 3, 1.625 ], "texture": "#texture" }
			}
		},
		{
			"__comment": "Voxels",
			"from": [ 8.781199, 6.25, 8.4688 ],
			"to": [ 9.031199, 9.5, 8.7188 ],
			"faces": {
				"down": { "uv": [ 15.875, 11.75, 16, 11.875 ], "texture": "#texture" },
				"up": { "uv": [ 15.75, 11.875, 15.875, 11.75 ], "texture": "#texture" },
				"north": { "uv": [ 4.625, 6.625, 4.5, 8.25 ], "texture": "#texture" },
				"south": { "uv": [ 4.5, 5, 4.625, 6.625 ], "texture": "#texture" },
				"west": { "uv": [ 4.625, 3.25, 4.75, 4.875 ], "texture": "#texture" },
				"east": { "uv": [ 4.875, 4.875, 4.75, 6.5 ], "texture": "#texture" }
			}
		},
		{
			"__comment": "Voxels",
			"from": [ 8.781199, 9.75, 7.9688 ],
			"to": [ 9.031199, 12.5, 8.2188 ],
			"faces": {
				"down": { "uv": [ 15.375, 11.375, 15.5, 11.5 ], "texture": "#texture" },
				"up": { "uv": [ 14, 11.5, 14.125, 11.375 ], "texture": "#texture" },
				"north": { "uv": [ 5, 4.5, 4.875, 5.875 ], "texture": "#texture" },
				"south": { "uv": [ 4.875, 5.875, 5, 7.25 ], "texture": "#texture" },
				"west": { "uv": [ 4.875, 7.25, 5, 8.625 ], "texture": "#texture" },
				"east": { "uv": [ 5, 8.625, 4.875, 10 ], "texture": "#texture" }
			}
		},
		{
			"__comment": "Voxels",
			"from": [ 8.781199, 9.75, 8.4688 ],
			"to": [ 9.031199, 12.5, 8.7188 ],
			"faces": {
				"down": { "uv": [ 15.625, 11.5, 15.75, 11.625 ], "texture": "#texture" },
				"up": { "uv": [ 15.5, 11.625, 15.625, 11.5 ], "texture": "#texture" },
				"north": { "uv": [ 5, 10, 4.875, 11.375 ], "texture": "#texture" },
				"south": { "uv": [ 4.75, 0.75, 4.875, 2.125 ], "texture": "#texture" },
				"west": { "uv": [ 4.75, 2.125, 4.875, 3.5 ], "texture": "#texture" },
				"east": { "uv": [ 4.875, 3.5, 4.75, 4.875 ], "texture": "#texture" }
			}
		},
		{
			"__comment": "Voxels",
			"from": [ 8.781199, 11.5, 8.2188 ],
			"to": [ 12.0312, 12.5, 8.4688 ],
			"faces": {
				"down": { "uv": [ 4.625, 11.375, 6.25, 11.5 ], "texture": "#texture" },
				"up": { "uv": [ 6.25, 11.5, 7.875, 11.375 ], "texture": "#texture" },
				"north": { "uv": [ 12.5, 14.25, 10.875, 14.75 ], "texture": "#texture" },
				"south": { "uv": [ 9.25, 14.25, 10.875, 14.75 ], "texture": "#texture" },
				"west": { "uv": [ 2.25, 0, 2.375, 0.5 ], "texture": "#texture" },
				"east": { "uv": [ 2.5, 0, 2.375, 0.5 ], "texture": "#texture" }
			}
		},
		{
			"__comment": "Voxels",
			"from": [ 9.031199, 12.5, 8.2188 ],
			"to": [ 12.0312, 13.25, 8.4688 ],
			"faces": {
				"down": { "uv": [ 7.875, 11.375, 9.375, 11.5 ], "texture": "#texture" },
				"up": { "uv": [ 9.375, 11.5, 10.875, 11.375 ], "texture": "#texture" },
				"north": { "uv": [ 4.625, 12.875, 3.125, 13.25 ], "texture": "#texture" },
				"south": { "uv": [ 4.625, 12.875, 6.125, 13.25 ], "texture": "#texture" },
				"west": { "uv": [ 5.625, 11, 5.75, 11.375 ], "texture": "#texture" },
				"east": { "uv": [ 5.625, 11, 5.5, 11.375 ], "texture": "#texture" }
			}
		},
		{
			"__comment": "Voxels",
			"from": [ 9.281199, 13.25, 8.2188 ],
			"to": [ 12.0312, 14, 8.4688 ],
			"faces": {
				"down": { "uv": [ 14.625, 12.875, 16, 13 ], "texture": "#texture" },
				"up": { "uv": [ 14.625, 13.125, 16, 13 ], "texture": "#texture" },
				"north": { "uv": [ 1.375, 0.5, 0, 0.875 ], "texture": "#texture" },
				"south": { "uv": [ 0, 0.875, 1.375, 1.25 ], "texture": "#texture" },
				"west": { "uv": [ 5, 11, 5.125, 11.375 ], "texture": "#texture" },
				"east": { "uv": [ 5, 0.25, 4.875, 0.625 ], "texture": "#texture" }
			}
		},
		{
			"__comment": "Voxels",
			"from": [ 9.281199, 13.5, 7.9688 ],
			"to": [ 12.0312, 14, 8.2188 ],
			"faces": {
				"down": { "uv": [ 14.625, 13.125, 16, 13.25 ], "texture": "#texture" },
				"up": { "uv": [ 14.625, 14, 16, 13.875 ], "texture": "#texture" },
				"north": { "uv": [ 1.375, 0, 0, 0.25 ], "texture": "#texture" },
				"south": { "uv": [ 14.625, 14.25, 16, 14.5 ], "texture": "#texture" },
				"west": { "uv": [ 4.25, 0, 4.375, 0.25 ], "texture": "#texture" },
				"east": { "uv": [ 5, 0, 4.875, 0.25 ], "texture": "#texture" }
			}
		},
		{
			"__comment": "Voxels",
			"from": [ 9.281199, 13.5, 8.4688 ],
			"to": [ 12.0312, 14, 8.7188 ],
			"faces": {
				"down": { "uv": [ 14.625, 14, 16, 14.125 ], "texture": "#texture" },
				"up": { "uv": [ 14.625, 14.25, 16, 14.125 ], "texture": "#texture" },
				"north": { "uv": [ 16, 14.5, 14.625, 14.75 ], "texture": "#texture" },
				"south": { "uv": [ 0, 0.25, 1.375, 0.5 ], "texture": "#texture" },
				"west": { "uv": [ 5.75, 11.125, 5.875, 11.375 ], "texture": "#texture" },
				"east": { "uv": [ 6, 11.125, 5.875, 11.375 ], "texture": "#texture" }
			}
		},
		{
			"__comment": "Voxels",
			"from": [ 11.5312, -0.75, 7.9688 ],
			"to": [ 12.0312, 6, 8.2188 ],
			"faces": {
				"down": { "uv": [ 15.75, 12.375, 16, 12.5 ], "texture": "#texture" },
				"up": { "uv": [ 15.375, 12.375, 15.625, 12.25 ], "texture": "#texture" },
				"north": { "uv": [ 3, 0.375, 2.75, 3.75 ], "texture": "#texture" },
				"south": { "uv": [ 2.75, 3.75, 3, 7.125 ], "texture": "#texture" },
				"west": { "uv": [ 3.125, 2, 3.25, 5.375 ], "texture": "#texture" },
				"east": { "uv": [ 3.5, 9.5, 3.375, 12.875 ], "texture": "#texture" }
			}
		},
		{
			"__comment": "Voxels",
			"from": [ 11.5312, -0.75, 8.4688 ],
			"to": [ 12.0312, 6, 8.7188 ],
			"faces": {
				"down": { "uv": [ 15.625, 12.25, 15.875, 12.375 ], "texture": "#texture" },
				"up": { "uv": [ 14.75, 12.25, 15, 12.125 ], "texture": "#texture" },
				"north": { "uv": [ 3, 7.125, 2.75, 10.5 ], "texture": "#texture" },
				"south": { "uv": [ 2.75, 10.5, 3, 13.875 ], "texture": "#texture" },
				"west": { "uv": [ 3.25, 2, 3.375, 5.375 ], "texture": "#texture" },
				"east": { "uv": [ 3.5, 6.125, 3.375, 9.5 ], "texture": "#texture" }
			}
		},
		{
			"__comment": "Voxels",
			"from": [ 11.5312, 6.25, 7.9688 ],
			"to": [ 12.0312, 9.5, 8.2188 ],
			"faces": {
				"down": { "uv": [ 15.25, 12.125, 15.5, 12.25 ], "texture": "#texture" },
				"up": { "uv": [ 15.5, 12.25, 15.75, 12.125 ], "texture": "#texture" },
				"north": { "uv": [ 3.75, 11, 3.5, 12.625 ], "texture": "#texture" },
				"south": { "uv": [ 3.5, 9.375, 3.75, 11 ], "texture": "#texture" },
				"west": { "uv": [ 4.625, 4.875, 4.75, 6.5 ], "texture": "#texture" },
				"east": { "uv": [ 4.75, 6.5, 4.625, 8.125 ], "texture": "#texture" }
			}
		},
		{
			"__comment": "Voxels",
			"from": [ 11.5312, 6.25, 8.4688 ],
			"to": [ 12.0312, 9.5, 8.7188 ],
			"faces": {
				"down": { "uv": [ 15.75, 12.125, 16, 12.25 ], "texture": "#texture" },
				"up": { "uv": [ 14.75, 12.125, 15, 12 ], "texture": "#texture" },
				"north": { "uv": [ 3.75, 7.75, 3.5, 9.375 ], "texture": "#texture" },
				"south": { "uv": [ 3.125, 0.375, 3.375, 2 ], "texture": "#texture" },
				"west": { "uv": [ 4.75, 8.125, 4.875, 9.75 ], "texture": "#texture" },
				"east": { "uv": [ 4.875, 9.75, 4.75, 11.375 ], "texture": "#texture" }
			}
		},
		{
			"__comment": "Voxels",
			"from": [ 11.5312, 9.75, 7.9688 ],
			"to": [ 12.0312, 13.5, 8.2188 ],
			"faces": {
				"down": { "uv": [ 15, 12, 15.25, 12.125 ], "texture": "#texture" },
				"up": { "uv": [ 15.25, 12.125, 15.5, 12 ], "texture": "#texture" },
				"north": { "uv": [ 3.375, 11, 3.125, 12.875 ], "texture": "#texture" },
				"south": { "uv": [ 3.125, 9.125, 3.375, 11 ], "texture": "#texture" },
				"west": { "uv": [ 4.25, 2.125, 4.375, 4 ], "texture": "#texture" },
				"east": { "uv": [ 4.375, 4, 4.25, 5.875 ], "texture": "#texture" }
			}
		},
		{
			"__comment": "Voxels",
			"from": [ 11.5312, 9.75, 8.4688 ],
			"to": [ 12.0312, 13.5, 8.7188 ],
			"faces": {
				"down": { "uv": [ 15.5, 12, 15.75, 12.125 ], "texture": "#texture" },
				"up": { "uv": [ 15.75, 13.375, 16, 13.25 ], "texture": "#texture" },
				"north": { "uv": [ 3.375, 7.25, 3.125, 9.125 ], "texture": "#texture" },
				"south": { "uv": [ 3.125, 5.375, 3.375, 7.25 ], "texture": "#texture" },
				"west": { "uv": [ 4.125, 2, 4.25, 3.875 ], "texture": "#texture" },
				"east": { "uv": [ 3.875, 0, 3.75, 1.875 ], "texture": "#texture" }
			}
		}
	],
	"display": {
		"thirdperson_righthand": {
			"rotation":  [ 90, 180, 0 ],
			"translation":  [ -6.956, 0, 10 ],
			"scale":  [ 1.6, 1.6, 1.6 ]
		},
		"thirdperson_lefthand": {
			"rotation":  [ 90, 180, 0 ],
			"translation":  [ -5.564, 0, 10 ],
			"scale":  [ 1.6, 1.6, 1.6 ]
		},
		"gui": {
			"translation":  [ 0, 1.3913, 0 ]
		},
		"head": {
			"translation":  [ 11.13, 0, 0 ]
		},
		"ground": {
			"rotation":  [ 91, 0, 0 ]
		}
	}
}