{
	"__comment": "Designed by MagicWorksMC with Cubik Studio - https://cubik.studio",
	"textures": {
		"particle": "item/othertextures/tothallwaydoor_m",
		"texture": "item/othertextures/tothallwaydoor_m"
	},
	"elements": [ 	 
		{
			"__comment": "Voxels",
			"from": [ -10.75, 0, 7.25 ],
			"to": [ 0.5, 25.5, 8.5 ],
			"faces": {
				"down": { "uv": [ 0, 2.9375, 2.8125, 3.25 ], "texture": "#texture" },
				"up": { "uv": [ 0, 2.9375, 2.8125, 2.625 ], "texture": "#texture" },
				"north": { "uv": [ 2.8125, 9.625, 0, 16 ], "texture": "#texture" },
				"south": { "uv": [ 0, 3.25, 2.8125, 9.625 ], "texture": "#texture" },
				"west": { "uv": [ 11.125, 9.625, 11.4375, 16 ], "texture": "#texture" },
				"east": { "uv": [ 11.75, 9.625, 11.4375, 16 ], "texture": "#texture" }
			}
		},
		{
			"__comment": "Voxels",
			"from": [ 0.25, 0, 8.5 ],
			"to": [ 11.5, 25.5, 9 ],
			"faces": {
				"down": { "uv": [ 0, 2.125, 2.8125, 2.25 ], "texture": "#texture", "cullface": "up" },
				"up": { "uv": [ 0, 2.125, 2.8125, 2 ], "texture": "#texture", "cullface": "up" },
				"north": { "uv": [ 5.625, 9.625, 2.8125, 16 ], "texture": "#texture", "cullface": "up" },
				"south": { "uv": [ 2.8125, 3.25, 5.625, 9.625 ], "texture": "#texture", "cullface": "up" },
				"west": { "uv": [ 12.125, 9.625, 12.25, 16 ], "texture": "#texture", "cullface": "up" },
				"east": { "uv": [ 12.375, 9.625, 12.25, 16 ], "texture": "#texture", "cullface": "up" }
			}
		},
		{
			"__comment": "Voxels",
			"from": [ 0.5, 0, 7.75 ],
			"to": [ 11.5, 25.5, 8.5 ],
			"faces": {
				"down": { "uv": [ 0, 2.4375, 2.75, 2.625 ], "texture": "#texture", "cullface": "up" },
				"up": { "uv": [ 0, 2.4375, 2.75, 2.25 ], "texture": "#texture", "cullface": "up" },
				"north": { "uv": [ 8.375, 9.625, 5.625, 16 ], "texture": "#texture", "cullface": "up" },
				"east": { "uv": [ 12.125, 9.625, 11.9375, 16 ], "texture": "#texture", "cullface": "up" }
			}
		}
	],
	"display": {
		"firstperson_righthand": {
			"rotation":  [ -25, 9, 3 ],
			"scale":  [ 0.5, 0.5, 0.5 ]
		},
		"firstperson_lefthand": {
			"rotation":  [ -25, 9, 3 ],
			"scale":  [ 0.5, 0.5, 0.5 ]
		},
		"gui": {
			"rotation":  [ 0, 0, 17 ],
			"translation":  [ 3.4782, -1.389, 0.6956 ],
			"scale":  [ 0.4, 0.4, 0.4 ]
		},
		"head": {
			"translation":  [ 5.566, -25.72, 0 ],
			"scale":  [ 3.25, 3.5, 2.8 ]
		},
		"ground": {
			"rotation":  [ 75, 0, 0 ],
			"scale":  [ 0.5, 0.5, 0.5 ]
		},
		"fixed": {
			"rotation":  [ 0, 0, 180 ],
			"translation":  [ -8.347, 3.4788, 0 ]
		}
	}
}