{
	"__comment": "Designed by MagicWorksMC with Cubik Studio - https://cubik.studio",
	"textures": {
		"particle": "item/otherttextures/totmaindoorl_m",
		"texture": "item/othertextures/totmaindoorl_m"
	},
	"elements": [ 	 
		{
			"__comment": "Voxels",
			"from": [ -10, 0, 7.75 ],
			"to": [ 0.75, 11.5, 8 ],
			"faces": {
				"down": { "uv": [ 11.375, 14.8125, 14.0625, 14.875 ], "texture": "#texture", "cullface": "west" },
				"up": { "uv": [ 11.375, 15.0625, 14.0625, 15 ], "texture": "#texture", "cullface": "west" },
				"north": { "uv": [ 5.3125, 13.125, 2.625, 16 ], "texture": "#texture", "cullface": "west" },
				"south": { "uv": [ 2.625, 10.25, 5.3125, 13.125 ], "texture": "#texture", "cullface": "west" },
				"west": { "uv": [ 8.5, 11.0625, 8.5625, 13.9375 ], "texture": "#texture", "cullface": "west" },
				"east": { "uv": [ 8.5625, 8.1875, 8.5, 11.0625 ], "texture": "#texture", "cullface": "west" }
			}
		},
		{
			"__comment": "Voxels",
			"from": [ -10, 0, 8 ],
			"to": [ 0.75, 0.25, 9 ],
			"faces": {
				"down": { "uv": [ 10.4375, 15.75, 13.125, 16 ], "texture": "#texture", "cullface": "west" },
				"up": { "uv": [ 13.125, 16, 15.8125, 15.75 ], "texture": "#texture", "cullface": "west" },
				"south": { "uv": [ 11.375, 14.9375, 14.0625, 15 ], "texture": "#texture", "cullface": "west" },
				"west": { "uv": [ 7.3125, 8.5, 7.5625, 8.5625 ], "texture": "#texture", "cullface": "west" },
				"east": { "uv": [ 5.3125, 8.125, 5.0625, 8.1875 ], "texture": "#texture", "cullface": "west" }
			}
		},
		{
			"__comment": "Voxels",
			"from": [ -10, 0.25, 8 ],
			"to": [ -9.75, 23.25, 9 ],
			"faces": {
				"up": { "uv": [ 7, 8.3125, 7.0625, 8.0625 ], "texture": "#texture", "cullface": "west" },
				"north": { "uv": [ 10.5, 9.4375, 10.4375, 15.1875 ], "texture": "#texture", "cullface": "west" },
				"south": { "uv": [ 10.5625, 9.4375, 10.625, 15.1875 ], "texture": "#texture", "cullface": "west" },
				"west": { "uv": [ 7.5625, 8.1875, 7.8125, 13.9375 ], "texture": "#texture", "cullface": "west" },
				"east": { "uv": [ 8.0625, 8.1875, 7.8125, 13.9375 ], "texture": "#texture", "cullface": "west" }
			}
		},
		{
			"__comment": "Voxels",
			"from": [ -10, 11.5, 7.75 ],
			"to": [ -1, 23.25, 8 ],
			"faces": {
				"up": { "uv": [ 13.75, 15.125, 16, 15.0625 ], "texture": "#texture", "cullface": "west" },
				"north": { "uv": [ 7.5625, 13.0625, 5.3125, 16 ], "texture": "#texture", "cullface": "west" },
				"south": { "uv": [ 5.3125, 10.125, 7.5625, 13.0625 ], "texture": "#texture", "cullface": "west" },
				"west": { "uv": [ 11.1875, 8.4375, 11.25, 11.375 ], "texture": "#texture", "cullface": "west" },
				"east": { "uv": [ 11.3125, 8.4375, 11.25, 11.375 ], "texture": "#texture", "cullface": "west" }
			}
		},
		{
			"__comment": "Voxels",
			"from": [ -9.75, 0, 7.5 ],
			"to": [ 0.75, 0.25, 7.75 ],
			"faces": {
				"down": { "uv": [ 11.375, 14.5, 14, 14.5625 ], "texture": "#texture", "cullface": "west" },
				"up": { "uv": [ 11.375, 14.5, 14, 14.4375 ], "texture": "#texture", "cullface": "west" },
				"north": { "uv": [ 14, 14.375, 11.375, 14.4375 ], "texture": "#texture", "cullface": "west" },
				"west": { "uv": [ 7.5, 8.4375, 7.5625, 8.5 ], "texture": "#texture", "cullface": "west" },
				"east": { "uv": [ 7.5625, 8.375, 7.5, 8.4375 ], "texture": "#texture", "cullface": "west" }
			}
		},
		{
			"__comment": "Voxels",
			"from": [ -9.75, 0, 9 ],
			"to": [ 0.5, 0.75, 9.25 ],
			"faces": {
				"down": { "uv": [ 11.375, 14.125, 13.9375, 14.1875 ], "texture": "#texture", "cullface": "west" },
				"up": { "uv": [ 11.375, 14.125, 13.9375, 14.0625 ], "texture": "#texture", "cullface": "west" },
				"north": { "uv": [ 13, 15.5625, 10.4375, 15.75 ], "texture": "#texture", "cullface": "west" },
				"south": { "uv": [ 13, 15.5625, 15.5625, 15.75 ], "texture": "#texture", "cullface": "west" },
				"west": { "uv": [ 7.0625, 8.125, 7.125, 8.3125 ], "texture": "#texture", "cullface": "west" },
				"east": { "uv": [ 7.1875, 8.125, 7.125, 8.3125 ], "texture": "#texture", "cullface": "west" }
			}
		},
		{
			"__comment": "Voxels",
			"from": [ -9.75, 0.25, 7.5 ],
			"to": [ 0.5, 0.75, 7.75 ],
			"faces": {
				"up": { "uv": [ 11.375, 14.3125, 13.9375, 14.25 ], "texture": "#texture", "cullface": "west" },
				"north": { "uv": [ 2.5625, 8, 0, 8.125 ], "texture": "#texture", "cullface": "west" },
				"west": { "uv": [ 7.9375, 8.0625, 8, 8.1875 ], "texture": "#texture", "cullface": "west" },
				"east": { "uv": [ 7.9375, 8.0625, 7.875, 8.1875 ], "texture": "#texture", "cullface": "west" }
			}
		},
		{
			"__comment": "Voxels",
			"from": [ -9.75, 0.25, 8.75 ],
			"to": [ 0.75, 15, 9 ],
			"faces": {
				"up": { "uv": [ 11.375, 14.75, 14, 14.6875 ], "texture": "#texture", "cullface": "west" },
				"north": { "uv": [ 2.625, 12.3125, 0, 16 ], "texture": "#texture", "cullface": "west" },
				"south": { "uv": [ 0, 8.625, 2.625, 12.3125 ], "texture": "#texture", "cullface": "west" },
				"east": { "uv": [ 11.3125, 11.375, 11.25, 15.0625 ], "texture": "#texture", "cullface": "west" }
			}
		},
		{
			"__comment": "Voxels",
			"from": [ -9.75, 0.75, 7.5 ],
			"to": [ -9, 23.25, 7.75 ],
			"faces": {
				"up": { "uv": [ 7.375, 8.25, 7.5625, 8.1875 ], "texture": "#texture", "cullface": "west" },
				"north": { "uv": [ 9.125, 10.375, 8.9375, 16 ], "texture": "#texture", "cullface": "west" },
				"south": { "uv": [ 9.5, 10.375, 9.6875, 16 ], "texture": "#texture", "cullface": "west" },
				"west": { "uv": [ 10.6875, 9.5625, 10.75, 15.1875 ], "texture": "#texture", "cullface": "west" },
				"east": { "uv": [ 10.8125, 9.5625, 10.75, 15.1875 ], "texture": "#texture", "cullface": "west" }
			}
		},
		{
			"__comment": "Voxels",
			"from": [ -9.75, 0.75, 9 ],
			"to": [ -9, 23.25, 9.25 ],
			"faces": {
				"up": { "uv": [ 7.5625, 8.1875, 7.75, 8.125 ], "texture": "#texture", "cullface": "west" },
				"north": { "uv": [ 9.5, 10.375, 9.3125, 16 ], "texture": "#texture", "cullface": "west" },
				"south": { "uv": [ 9.125, 10.375, 9.3125, 16 ], "texture": "#texture", "cullface": "west" },
				"west": { "uv": [ 10.8125, 9.5625, 10.875, 15.1875 ], "texture": "#texture", "cullface": "west" },
				"east": { "uv": [ 10.9375, 9.5625, 10.875, 15.1875 ], "texture": "#texture", "cullface": "west" }
			}
		},
		{
			"__comment": "Voxels",
			"from": [ -9.75, 15, 8.75 ],
			"to": [ -3.25, 23.5, 9 ],
			"faces": {
				"up": { "uv": [ 14.0625, 15, 15.6875, 14.9375 ], "texture": "#texture", "cullface": "west" },
				"north": { "uv": [ 6.9375, 8, 5.3125, 10.125 ], "texture": "#texture", "cullface": "west" },
				"south": { "uv": [ 2.625, 8.125, 4.25, 10.25 ], "texture": "#texture", "cullface": "west" },
				"west": { "uv": [ 9.125, 8.25, 9.1875, 10.375 ], "texture": "#texture", "cullface": "west" },
				"east": { "uv": [ 9.25, 8.25, 9.1875, 10.375 ], "texture": "#texture", "cullface": "west" }
			}
		},
		{
			"__comment": "Voxels",
			"from": [ -9.75, 23.25, 7.75 ],
			"to": [ 0.75, 23.5, 8.75 ],
			"faces": {
				"down": { "uv": [ 0, 8.375, 2.625, 8.625 ], "texture": "#texture", "cullface": "up" },
				"up": { "uv": [ 0, 8.375, 2.625, 8.125 ], "texture": "#texture", "cullface": "up" },
				"north": { "uv": [ 14, 14.625, 11.375, 14.6875 ], "texture": "#texture", "cullface": "up" },
				"south": { "uv": [ 11.375, 14.5625, 14, 14.625 ], "texture": "#texture", "cullface": "up" },
				"west": { "uv": [ 5.0625, 8.0625, 5.3125, 8.125 ], "texture": "#texture", "cullface": "up" },
				"east": { "uv": [ 5.3125, 8, 5.0625, 8.0625 ], "texture": "#texture", "cullface": "up" }
			}
		},
		{
			"__comment": "Voxels",
			"from": [ -9, 22.5, 7.5 ],
			"to": [ 0.5, 23.25, 7.75 ],
			"faces": {
				"down": { "uv": [ 11.375, 13.875, 13.75, 13.9375 ], "texture": "#texture", "cullface": "up" },
				"up": { "uv": [ 11.375, 14.0625, 13.75, 14 ], "texture": "#texture", "cullface": "up" },
				"north": { "uv": [ 12.8125, 15.375, 10.4375, 15.5625 ], "texture": "#texture", "cullface": "up" },
				"south": { "uv": [ 12.8125, 15.375, 15.1875, 15.5625 ], "texture": "#texture", "cullface": "up" },
				"east": { "uv": [ 7.3125, 8.125, 7.25, 8.3125 ], "texture": "#texture", "cullface": "up" }
			}
		},
		{
			"__comment": "Voxels",
			"from": [ -9, 22.5, 9 ],
			"to": [ 0.5, 23.25, 9.25 ],
			"faces": {
				"down": { "uv": [ 11.375, 13.8125, 13.75, 13.875 ], "texture": "#texture", "cullface": "up" },
				"up": { "uv": [ 11.375, 14, 13.75, 13.9375 ], "texture": "#texture", "cullface": "up" },
				"north": { "uv": [ 12.8125, 15.1875, 10.4375, 15.375 ], "texture": "#texture", "cullface": "up" },
				"south": { "uv": [ 12.8125, 15.1875, 15.1875, 15.375 ], "texture": "#texture", "cullface": "up" },
				"east": { "uv": [ 7.5625, 8, 7.5, 8.1875 ], "texture": "#texture", "cullface": "up" }
			}
		},
		{
			"__comment": "Voxels",
			"from": [ -6.25, 15, 7.5 ],
			"to": [ -3, 15.5, 7.75 ],
			"faces": {
				"down": { "uv": [ 4.25, 8, 5.0625, 8.0625 ], "texture": "#texture", "cullface": "west" },
				"up": { "uv": [ 15.1875, 15.4375, 16, 15.375 ], "texture": "#texture", "cullface": "west" },
				"north": { "uv": [ 5.0625, 8.0625, 4.25, 8.1875 ], "texture": "#texture", "cullface": "west" },
				"west": { "uv": [ 7.25, 8, 7.3125, 8.125 ], "texture": "#texture", "cullface": "west" },
				"east": { "uv": [ 7.25, 8, 7.1875, 8.125 ], "texture": "#texture", "cullface": "west" }
			}
		},
		{
			"__comment": "Voxels",
			"from": [ -6.25, 15, 9 ],
			"to": [ -3, 15.5, 9.25 ],
			"faces": {
				"down": { "uv": [ 14, 14.6875, 14.8125, 14.75 ], "texture": "#texture", "cullface": "west" },
				"up": { "uv": [ 14.8125, 14.75, 15.625, 14.6875 ], "texture": "#texture", "cullface": "west" },
				"north": { "uv": [ 16, 15.4375, 15.1875, 15.5625 ], "texture": "#texture", "cullface": "west" },
				"south": { "uv": [ 2.625, 8, 3.4375, 8.125 ], "texture": "#texture", "cullface": "west" },
				"west": { "uv": [ 8, 8.0625, 8.0625, 8.1875 ], "texture": "#texture", "cullface": "west" },
				"east": { "uv": [ 7.375, 8, 7.3125, 8.125 ], "texture": "#texture", "cullface": "west" }
			}
		},
		{
			"__comment": "Voxels",
			"from": [ -6.25, 15.5, 7.5 ],
			"to": [ -5.75, 21.25, 7.75 ],
			"faces": {
				"up": { "uv": [ 8.0625, 8.1875, 8.1875, 8.125 ], "texture": "#texture", "cullface": "west" },
				"north": { "uv": [ 7.3125, 8.6875, 7.1875, 10.125 ], "texture": "#texture", "cullface": "west" },
				"west": { "uv": [ 9.3125, 8.9375, 9.375, 10.375 ], "texture": "#texture", "cullface": "west" },
				"east": { "uv": [ 9.4375, 8.9375, 9.375, 10.375 ], "texture": "#texture", "cullface": "west" }
			}
		},
		{
			"__comment": "Voxels",
			"from": [ -6.25, 15.5, 9 ],
			"to": [ -5.75, 21.25, 9.25 ],
			"faces": {
				"up": { "uv": [ 7.6875, 8.125, 7.8125, 8.0625 ], "texture": "#texture", "cullface": "west" },
				"south": { "uv": [ 6.9375, 8.6875, 7.0625, 10.125 ], "texture": "#texture", "cullface": "west" },
				"west": { "uv": [ 9.4375, 8.9375, 9.5, 10.375 ], "texture": "#texture", "cullface": "west" },
				"east": { "uv": [ 9.5625, 8.9375, 9.5, 10.375 ], "texture": "#texture", "cullface": "west" }
			}
		},
		{
			"__comment": "Voxels",
			"from": [ -5.75, 20.75, 7.5 ],
			"to": [ -3, 21.25, 7.75 ],
			"faces": {
				"down": { "uv": [ 14, 14.5625, 14.6875, 14.625 ], "texture": "#texture" },
				"up": { "uv": [ 15.1875, 15.25, 15.875, 15.1875 ], "texture": "#texture" },
				"north": { "uv": [ 15.875, 15.25, 15.1875, 15.375 ], "texture": "#texture" },
				"east": { "uv": [ 7.1875, 8, 7.125, 8.125 ], "texture": "#texture" }
			}
		},
		{
			"__comment": "Voxels",
			"from": [ -5.75, 20.75, 9 ],
			"to": [ -3, 21.25, 9.25 ],
			"faces": {
				"down": { "uv": [ 14, 14.625, 14.6875, 14.6875 ], "texture": "#texture" },
				"up": { "uv": [ 14.6875, 14.6875, 15.375, 14.625 ], "texture": "#texture" },
				"north": { "uv": [ 12.75, 13.6875, 12.0625, 13.8125 ], "texture": "#texture" },
				"south": { "uv": [ 12.75, 13.6875, 13.4375, 13.8125 ], "texture": "#texture" },
				"east": { "uv": [ 2.625, 8, 2.5625, 8.125 ], "texture": "#texture" }
			}
		},
		{
			"__comment": "Voxels",
			"from": [ -4.5, 21.25, 7.5 ],
			"to": [ -4.25, 21.5, 7.75 ],
			"faces": {
				"up": { "uv": [ 7.8125, 8.0625, 7.875, 8 ], "texture": "#texture" },
				"north": { "uv": [ 7.8125, 8.125, 7.75, 8.1875 ], "texture": "#texture" },
				"west": { "uv": [ 6.9375, 8, 7, 8.0625 ], "texture": "#texture" },
				"east": { "uv": [ 7.5625, 8.3125, 7.5, 8.375 ], "texture": "#texture" }
			}
		},
		{
			"__comment": "Voxels",
			"from": [ -3.5, 15.5, 7.5 ],
			"to": [ -3, 20.75, 7.75 ],
			"faces": {
				"north": { "uv": [ 9.0625, 9.0625, 8.9375, 10.375 ], "texture": "#texture", "cullface": "west" },
				"west": { "uv": [ 9.5625, 9.0625, 9.625, 10.375 ], "texture": "#texture", "cullface": "west" },
				"east": { "uv": [ 9.125, 9.0625, 9.0625, 10.375 ], "texture": "#texture", "cullface": "west" }
			}
		},
		{
			"__comment": "Voxels",
			"from": [ -3.5, 15.5, 9 ],
			"to": [ -3, 20.75, 9.25 ],
			"faces": {
				"north": { "uv": [ 8.6875, 8.9375, 8.5625, 10.25 ], "texture": "#texture", "cullface": "west" },
				"south": { "uv": [ 8.75, 8.9375, 8.875, 10.25 ], "texture": "#texture", "cullface": "west" },
				"west": { "uv": [ 8.875, 8.9375, 8.9375, 10.25 ], "texture": "#texture", "cullface": "west" },
				"east": { "uv": [ 8.75, 8.9375, 8.6875, 10.25 ], "texture": "#texture", "cullface": "west" }
			}
		},
		{
			"__comment": "Voxels",
			"from": [ -3.25, 15.25, 8.75 ],
			"to": [ 0.75, 23.5, 9 ],
			"faces": {
				"down": { "uv": [ 14.0625, 14.8125, 15.0625, 14.875 ], "texture": "#texture", "cullface": "west" },
				"up": { "uv": [ 14.0625, 14.9375, 15.0625, 14.875 ], "texture": "#texture", "cullface": "west" },
				"north": { "uv": [ 5.25, 8.1875, 4.25, 10.25 ], "texture": "#texture", "cullface": "west" },
				"south": { "uv": [ 7.5625, 13.9375, 8.5625, 16 ], "texture": "#texture", "cullface": "west" },
				"east": { "uv": [ 5.3125, 8.1875, 5.25, 10.25 ], "texture": "#texture", "cullface": "west" }
			}
		},
		{
			"__comment": "Voxels",
			"from": [ -3, 15, 8.75 ],
			"to": [ 0.75, 15.25, 9 ],
			"faces": {
				"north": { "uv": [ 16, 14.8125, 15.0625, 14.875 ], "texture": "#texture", "cullface": "west" },
				"south": { "uv": [ 15.0625, 14.875, 16, 14.9375 ], "texture": "#texture", "cullface": "west" },
				"west": { "uv": [ 8.125, 8.0625, 8.1875, 8.125 ], "texture": "#texture", "cullface": "west" },
				"east": { "uv": [ 8.125, 8.0625, 8.0625, 8.125 ], "texture": "#texture", "cullface": "west" }
			}
		},
		{
			"__comment": "Voxels",
			"from": [ -1, 11.75, 7.75 ],
			"to": [ 0.75, 23.25, 8 ],
			"faces": {
				"down": { "uv": [ 6.9375, 8.625, 7.375, 8.6875 ], "texture": "#texture", "cullface": "west" },
				"north": { "uv": [ 8.5, 11.0625, 8.0625, 13.9375 ], "texture": "#texture", "cullface": "west" },
				"south": { "uv": [ 8.0625, 8.1875, 8.5, 11.0625 ], "texture": "#texture", "cullface": "west" },
				"east": { "uv": [ 11.375, 9.3125, 11.3125, 12.1875 ], "texture": "#texture", "cullface": "west" }
			}
		},
		{
			"__comment": "Voxels",
			"from": [ -0.75, 11.5, 7.75 ],
			"to": [ 0.75, 11.75, 8 ],
			"faces": {
				"north": { "uv": [ 7.3125, 8.5, 6.9375, 8.5625 ], "texture": "#texture", "cullface": "west" },
				"south": { "uv": [ 6.9375, 8.375, 7.3125, 8.4375 ], "texture": "#texture", "cullface": "west" },
				"west": { "uv": [ 8.0625, 8, 8.125, 8.0625 ], "texture": "#texture", "cullface": "west" },
				"east": { "uv": [ 8.1875, 8, 8.125, 8.0625 ], "texture": "#texture", "cullface": "west" }
			}
		},
		{
			"__comment": "Voxels",
			"from": [ -0.25, 0.75, 7.5 ],
			"to": [ 0.5, 22.5, 7.75 ],
			"faces": {
				"north": { "uv": [ 9.875, 10.5625, 9.6875, 16 ], "texture": "#texture", "cullface": "west" },
				"south": { "uv": [ 10.0625, 10.5625, 10.25, 16 ], "texture": "#texture", "cullface": "west" },
				"west": { "uv": [ 10.9375, 9.75, 11, 15.1875 ], "texture": "#texture", "cullface": "west" },
				"east": { "uv": [ 11.125, 9.75, 11.0625, 15.1875 ], "texture": "#texture", "cullface": "west" }
			}
		},
		{
			"__comment": "Voxels",
			"from": [ -0.25, 0.75, 9 ],
			"to": [ 0.5, 22.5, 9.25 ],
			"faces": {
				"north": { "uv": [ 10.0625, 10.5625, 9.875, 16 ], "texture": "#texture", "cullface": "west" },
				"south": { "uv": [ 10.25, 10.5625, 10.4375, 16 ], "texture": "#texture", "cullface": "west" },
				"west": { "uv": [ 11, 9.75, 11.0625, 15.1875 ], "texture": "#texture", "cullface": "west" },
				"east": { "uv": [ 11.1875, 9.75, 11.125, 15.1875 ], "texture": "#texture", "cullface": "west" }
			}
		},
		{
			"__comment": "Voxels",
			"from": [ 0.5, 0.25, 8 ],
			"to": [ 0.75, 23.25, 8.75 ],
			"faces": {
				"north": { "uv": [ 10.6875, 9.4375, 10.625, 15.1875 ], "texture": "#texture", "cullface": "up" },
				"south": { "uv": [ 10.5, 9.4375, 10.5625, 15.1875 ], "texture": "#texture", "cullface": "up" },
				"west": { "uv": [ 8.75, 10.25, 8.9375, 16 ], "texture": "#texture", "cullface": "up" },
				"east": { "uv": [ 8.75, 10.25, 8.5625, 16 ], "texture": "#texture", "cullface": "up" }
			}
		}
	],
	"display": {
		"firstperson_righthand": {
			"translation":  [ 4.8695, 0.6956, 1.3913 ],
			"scale":  [ 0.5, 0.5, 0.5 ]
		},
		"firstperson_lefthand": {
			"translation":  [ 4.8695, 0.6956, 1.3913 ],
			"scale":  [ 0.5, 0.5, 0.5 ]
		},
		"gui": {
			"rotation":  [ 0, 180, 0 ],
			"translation":  [ -6.26, -1.391, 0 ],
			"scale":  [ 0.5, 0.5, 0.5 ]
		},
		"head": {
			"translation":  [ 37.565, -25.72, 0 ],
			"scale":  [ 3.1, 2.7, 2.7 ]
		},
		"fixed": {
			"translation":  [ 11.826, -4.173, 0 ]
		}
	}
}