{
	"__comment": "Designed by MagicWorksMC with Cubik Studio - https://cubik.studio",
	"textures": {
		"particle": "item/signtextures/eventarrow",
		"texture": "item/signtextures/eventarrow"
	},
	"elements": [ 	 
		{
			"__comment": "PlaneZ2",
			"from": [ 6, 0, 8 ],
			"to": [ 9, 3, 8.001 ],
			"faces": {
				"north": { "uv": [ 0, 0, 16, 16 ], "texture": "#texture" },
				"south": { "uv": [ 12, 15, 13, 15.5 ], "texture": "#texture" }
			}
		}
	],
	"display": {
		"head": {
			"rotation":  [ 20, 0, 0 ],
			"translation":  [ 1.7, 16.217, -3.478 ],
			"scale":  [ 3.5, 3.5, 3.5 ]
		}
	}
}